date,RGDP0000,RGDP0003,RGDP0004,RGDP0005,RGDP0006,RGDP0007,RGDP0008,RGDP0009,RGDP0010,RGDP0011,RGDP0012,RGDP0013,RGDP0014,RGDP0015,RGDP0016,RGDP0017,RTOU0001,RTOU0003,RTOU0005,RTOU0004,RTOU0002,RTOU0000,RTOU1002,RTOU1005,RTOU1006,RTOU1007,RTOU1001,RTOU1003,RTOU1004,RTOU1000,TBBI0000,TBBE0000,TBBE0001,TBBE0002,TNET0000,TEXP1016,TEXP1004,TEXP1015,TEXP1017,TEXP1009,TEXP1008,TEXP1007,TEXP1014,TEXP1005,TEXP1006,TEXP1013,TEXP1012,TEXP1010,TEXP1001,TEXP1011,TEXP1003,TEXP1002,TEXP0000,TDEX0016,TDEX0004,TDEX0015,TDEX0017,TDEX0009,TDEX0008,TDEX0007,TDEX0014,TDEX0005,TDEX0006,TDEX0013,TDEX0012,TDEX0010,TDEX0001,TDEX0011,TDEX0003,TDEX0002,TDEX0000,TDEX2011,TDEX2005,TDEX2008,TDEX2009,TDEX2004,TDEX2007,TDEX2001,TDEX2003,TDEX2002,TDEX2010,TDEX2006,TDEX1000,TDEX1003,TDEX1005,TDEX1001,TDEX1007,TDEX1006,TDEX1002,TDEX1004,TDEX1008,TBBI1039,TBBI1004,TBBI1040,TBBI1030,TBBI1029,TBBI1020,TBBI1037,TBBI1017,TBBI1019,TBBI1035,TBBI1034,TBBI1031,TBBI1001,TBBI1033,TBBI1003,TBBI1002,TBBI1032,TBBI1013,TBBI1014,TBBI1015,TBBI1009,TBBI1010,TBBI1012,TBBI1011,TBBI1016,TBBI1025,TBBI1023,TBBI1022,TBBI1021,TBBI1027,TBBI1024,TBBI1026,TBBI1028,TBBI1006,TBBI1005,TBBI1007,TBBI1008,TBBI1036,TREX1038,TREX1004,TREX1037,TREX1039,TREX1029,TREX1028,TREX1019,TREX1036,TREX1017,TREX1018,TREX1034,TREX1033,TREX1030,TREX1001,TREX1032,TREX1003,TREX1002,TREX1031,TREX1013,TREX1014,TREX1015,TREX1009,TREX1010,TREX1012,TREX1011,TREX1016,TREX1024,TREX1022,TREX1021,TREX1020,TREX1026,TREX1023,TREX1025,TREX1027,TREX1006,TREX1005,TREX1007,TREX1008,TREX0000,TEXP0001,TIMP0001,TEXP0002,TBBI1018,XFOR0000,XFOR0001,XFOR0002,XSTO0000,XSTO0001,XSTO0002,TEXP0003,TBBI1038,TEXP0004,TIMP0004,ROIL0000,UGTR0018,UGTR0010,UGTR0013,UGTR0001,UGTR0020,UGTR0019,UGTR0015,UGTR0016,UGTR0011,UGTR0021,UGTR0014,UGTR0022,UGTR0023,UGTR0024,UGTR0025,UGTR0004,UGTR0007,UGTR0009,UGTR0017,UGTR0012,UGTR0008,UGTR0002,UGTR0003,UGTR0006,UGTR0005,UGTR0026,UGTR0031,UGTR0028,UGTR0029,UGTR0030,UGTR0000,UMBL0000,FSOU0000,FSOU0001,FSOU0002,FSOU0003,FSOU0004,FSOU0005,FSOU0006,FSOU0007,FSOU0008,FSOU0009,FSOU0010,FSOU0011,FSOU0012,FSOU0013,FCAP0000,FCURR0000,FTAX0000,FFIS0000,FTAX0001,FINT00000,FLEN0000,FTAX0002,FTAX0020,FTAX0019,FTAX0021,FTAX0022,FPRI0000,FTAX0009,FTAX0004,FTAX0005,FTAX0008,FTAX0010,FTAX0003,FTAX0007,FTAX0006,FTAX0023,FTAX0011,FTAX0014,FTAX0016,FTAX0015,FTAX0018,FTAX0017,FTAX0012,FTAX0024,FTAX0013,FEXP0000,FGRA0001,FGRA0002,FDEP0000,FDEP0001,FDEP0002,FDEP0003,FDEP0004,FDEP0005,FDEP0006,FDEP0007,FDEP0008,FDEP0009,FDEP0010,FDEP0011,FDEP0012,FDEP0013,FDEP0014,FDEP0015,FDEP0016,FDEP0017,FDEP0018,FDEP0019,FDEP0020,FDEP0021,FDEP0022,FDEP0023,FDEP0024,FDEP0025,FDEP0026,FDEP0027,FLOA0000,FLOA0001,FLOA0002,FLOA0003,FLOA0004,FLOA0005,FLOA0006,FLOA0007,FLOA0008,FLOA0009,FLOA0010,FLOA0011,FLOA0012,FLOA0013,FLOA0014,FLOA0015,FLOA0016,FLOA0017,FLOA0018,FLOA0019,FLOA0020,FLOA0021,FLOA0022,FLOA0023,FLOA0024,FLOA0025,FLOA0026,FLOA0027,FLOA0028,FLOA0029,FLOA0030,FLOA0031,FLOA0032,FLOA0033,FLOA0034,FLOA0035,FLOA0036,FLOA0037,FLOA0038,FLOA0039,FLOA0040,FLOA0041,FLOA0042,FLOA0043,FLOA0044,FLOA0045,FLOA0046,FLOA0047,FLOA0048,FLOA0049,FLOA0050,MRRI0000,MASS0001,MASS0002,MASS0003,MASS0004,MASS0005,MASS0006,MASS0007,MASS0008,MASS0009,MASS0010,MASS0011,MASS0012,MASS0013,MASS0014,MASS0015,MASS0016,MASS0017,MASS0018,MASS0019,MASS0020,MASS0021,MASS0022,MASS0023,MASS0024,MASS0025,MASS0026,MASS0027,MASS0028,MASS0029,MASS0030,MASS0031,MASS0032,MASS0033,MASS0034,MASS0035,MASS0036,MASS0037,MASS0038,MASS0039,MASS0040,MASS0041,MCPI0000,MCPI0013,UNTL1000,UNTL3000,UTNL1001,UTNL1002,UTNL1003,UTNL1004,UTNL1005,UTNL1006,UTNL1007,UTNL1008,UTNL1013,UTNL1009,UTNL1010,UTNL1011,UTNL1012,UTNL3001,UTNL3002,UTNL3003,UTNL3004,UTNL3005,UTNL3006,UTNL3007,UTNL3008,UTNL3013,UTNL3009,UTNL3010,UTNL3011,UTNL3012,UTNL1100,UNTL3100,UNTL1101,UNTL1102,UNTL1103,UNTL1104,UNTL1105,UNTL1106,UNTL1107,UNTL1108,UNTL1113,UNTL1109,UNTL1110,UNTL1111,UNTL1112,UNTL3101,UNTL3102,UNTL3103,UNTL3104,UNTL3105,UNTL3106,UNTL3107,UNTL3108,UNTL3113,UNTL3109,UNTL3110,UNTL3111,UNTL3112,UNTL0000,UNTL0001
2010-01-01,,,,,,,,,,,,,,,,,44.0,84630.0,24066.0,,,108696.0,,,,,,,,48336.0,220230.881,73893.202,32540.46914,41352.73286,-146337.679,17729.787,560.9060000000001,1395.52714,267.312,3.138,2746.936,1741.415,10646.598,1345.107,1805.457,1536.995,2579.112,9.141,1537.298,778.213,7.213,747.779,25481.264,5695.247,514.45,582.49114,267.312,3.138,2357.841,1644.292,8779.266,955.213,1537.031,1164.472,1931.657,4.883,1177.533,693.155,7.213,533.085,20785.641,0.0,0.0,4869.0650000000005,0.0,1517.152,3092.357,4089.44214,1381.948,10.109,1.539,9448.51,8130.347000000001,154.291,50.68,1.082,376.427,855.938,210.657,6041.0160000000005,440.256,65575.303,6121.755,26.238,7931.087,810.6460000000001,1600.084,53263.632,0.24,135.489,441.135,1130.449,0.0,54.663,0.2,1.061,2.572,57440.171,34769.26,16543.479,51312.739,7841.856,5688.286,13530.142,12007.646,76850.527,68492.912,3300.632,9872.814,8991.634,1689.232,2061.541,11231.723,105640.488,33245.798,3710.8,36956.598000000005,783.268,220230.881,12034.54,46.456,813.0360000000001,0.0,0.0,389.095,97.123,1867.332,389.894,268.426,372.523,647.455,4.258,359.765,85.058,0.0,214.694,4695.6230000000005,3279.798,7837.75886,11117.55686,233.5,82.268,315.76800000000003,6571.372,18004.69686,21424.676,29.403,68.16,762.67,48.248,11.927,453.001,22798.084999999995,387.192,142.759,529.951,20.0,41352.73286,2849258.0,1477322.0,32568954.0,6892392.0,1.0438,1.4265736842105263,1.6158157894736842,,,2267.7747368421055,,,29.416182,2.891999,76.16736842105263,,,,,23.0,21.0,,,,,,100.0,,,,69.0,39.0,20.0,88.0,66.0,27.0,19.0,15.0,39.0,53.0,100.0,55.0,,,,48.93333333333333,,,,,,,,,,,,,,,,,,,,,,,,,,,,,,,,,,,,,,,,,,,,,,,,,,2.5,3.5,2.5,2.65,2.5,2.5,2.5,2.75,2.63,7.65,8.7,7.017557257232125,8.54,8.81,3.4,7.0,3.81,6.75,11.35,0.0,1.36,7.0,0.16,0.5,0.49,0.5,0.06,0.5,,,,,,,,,,,,,,,,,,,,,,,,,,,,,,,,,,,,,,,,,,,,,,,,,,,,979779.6583,1112497.09765,1144022.8029800002,0.0,20898.31443,111846.37803,792254.2081200001,0.0,155296.97562,636957.2325,0.0,17334.501070000002,170163.696,31525.705330000004,99147.54755,0.0,33499.12638,70.76542,979779.6583,581799.93466,622411.3332,509791.03133,13472.754319999998,99147.54755,1204211.26786,125284.06200999994,292468.80026,261490.0,26770.5,75000.0,0.0,0.0,-70791.69974000001,0.0,-7811.33504,284657.46522,0.0,-5529.20536,-1595.2611800000002,-194408.87155,-10019.791600000002,52179.72647999992,,,,,,,,,,,,,,,,,,,,,,,,,,,,,,,,,,,,,,,,,,,,,,,,,,,,,,,,,,,,
2010-02-01,,,,,,,,,,,,,,,,,56.0,80364.0,20172.0,,,100536.0,,,,,,,,48585.0,217608.552,56601.36,30063.84502,26537.51498,-161007.19199999998,12121.431,1772.123,2243.586,94.432,71.174,2637.111,1814.961,4137.789,217.05,2679.621,1683.955,2498.467,18.021,1443.797,674.121,282.161,393.119,18480.173,8320.249,1743.013,712.7350200000001,94.432,0.002,1948.969,1742.94,2754.477,147.754,2104.656,1408.451,1833.086,10.25,1167.237,489.348,246.297,55.98,13909.445,0.0,0.78,8187.812,0.0,1261.172,3335.6040000000003,5234.95202,1381.493,11.329,0.7000000000000001,7761.643,2888.36,6.846,83.616,0.611,459.615,1420.055,620.142,13.583,283.892,77320.975,6850.4890000000005,4.83,7015.798,908.674,1656.142,48670.012,142.369,226.779,455.812,997.968,2.516,197.667,44.06,307.685,2.145,53611.829,36825.551,27017.045,63842.596000000005,6159.424,5501.894,11661.318,13949.651,89453.565,48871.573,3600.603,11531.193,10724.309,1980.995,4201.2080000000005,13279.701,94189.582,29108.682,4087.711,33196.393000000004,769.0120000000001,217608.552,3801.182,29.11,1530.85098,0.0,71.172,688.142,72.021,1383.312,69.296,574.965,275.504,665.381,7.771,276.56,184.773,35.864,337.139,4570.728,817.498,7304.071980000001,8121.56998,0.0,6.96,6.96,3420.615,11549.14498,13986.9,55.533,3.092,165.93200000000002,1.747,28.217,184.737,14426.158,334.072,228.14,562.212,0.0,26537.51498,4121676.0,615473.0,91873020.0,62597383.0,1.0572,1.3679947368421053,1.5617631578947369,,,2194.44,,,29.089657,2.83923,73.75210526315789,20.0,,,,24.0,18.0,,,,,,,,,,55.0,32.0,19.0,70.0,51.0,20.0,18.0,14.0,38.0,40.0,78.0,49.0,,,,36.4,,,,,,,,,,,,,,,,,,,,,,,,,,,,,,,,,,,,,,,,,,,,,,,,,,2.5,3.5,2.5,2.5,2.5,2.6,2.5,2.85,2.63,7.65,8.7,7.003482091962909,8.53,8.85,3.33,7.0,3.71,6.5,10.35,0.0,1.29,7.0,0.16,0.5,0.49,0.5,0.11,0.59,,,,,,,,,,,,,,,,,,,,,,,,,,,,,,,,,,,,,,,,,,,,,,,,,,,,989477.19455,1122642.41145,1152885.67794,0.0,8444.36193,173013.48323,753686.3692200001,0.0,155888.25762000002,597798.1116000001,0.0,17334.501070000002,170163.696,30243.26649,99152.98618,0.0,33941.4653,70.76542,989477.1945500004,582971.69573,575481.9359800001,458598.88497,17730.064830000003,99152.98618,1158453.63171,69823.45097999973,246126.00799,213690.0,26770.5,75000.0,0.0,0.0,-69334.49200999999,0.0,-7776.278600000001,238349.72939,0.0,987.5951900000003,-1158.3490300000003,-194408.87155,-8212.603830000002,34265.95080999973,,,,,,,,,,,,,,,,,,,,,,,,,,,,,,,,,,,,,,,,,,,,,,,,,,,,,,,,,,,,
2010-03-01,3207.8202730274343,1102.008891267379,426.76133691377646,186.6921593301351,71.00274630171856,69.64413102010931,396.7144904656301,195.15909210832336,13.344536671338624,,2657.35095105422,16.760006650071613,268.90609219471,550.4693219732144,,460.8267901042422,71.0,94470.0,17569.0,,,112039.0,,,,,,,,51570.0,291347.621,78589.72,41061.7665,37527.9535,-212757.901,14010.78,1521.991,4245.617,61.412,1.876,3533.894,4071.493,10021.357,578.729,3338.702,2351.379,2808.334,26.2,1192.654,803.583,218.155,1290.594,30235.074,3542.828,1187.493,2295.7795,61.412,1.876,2771.808,3808.038,8918.328,339.317,2640.75,1696.306,2365.476,24.163,968.783,713.188,196.705,882.836,25325.698,87.908,0.15,3885.168,0.0,997.067,3598.574,5526.1175,1816.785,17.537,8.25,15452.813,9671.397,33.385,85.215,0.318,318.824,2400.269,482.186,5784.78,566.42,97610.698,12828.034,6.0200000000000005,6693.151,1840.177,4651.273,71634.096,303.813,443.228,1029.171,1155.567,0.0,7.389,37.45,296.185,0.667,81399.01599999999,48060.982,29278.713,77339.695,7590.39,6776.094,14366.484,17852.233,109558.412,77091.051,4435.302,13185.471,13529.991,2344.632,6794.039,20674.826,138055.312,34981.463,7761.693,42743.156,990.741,291347.621,10467.952,334.498,1949.8375,0.0,0.0,762.086,263.455,1103.029,239.412,697.952,655.073,442.858,2.037,223.871,90.395,21.45,407.758,4909.375999999999,1344.109,13706.0265,15050.1355,106.0,40.436,146.436,2571.493,17768.0645,18666.374,15.502,39.232,381.852,7.265000000000001,19.704,165.89600000000002,19295.825,197.783,265.981,463.764,0.3,37527.95350000001,3124995.0,545451.0,53546599.0,37185800.0,1.0229,1.357004347826087,1.5058391304347827,,,2362.243913043478,,,33.839335,4.167841,78.82739130434783,19.0,,,,19.0,31.0,,,,,,,,33.0,,42.0,35.0,22.0,67.0,49.0,18.0,14.0,19.0,33.0,33.0,71.0,45.0,,,,34.375,,,,,,,,,,,,,,,,45.7,840.1,299.00000000000006,-145.10000000000002,347.20000000000005,85.4,-43.4,51.1,35.6,10.5,5.0,51.1,-59.70000000000002,0.0,154.4,0.0,0.0,10.6,125.7,8.3,0.0,299.00000000000006,0.0,45.3,0.0,41.7,55.6,0.0,2.8,347.20000000000005,201.8,842.4000000000001,697.3000000000001,697.3000000000001,2.5,3.5,2.5,2.5,2.5,2.6,2.5,2.85,2.62,7.65,8.7,6.985419348325383,8.53,8.87,3.3,7.0,3.84,6.5,9.92,0.0,1.28,7.0,0.28,0.5,0.51,0.5,0.15,0.75,,,,,,,,,,,,,,,,,,,,,,,,,,,,,,,,,,,,,,,,,,,,,,,,,,,,1034038.8939,1175418.1270100002,1206425.81466,0.0,19832.78785,166572.83608,801524.5256800001,0.0,155711.32962,645813.1960600001,0.0,17334.501070000002,170153.47633,31007.68765,99158.43229,0.0,42150.03540000001,70.76542,1034038.8939000004,597053.92279,542270.61394,426766.37889,16345.802760000002,99158.43229,1139324.5367299998,6127.210539999818,178111.38822999998,197690.0,32526.77807,75000.0,0.0,0.0,-127105.38984,0.0,-4309.24214,173802.14609,0.0,-6201.94245,-1056.91444,-194408.87155,-8404.979570000001,42397.77245999983,,,,,,,,,,,,,,,,,,,,,,,,,,,,,,,,,,,,,,,,,,,,,,,,,,,,,,,,,,,,
2010-04-01,,,,,,,,,,,,,,,,,41.0,69961.0,4979.0,,,74940.0,,,,,,,,41357.0,253661.782,78201.809,45573.18631999999,32628.622680000004,-175459.973,16125.572,813.232,12772.293,135.852,0.0,2376.8,2453.724,9192.536,641.803,2479.192,1572.532,3042.794,27.252,1382.397,1677.673,162.369,778.849,25787.921,9653.70286,550.314,7751.229960000001,135.852,0.0,1869.893,2385.282,8627.178,477.083,2226.176,837.865,2167.446,20.011,1223.091,1465.684,129.969,374.934,21804.612,6669.01,0.02,2334.2490000000003,0.0,1615.44,3583.044,4915.22032,1563.314,56.932,1.92,14411.112,10422.925,28.632,95.947,0.0,474.354,2491.83,860.914,6067.82,403.428,77680.849,6567.2480000000005,49.864,6753.901,1392.226,1603.145,71375.582,457.909,184.14,670.094,1470.185,0.0,116.964,75.423,251.793,0.0,77597.461,37652.546,24912.49,62565.03600000001,5423.476000000001,7253.294,12676.77,13623.263,88865.06900000002,77398.162,4409.238,13409.882,11707.537,2674.532,2720.09,16393.75,128713.191,30189.73,4778.925,34968.655,1114.867,253661.782,6471.869140000001,262.918,5021.06304,0.0,0.0,506.907,68.44200000000001,565.3580000000001,164.72,253.016,734.667,875.3480000000001,7.241,159.306,211.989,32.4,403.915,3983.309,1420.703,10409.31168,11830.01468,165.0,42.778,207.778,3647.539,15685.33168,15453.478,3.618,27.495,431.629,10.992,10.683,243.46,16181.355000000003,423.614,326.322,749.936,12.0,32628.622680000008,3136357.0,635433.0,26198317.0,765682.0,1.0052,1.3416818181818182,1.533209090909091,,,2475.7200000000003,,,33.582796,4.952198,84.81761904761905,,,,,18.0,23.0,,,,,,,,32.0,,44.0,26.0,16.0,56.0,32.0,20.0,13.0,21.0,28.0,29.0,59.0,37.0,,,,30.266666666666666,,,,,,,,,,,,,,,,,,,,,,,,,,,,,,,,,,,,,,,,,,,,,,,,,,2.5,3.5,2.5,2.5,2.5,2.6,2.5,2.85,2.62,7.65,8.7,6.9817320932011695,8.5,8.82,3.26,7.0,3.94,6.5,9.73,0.0,1.15,7.0,0.39,0.5,0.51,0.5,0.16,0.75,,,,,,,,,,,,,,,,,,,,,,,,,,,,,,,,,,,,,,,,,,,,,,,,,,,,1028464.10739,1122385.51762,1154905.88685,0.0,3018.57944,143866.63312,788012.3276600001,0.0,156041.59562,631970.73204,0.0,17334.501070000002,170153.47633,32520.36923,59158.42849,0.0,34684.58670000001,78.39504,1028464.10739,588380.84189,583379.2268200001,507669.99757000007,16550.800760000002,59158.42849,1171760.0687100005,84137.53282999992,242090.48505,244290.0,715.863,75000.0,0.0,0.0,-77915.37795,0.0,-5419.161280000001,236671.32377,0.0,3384.45911,-1092.26395,-194408.87155,-8369.64938,47952.53482999991,,,,,,,,,,,,,,,,,,,,,,,,,,,,,,,,,,,,,,,,,,,,,,,,,,,,,,,,,,,,
2010-05-01,,,,,,,,,,,,,,,,,14.0,20873.0,1417.0,,,22290.0,,,,,,,,46813.0,237441.516,85464.001,52257.2125,33206.7885,-151977.515,10754.932,2150.741,23442.646,138.977,121.735,2146.167,1499.605,9137.699,524.146,2075.686,1777.563,2797.218,79.913,1739.464,546.518,424.744,630.794,23379.517000000003,5604.521,2136.157,16982.9375,138.977,0.0,1581.747,1283.049,8006.016,321.885,1804.409,1479.568,2315.511,70.615,1169.434,478.139,424.744,348.283,19283.4,15514.109,0.1,6871.593,0.0,1649.079,2779.971,3586.8665,1580.824,26.963,92.749,12041.083,8113.875,17.786,209.213,0.0,398.32,1082.997,543.6560000000001,5273.785,588.118,79145.57400000001,8154.272,45.019,8637.144,1769.714,2633.836,58936.476,36.027,101.531,789.1080000000001,1191.626,0.199,65.452,38.056,28.953,18.025,65609.003,45323.878,25202.637,70526.515,7245.692,8372.474,15618.166,13868.063,100012.744,56778.932,4188.919,8641.367,12171.256,2203.642,3947.763,15317.734,103249.613,29945.289,3829.136,33774.425,404.734,237441.516,5150.411,14.584,6459.7085,0.0,121.735,564.42,216.556,1131.683,202.261,271.277,297.995,481.707,9.298,570.03,68.379,0.0,282.511,4096.117,2955.015,12504.7645,15459.7795,50.0,27.738,77.738,2763.482,18300.9995,13167.252,38.07,42.626,57.836,9.388,16.726,208.878,13540.776000000002,1218.899,143.999,1362.898,2.115,33206.788499999995,2532516.0,841174.0,71105671.0,31256370.0,1.0403,1.256315,1.466895,,,2319.239,,,33.544138,2.241893,75.94550000000001,,,,,19.0,27.0,,,20.0,,,,,,,38.0,31.0,14.0,47.0,33.0,12.0,14.0,25.0,28.0,30.0,59.0,34.0,,,,28.733333333333334,,,,,,,,,,,,,,,,,,,,,,,,,,,,,,,,,,,,,,,,,,,,,,,,,,2.5,3.5,2.5,2.5,2.5,2.5,2.5,2.75,2.7,7.65,8.7,6.955095552997041,8.3,8.35,3.24,7.0,4.07,6.5,9.54,0.0,1.27,7.0,0.45,0.5,0.5,0.5,0.16,0.75,,,,,,,,,,,,,,,,,,,,,,,,,,,,,,,,,,,,,,,,,,,,,,,,,,,,1006943.20107,1101999.31283,1130742.29128,0.0,9625.67266,115416.93775,789480.5465800001,0.0,157254.05562,632226.4909600001,0.0,17334.501070000002,170141.65477000002,28742.97845,59165.92206,0.0,35804.28274,85.90696000000001,1006943.2010700002,585100.2098099999,545105.32412,468388.6013,17550.800760000002,59165.92206,1130205.53393,64096.410799999685,209317.20825000005,201390.0,715.863,75000.0,0.0,0.0,-67788.65475,0.0,-4640.2726,204676.93565000003,0.0,285.13774000000024,-1068.11561,-194408.87155,-8333.381180000002,62944.70574999967,,,,,,,,,,,,,,,,,,,,,,,,,,,,,,,,,,,,,,,,,,,,,,,,,,,,,,,,,,,,
2010-06-01,2980.5544589911974,1063.02394210733,380.9570995591087,189.46501185583625,70.36570795266995,78.95467968673697,314.3901440173893,198.0948614351332,10.013790213623466,,2483.8921864492304,8.771660276866228,210.84107114323055,496.66227254196696,,455.6764907432728,11.0,18029.0,1083.0,,,19112.0,,,,,,,,35179.0,263818.99,60509.904,30140.70076,30369.20324,-203309.086,9914.449,1401.679,10536.686,63.288,52.637,2890.82,3551.007,3061.166,689.038,2019.485,1781.732,3072.746,15.578,880.9490000000001,1496.776,227.395,365.234,20051.926000000007,4864.303,1313.358,1557.3307600000007,63.288,0.1,2337.181,3351.217,2299.781,553.237,1810.514,1270.168,2451.862,13.766,777.151,1186.534,200.875,179.989,16432.274999999998,0.0,0.216,4455.0560000000005,0.0,1431.652,3567.213,4920.729760000002,1454.384,27.222,0.714,11336.963,2946.551,7.876,91.412,0.0,268.092,1174.041,755.333,3.947,645.85,91957.238,5694.634,9.75,7561.407,1626.474,2054.181,63522.315,168.346,225.35,649.128,1291.782,0.351,67.982,25.654,209.342,28.067,69868.97200000001,46034.021,24420.171,70454.19200000001,7438.838,7465.854,14904.692,14860.618,100219.502,67086.414,3447.2470000000003,10668.385,13570.1,2604.462,4882.189,16378.538,118637.335,38669.664,5532.54,44202.204000000005,759.9490000000001,263818.99000000005,5050.146,88.321,8979.35524,0.0,52.537,553.639,199.79,761.385,135.80100000000002,208.971,511.564,620.884,1.812,103.798,310.242,26.52,185.245,3619.651,897.179,12154.734239999998,13051.913239999998,150.101,107.013,257.11400000000003,2868.2000000000003,16177.227239999998,11172.919,5.271,17.751,323.809,16.909,19.042,208.299,11764.0,2243.44,136.475,2379.915,48.061,30369.203240000003,4099829.0,607479.0,840182010.0,22426869.0,1.0376,1.2223363636363638,1.4768181818181818,,,2235.2295454545456,,,31.047054,3.129633,74.7609090909091,23.0,,,,23.0,24.0,,10.0,47.0,,,,,30.0,,40.0,22.0,17.0,47.0,33.0,15.0,14.0,33.0,21.0,26.0,57.0,30.0,,,,28.444444444444443,,,,,,,,,,,,,,,,21.805,661.943,207.252,-145.91499999999996,316.40200000000004,173.65,7.2,21.379,0.0,17.12,4.259,21.379,27.73500000000004,0.0,52.237,0.0,0.0,17.863,132.55599999999998,4.596,0.0,207.252,0.0,28.268,0.0,42.767,49.153000000000006,0.0,2.757,316.40200000000004,193.457,690.948,545.033,545.033,2.5,3.5,2.5,2.65,2.5,2.5,2.5,2.75,2.59,7.65,8.7,6.938333372754694,8.29,7.7,3.23,7.0,4.11,6.5,8.92,0.0,1.0,7.0,0.5,0.75,0.48,0.5,0.12,0.75,,,,,,,,,,,,,,,,,,,,,,,,,,,,,,,,,,,,,,,,,,,,,,,,,,,,1005044.13331,1099552.11823,1129571.82372,0.0,14205.35957,226987.08682000003,669221.67346,0.0,158050.9697,511170.70376,0.0,17488.29727,171649.70111000002,30019.70549,59188.0186,0.0,35234.05936,85.90696000000001,1005044.13331,583776.26072,504551.50510000007,425543.6281,19819.8584,59188.0186,1088327.76582,24095.61391000014,222477.57711,234390.0,0.0,75000.0,0.0,0.0,-86912.42289,0.0,-6559.293740000001,215918.28337,0.0,-109.79673999999837,-2236.34771,-196133.71764,-15525.599440000004,22182.792070000105,,,,,,,,,,,,,,,,,,,,,,,,,,,,,,,,,,,,,,,,,,,,,,,,,,,,,,,,,,,,
2010-07-01,,,,,,,,,,,,,,,,,7.0,19500.0,925.0,,,20425.0,,,,,,,,51499.0,246098.41,65772.24299999999,39091.52612,26680.71688,-180326.167,8400.966,806.237,8121.887,18.815,0.004,2685.68,1622.731,11756.657,1059.029,2202.721,3189.365,3731.801,12.24,1328.599,1000.549,474.314,981.471,30045.157000000003,6034.169,805.592,1161.7641199999991,18.815,0.004,1945.522,1557.895,10353.673,563.979,1537.755,2749.022,3046.393,7.535,1088.546,770.7,433.604,587.5120000000001,24642.136,0.0,0.0,3525.625,0.0,1363.282,4194.426,5626.860119999999,1917.88,50.461,0.665,12661.139,9751.187999999998,3.366,80.565,96.9,414.856,1995.319,817.07,5614.204,728.908,86034.389,11562.821,20.676,4609.395,1805.434,3475.507,47303.625,262.062,106.414,466.943,1594.088,0.0,55.387,46.03,206.452,0.404,55322.346,46669.778,27058.345,73728.12299999999,4671.126,8781.439,13452.565,13788.587,100969.275,45967.173,3296.314,16016.202,14240.2,2297.775,5606.964,18740.519,106165.147,34105.165,3901.462,38006.627,957.361,246098.41,2366.797,0.645,6960.122880000001,0.0,0.0,740.158,64.836,1402.984,495.05,664.966,440.343,685.408,4.705,240.053,229.849,40.71,393.959,5403.021,666.524,12213.91788,12880.44188,0.0,12.625,12.625,1831.146,14724.21288,10473.585,21.652,19.104,241.5,10.161,22.533,193.902,10982.437,442.056,531.611,973.667,0.4,26680.716880000004,3363842.0,563911.0,60428348.0,5135892.0,1.0422,1.281057142857143,1.5304095238095237,,,2210.2738095238096,,,31.119467,3.000175,75.58,28.0,,,,22.0,28.0,,,81.0,,,,,30.0,,40.0,23.0,15.0,60.0,40.0,13.0,19.0,61.0,24.0,30.0,59.0,33.0,,,,35.64705882352941,,,,,,,,,,,,,,,,,,,,,,,,,,,,,,,,,,,,,,,,,,,,,,,,,,2.5,3.5,2.5,2.65,2.5,2.5,2.5,2.75,2.73,7.65,8.7,6.940797308441223,8.25,7.76,3.27,7.0,4.11,6.5,8.15,0.0,0.85,7.0,0.65,1.0,0.5,0.5,0.16,0.75,,,,,,,,,,,,,,,,,,,,,,,,,,,,,,,,,,,,,,,,,,,,,,,,,,,,976886.95368,1072660.34108,1112629.66065,0.0,17155.69083,206659.05932,659605.9942000001,0.0,159114.2277,500491.7665000001,0.0,17588.29605,171651.30068,39969.31957,59190.11824000001,0.0,36497.3622,85.90696000000001,976886.9536799998,616554.10238,509804.85154000006,429206.78969000006,21407.94361,59190.11824000001,1126358.9539200002,90281.88200000025,245440.14546,217730.0,26611.18915,75000.0,0.0,0.0,-73901.04369,0.0,-5162.42194,240277.72352,0.0,-5905.381429999999,-1140.6123200000002,-196133.71764,-16426.323689999997,69610.19356000025,,,,,,,,,,,,,,,,,,,,,,,,,,,,,,,,,,,,,,,,,,,,,,,,,,,,,,,,,,,,
2010-08-01,,,,,,,,,,,,,,,,,7.0,19777.0,965.0,,,20742.0,,,,,,,,41882.0,271740.90099999995,69433.548,38161.73026,31271.81774,-202307.35299999997,14290.929,1058.625,7637.323,41.794,1.544,2848.097,3184.038,10475.589,481.919,1583.663,2120.88,3621.453,26.285,621.61,929.519,472.808,690.912,27056.77300000001,5913.19804,1019.351,1527.8473599999995,41.794,1.307,2218.443,2978.804,10005.69,374.995,1401.745,1669.504,3262.903,17.116,557.212,662.925,472.808,306.805,23928.950000000004,0.002,0.084,5107.521,0.0,1416.671,4105.024,4555.79326,991.527,113.604,0.624,12451.829,9419.051,24.749,75.557,0.0,447.025,790.1800000000001,572.9250000000001,6549.359,959.256,89731.763,10377.981,57.135,8597.025,1611.923,2648.855,61467.305,154.059,444.749,945.303,954.824,0.0,53.854,10.635,309.786,4.956,68606.24899999998,42633.136,24256.598,66889.734,6669.434,10763.929,17433.363,16826.388,101149.485,67924.601,4289.237,17410.562,11805.281,2582.356,5563.455,20486.771,130062.263,33447.997,5694.519,39142.516,1386.637,271740.90099999995,8377.73096,39.274,6109.475640000001,0.0,0.237,629.654,205.234,469.899,106.924,181.918,451.376,358.55,9.169,64.398,266.594,0.0,384.107,3127.823,3544.7380000000003,10431.718739999998,13976.456739999998,221.0,165.989,386.989,3352.962,17716.40774,12488.169,24.358,39.432,73.89,4.337,10.528,157.209,12797.923,266.899,490.088,756.9870000000001,0.5,31271.81774,2937862.0,629795.0,65209067.0,54166340.0,1.0404,1.2902909090909092,1.5660590909090908,,,2205.281363636364,,,29.634367,3.508094,77.03954545454545,24.0,,,,19.0,16.0,,,42.0,,,,,,,38.0,26.0,10.0,58.0,36.0,18.0,12.0,39.0,19.0,30.0,50.0,24.0,,,,28.8125,,,,,,,,,,,,,,,,,,,,,,,,,,,,,,,,,,,,,,,,,,,,,,,,,,2.5,3.5,2.5,2.65,2.5,2.5,2.5,2.75,2.69,7.65,8.7,6.928914799977007,8.24,7.72,3.29,7.0,3.78,6.25,7.91,0.0,0.48,6.5,0.62,1.0,0.49,0.5,0.15,0.75,,,,,,,,,,,,,,,,,,,,,,,,,,,,,,,,,,,,,,,,,,,,,,,,,,,,1124357.80947,1222888.86315,1251328.47292,0.0,3010.1923300000003,253628.23243000003,777022.18812,39986.15,159623.8257,577412.21242,0.0,17588.29605,171639.95422,28439.60977,58192.22482,0.0,40252.9219,85.90696000000001,1124357.8094699995,588167.7186900001,554428.2616399999,474728.0932099999,21507.94361,58192.22482,1142595.9803300002,-39954.05395999984,128500.44595000002,244830.0,21512.82315,75000.0,0.0,0.0,-212842.3772,0.0,-7356.458360000001,121143.98759000002,0.0,-5901.532909999998,-1081.0088500000002,-196133.71764,-16659.40279,58677.62064000013,,,,,,,,,,,,,,,,,,,,,,,,,,,,,,,,,,,,,,,,,,,,,,,,,,,,,,,,,,,,
2010-09-01,3050.7611613199,1089.436079187134,396.0708295180774,204.17286568929455,72.13972257561002,45.27569631268272,342.38125360000606,184.3358051573096,9.07280914628084,,2571.0144097349544,0.0,250.13525011495275,479.74675158494506,,457.7408500185513,7.0,15778.0,1240.0,,,17018.0,,,,,,,,30065.0,270666.38800000004,67429.21100000001,43569.75564,23859.45536,-203237.17700000005,10981.499,1164.819,11482.201,0.5,16.153,3604.949,2309.04,11471.525,484.184,1625.799,1904.663,3125.406,9.777,1004.592,1253.177,297.17,846.716,27936.998,8388.146,1154.226,2960.56964,0.5,0.653,2522.228,2277.005,10449.652,363.267,1384.335,1570.075,2832.084,5.545,822.796,1126.364,280.97,429.952,24064.273,185.316,4.0,8976.833,0.0,2172.102,3998.548,5477.991640000001,1906.889,25.534,1.196,11941.969,8879.377,1.963,97.274,0.0,489.618,1003.148,153.873,6738.554,394.947,84309.957,7142.334,0.465,10600.217,1093.446,2331.396,70118.442,168.17000000000002,219.891,781.912,1510.508,0.0,45.645,0.6,254.647,0.74,76525.39700000001,43247.63,24410.592,67658.222,11810.442,11134.831,22945.273,17423.61,108027.105,66428.687,3599.602,16935.411,11300.267,3624.091,3723.133,18677.552,124288.743,33371.38,3606.497,36977.877,1372.663,270666.388,2593.353,10.593,8521.63136,0.0,15.5,1082.721,32.035000000000004,1021.873,120.917,241.464,334.588,293.322,4.232,181.796,126.813,16.2,416.764,3872.725,1455.858,11451.22736,12907.08536,837.0,14.235,851.235,1731.547,15489.86736,7255.935,15.3,22.998,269.859,1.446,17.023,223.442,7806.003000000001,108.61,451.725,560.335,3.25,23859.45536,3238895.0,537771.0,29812142.0,4945515.0,1.033,1.3102857142857143,1.5590999999999997,,,2298.3461904761903,,,35.604719,4.363778,77.8404761904762,33.0,,,,24.0,24.0,,14.0,,,,,,26.0,,34.0,30.0,10.0,46.0,36.0,15.0,11.0,12.0,18.0,28.0,47.0,27.0,,,,25.58823529411765,,,,,,,,,,,,,,,,24.332,625.0749999999999,122.053,-176.4383549999999,329.520645,72.58,2.3,23.695,0.0,17.225,6.47,23.695,-103.85835499999988,0.0,25.311,0.0,0.0,21.942,48.219,26.581,0.0,122.053,0.0,44.721,0.0,47.968,44.03064500000001,0.0,3.152,329.520645,189.649,651.7069999999999,475.268645,475.268645,2.5,3.5,2.5,2.65,2.5,2.5,2.5,2.75,2.69,7.65,8.7,6.915442051846781,8.21,7.72,3.35,7.0,3.78,6.25,7.6,0.0,0.34,6.25,0.87,1.25,0.5,0.5,0.15,0.75,,,,,,,,,,,,,,,,,,,,,,,,,,,,,,,,,,,,,,,,,,,,,,,,,,,,1054369.30248,1143806.11306,1174302.99739,0.0,7283.82437,209651.79522,737642.2432,0.0,160283.65912,577358.5840800001,0.0,17588.29605,171639.95422,30496.88433,58794.33778,0.0,30556.56584,85.90696000000001,1054369.3024799998,574971.84843,581076.5424,500674.26101,21607.94361,58794.33778,1156048.39083,42884.75057000006,208566.78061,244830.0,21512.82315,75000.0,0.0,0.0,-132776.04254,0.0,-4656.341770000001,203910.43884,0.0,4964.6341600000005,-1384.25466,-196133.71764,-19046.474540000003,50574.124410000055,,,,,,,,,,,,,,,,,,,,,,,,,,,,,,,,,,,,,,,,,,,,,,,,,,,,,,,,,,,,
2010-10-01,,,,,,,,,,,,,,,,,17.0,36798.0,1440.0,,,38238.0,,,,,,,,39030.0,243734.597,58075.391,32004.785420000004,26070.60558,-185659.206,10147.134,1113.283,8561.136,45.57,0.0,3560.403,1994.561,4482.981,804.506,1424.843,1972.942,2943.507,80.569,1613.192,800.778,425.115,1167.692,21271.089,4883.299,1066.973,1694.93342,45.57,0.0,3097.177,1963.074,3873.198,655.514,1158.158,1547.66,2455.639,80.094,1354.123,706.575,398.865,841.539,18131.616,0.51,0.0,4676.482,0.0,1373.363,3822.425,6362.18542,1875.704,23.881,0.16,11428.371,2441.704,10.74,59.41,1.371,230.906,960.956,892.3720000000001,1.152,284.797,86043.952,7656.041,29.991,3669.257,1051.944,3457.227,46806.269,346.052,178.484,824.134,1681.88,0.0,3.511,38.66,134.278,0.33,54522.769,45113.128,27238.565,72351.693,3690.665,11948.362,15639.027000000002,18059.507,106050.227,46151.798,3844.417,13920.554,10115.716,3559.186,5857.504,17016.495,100465.67,30780.945,5372.724,36153.669,1065.031,243734.597,5263.835,46.31,6866.20258,0.0,0.0,463.226,31.487,609.783,148.992,266.685,425.282,487.868,0.475,259.069,94.203,26.25,326.153,3139.473,1254.188,10371.29558,11625.48358,91.6,65.739,157.339,4008.079,15790.90158,9136.809,14.007,23.804,109.72,8.059000000000001,12.007,402.087,9706.492999999997,303.992,259.969,563.961,9.25,26070.60558,4410986.0,495648.0,23962067.0,8428435.0,1.0179,1.390095,1.586685,,,2441.2957142857144,,,39.851985,5.226323,82.6647619047619,,,,,22.0,16.0,,,,,,,,35.0,,34.0,21.0,10.0,51.0,39.0,16.0,9.0,9.0,18.0,29.0,44.0,29.0,,,,25.466666666666665,,,,,,,,,,,,,,,,,,,,,,,,,,,,,,,,,,,,,,,,,,,,,,,,,,2.5,3.5,2.5,2.65,2.5,2.5,2.5,2.75,2.69,7.65,8.7,6.895375085484685,8.02,7.23,3.3,7.0,3.78,6.25,7.58,0.0,0.28,6.0,0.92,1.25,0.51,0.5,0.13,0.75,,,,,,,,,,,,,,,,,,,,,,,,,,,,,,,,,,,,,,,,,,,,,,,,,,,,1052074.92447,1141945.04313,1171562.99632,0.0,11449.53723,203645.16333,737622.0922999999,0.0,160283.65912,577338.4331799999,0.0,17588.29605,171639.95422,29617.95319,58796.46536000001,0.0,30987.74634,85.90696000000001,1052074.92447,580432.63748,602457.74299,522053.35281000007,21607.92482,58796.46536000001,1182890.3804700002,72018.99064000035,262468.87686,244630.0,0.0,75000.0,0.0,0.0,-57161.12314000001,0.0,-6532.102,255936.77485999995,0.0,-1754.463049999999,-1303.30211,-196133.71764,-18210.99382,33484.692400000364,,,,,,,,,,,,,,,,,,,,,,,,,,,,,,,,,,,,,,,,,,,,,,,,,,,,,,,,,,,,
2010-11-01,,,,,,,,,,,,,,,,,46.0,81548.0,23259.0,,,104807.0,,,,,,,,44838.0,301377.252,81967.496,42031.39292,39936.10308,-219409.756,11959.268,1355.128,10984.294,19.838,0.0,3688.734,2398.673,10443.937,839.102,2199.123,2500.442,2550.302,74.652,1060.951,1068.19,445.977,734.6320000000001,28004.715,7526.283,1292.059,2678.43492,19.838,0.0,3240.915,2128.728,9202.716,653.876,1796.546,1976.319,1988.234,44.675,842.276,897.817,434.823,276.397,23483.322,3.0700000000000003,1.09,8025.496,0.0,1866.419,4657.781,5722.534919999998,2256.5080000000003,42.779,0.5,10641.425,8813.789999999999,23.448,669.72,2.753,443.99,1072.163,973.511,5076.369,551.836,101400.433,11611.97,38.881,5483.837,1509.224,1680.175,75170.651,173.513,348.173,1144.477,1569.733,0.0,3.927,76.679,461.595,0.972,82139.11899999999,50043.991,28422.992,78466.98300000001,7504.274,11267.697,18771.971,19719.729,116958.68300000002,78992.00200000001,4428.04,12421.774,11369.326,4977.276,7419.18,20556.204,140163.802,39305.483,4002.602,43308.085,946.682,301377.252,4432.985,63.069,8305.85908,0.0,0.0,447.819,269.945,1241.221,185.226,402.577,524.123,562.068,29.977,218.675,170.373,11.154,458.235,4521.393,2011.487,12866.89208,14878.379080000002,102.0,6.533,108.533,4173.973,19160.88508,20062.934,8.721,18.874,180.968,15.794,50.36,114.153,20451.804000000004,161.079,161.165,322.244,1.17,39936.10308,3820341.0,842788.0,22354997.0,247731673.0,1.0129,1.3654249999999999,1.59607,,,2530.9895238095237,,,33.248056,3.597107,85.2747619047619,30.0,,,,17.0,14.0,,,,,,,,54.0,,34.0,30.0,15.0,48.0,40.0,16.0,10.0,9.0,18.0,26.0,42.0,32.0,,,,27.1875,,,,,,,,,,,,,,,,,,,,,,,,,,,,,,,,,,,,,,,,,,,,,,,,,,2.5,3.5,2.5,2.65,2.5,2.5,2.5,2.75,2.71,7.65,8.7,6.877353824640563,8.15,7.25,3.3,7.0,3.78,6.25,7.3,0.0,0.48,5.75,0.99,1.25,0.49,0.5,0.14,0.75,,,,,,,,,,,,,,,,,,,,,,,,,,,,,,,,,,,,,,,,,,,,,,,,,,,,1106699.4952699998,1199008.5386599998,1227546.71929,0.0,17638.32906,278099.74769999995,714056.23602,0.0,160531.07112,553525.1649,0.0,17588.29605,171625.92983,28538.18063,58868.59695000001,0.0,33347.09648,93.34996,1106699.4952699998,604286.3016799999,575499.76169,492893.23992,23737.92482,58868.59695000001,1179786.06337,14217.97115000018,187559.65793,244070.0,0.0,75000.0,0.0,0.0,-131510.34206999998,0.0,-4382.05333,183177.6046,0.0,-15307.507990000002,-1170.01698,-196133.71764,-18069.65789000001,61721.26705000015,,,,,,,,,,,,,,,,,,,,,,,,,,,,,,,,,,,,,,,,,,,,,,,,,,,,,,,,,,,,
2010-12-01,3041.3662073647483,984.9297641864188,393.91250871468833,204.60678229639268,68.9394556627069,49.62241758971296,331.4904199037253,208.89085182072327,11.60369920990507,,2506.866625472825,0.0,275.98631248148683,534.4995818919231,,511.3839954989885,70.0,123019.0,21097.0,,,144116.0,,,,,,,,53026.0,321102.396,82019.82200000001,33619.257300000005,48400.5647,-239082.574,12019.246,2440.436,5920.823,31.828,3.028,2642.528,3068.089,5201.021,959.573,1336.29,2633.98,3540.602,33.236000000000004,1566.132,881.394,173.411,692.205,22728.461000000003,6412.022,2439.515,1393.1552599999998,31.828,0.464,1939.456,3046.41,3574.925,770.509,1011.107,1895.497,2919.787,7.109,1035.534,765.312,140.528,260.37600000000003,17366.55,0.102,0.06,5849.563,0.0,2155.773,3483.687,5378.667300000001,1315.576,174.46800000000002,0.27,11593.11,3667.981,7.021,61.207,0.0,404.71,2635.836,74.632,0.008,484.567,99912.143,11787.905,7.179,8257.035,1928.291,4784.799,80692.788,660.446,318.089,966.896,2521.251,0.0,26.445,45.025,297.421,0.239,92241.69,57555.208,36882.742,94437.95,7253.8,10715.217,17969.017,26284.849,138691.816,83235.075,3345.511,14378.59,10665.546,2877.777,6013.6230000000005,18601.918,139118.04,36458.566,5164.586,41623.152,1669.388,321102.396,5607.224,0.921,4527.66774,0.0,2.564,703.072,21.679,1626.096,189.064,325.183,738.4830000000001,620.815,26.127,530.598,116.082,32.883,431.829,5361.911,697.65,13565.1227,14262.7727,0.0,93.875,93.875,5043.852,19400.4997,27070.667,8.866,24.959,259.89,1.517,10.716,220.308,27596.923000000003,313.22,1087.772,1400.992,2.15,48400.5647,3143587.0,1888242.0,38444529.0,55821908.0,1.0081,1.3221333333333334,1.5595476190476192,,,2631.560454545455,,,37.414075,2.895516,91.44681818181817,,,,,19.0,36.0,,,,,,,,27.0,,35.0,27.0,15.0,52.0,32.0,14.0,10.0,9.0,26.0,25.0,46.0,32.0,,,,27.0,,,,,,,,,,,,,,,,26.859,725.527,267.51800000000003,-172.202,302.624,155.1,18.5,28.542,1.0,22.152,5.39,28.542,-17.102000000000004,0.0,95.275,0.0,0.0,17.131999999999998,81.721,73.39,0.0,267.51800000000003,0.0,29.908,0.0,57.99,40.736,0.0,2.869,302.624,171.12099999999998,770.8860000000001,598.6840000000001,598.6840000000001,2.5,3.5,2.5,2.65,2.5,2.5,2.5,2.75,2.69,7.65,8.7,6.850297427820619,8.16,7.25,3.35,7.0,3.78,6.25,7.27,0.0,0.37,5.75,0.98,1.25,0.49,0.5,0.14,0.75,,,,,,,,,,,,,,,,,,,,,,,,,,,,,,,,,,,,,,,,,,,,,,,,,,,,1080028.50399,1176620.4979200002,1205053.6523900002,0.0,27184.052280000004,190103.05497000003,770019.1660000001,0.0,235616.09804000004,534403.06796,0.0,17688.29484,171625.92983,28433.15447,58872.794250000006,0.0,37625.84972,93.34996,1080028.50399,648760.0652300001,400745.1805,314018.00143,27854.38482,58872.794250000006,1049505.24573,-89396.05251000001,91256.15055,229390.0,19955.238350000003,75000.0,0.0,0.0,-233089.0878,0.0,-3155.7376000000004,88100.41295,0.0,-397.7556899999995,-1043.18125,-196133.71764,-11529.41788,31607.60699999997,,,,,,,,,,,,,,,,,,,,,,,,,,,,,,,,,,,,,,,,,,,,,,,,,,,,,,,,,,,,
2011-01-01,,,,,,,,,,,,,,,,,64.0,84707.0,28147.0,,,112854.0,,,,,,,,52194.0,222976.01,83669.88,36014.420600000005,47655.4594,-139306.13,10032.095,665.499,9635.282,37.397,0.729,3804.374,1555.493,12308.109,613.08,1314.478,1726.636,2583.922,3.626,1832.79,721.861,47.398,743.008,27254.775000000005,5483.459,557.299,2125.79046,37.397,0.729,3048.324,1268.721,11352.949,450.998,963.467,1321.777,2305.407,2.676,1315.169,506.748,47.398,455.217,23038.851,0.0,0.07,5068.311,0.0,1118.208,3349.761,5300.637600000001,1619.845,23.158,36.241,7230.08,12268.109000000002,32.421,97.955,0.0,488.08,1223.9,363.952,9613.467,448.334,71277.854,6152.099,1.096,5087.5560000000005,1402.844,2953.161,47563.305,196.625,22.341,185.714,409.607,0.0,13.581,12.302,200.221,44.042,53003.743,36635.237,22934.181,59569.418000000005,5687.51,6216.171,11903.681,14006.855,85479.954,56244.262,4378.368,9328.344,9052.751,1793.636,3078.747,13918.005,97794.113,36182.669,2383.917,38566.586,1135.357,222976.01,4548.636,108.2,7509.49154,0.0,0.0,756.0500000000001,286.772,955.16,162.082,351.011,404.859,278.515,0.95,517.621,215.113,0.0,287.791,4215.923999999999,2207.48,12527.432399999998,14734.912399999996,0.0,42.538,42.538,3599.047,18376.4974,27737.328,12.324,32.11,108.612,9.256,11.1,276.419,28187.149000000005,176.395,885.168,1061.563,30.25,47655.4594,25221646.0,464405.0,50021631.0,36148808.0,0.9939,1.337065,1.578205,,,2717.2084999999997,,,29.792321,4.306062,96.5235,36.0,,,,20.0,21.0,,9.0,,,,,,40.0,,56.0,36.0,23.0,84.0,68.0,26.0,19.0,12.0,32.0,44.0,81.0,52.0,,,,38.76470588235294,,,,,,,,,,,,,,,,,,,,,,,,,,,,,,,,,,,,,,,,,,,,,,,,,,2.5,3.5,2.5,2.65,2.5,2.5,2.5,2.75,2.69,7.65,8.7,6.8362814624536,8.1,7.17,3.36,7.0,3.78,6.25,7.24,0.0,0.41,5.5,0.95,1.25,0.51,0.5,0.15,0.75,,,,,,,,,,,,,,,,,,,,,,,,,,,,,,,,,,,,,,,,,,,,,,,,,,,,1010589.0810600002,1105060.1768600002,1134629.16015,0.0,38881.67856,95927.03483,780937.2388000002,0.0,236272.20188,544665.0369200001,0.0,17688.29484,171625.92983,29568.98329,59395.68286000001,0.0,34982.09122,93.32172,1010589.0810600002,602482.20009,512960.2741,421848.7142,31715.87704,59395.68286000001,1115442.47419,45457.71026999989,205716.3509,228300.0,38582.584350000005,75000.0,0.0,0.0,-136166.23345,0.0,-4191.4297400000005,201524.92116000003,0.0,1694.87067,-958.33419,-196133.71764,-11864.10738,51194.07764999984,,,,,,,,,,,,,,,,,,,,,,,,,,,,,,,,,,,,,,,,,,,,,,,,,,,,,,,,,,,,
2011-02-01,,,,,,,,,,,,,,,,,59.0,82757.0,24601.0,,,107358.0,,,,,,,,51793.0,277046.422,81409.30799999999,38598.7361,42810.5719,-195637.114,8831.389000000001,1501.34,8009.072,85.492,0.079,3316.516,2276.487,11762.139,676.69,1142.07,1525.45,2965.087,10.485,1360.537,793.159,223.775,331.767,26384.162,5626.296,1487.182,2000.4188,85.462,0.079,2666.497,2190.853,10664.305,542.451,866.135,1317.874,2541.54,6.687,897.821,682.704,207.26,161.377,22745.504,1.148,0.25,5274.1630000000005,0.496,1467.462,3489.741,5980.259099999998,1804.627,81.808,46.485,10012.815,10439.482,11.851,332.64,0.0,280.813,1772.74,475.412,7281.061000000001,284.96500000000003,82723.287,6656.238,50.558,5907.738,1581.776,3430.117,90394.379,99.445,339.313,755.41,764.618,0.0,39.491,0.598,693.711,37.608,98136.466,41856.476,22173.668,64030.144,4168.3460000000005,6767.874,10936.22,18061.001,93027.365,90478.745,4939.919,12282.76,10824.083,1803.158,6475.173,16319.229,143123.06699999998,35892.205,4268.1990000000005,40160.404,735.586,277046.422,3205.093,14.158,6008.653200000001,0.03,0.0,650.019,85.634,1097.834,134.239,275.935,207.576,423.547,3.798,462.716,110.455,16.515,170.39,3638.658,954.059,9917.308900000002,10871.3679,0.0,4.535,4.535,2679.084,13554.9869,28609.603,2.002,43.821,127.78,22.726,10.021,278.31,29094.263,35.238,121.084,156.322,5.0,42810.5719,3191968.0,324655.0,27445831.0,9601486.0,0.9876,1.3655894736842107,1.612421052631579,,,2783.5357894736844,,,36.518756,2.3347,103.71631578947368,23.0,,,,21.0,28.0,,9.0,,,,,,41.0,,38.0,33.0,15.0,68.0,52.0,22.0,16.0,15.0,28.0,33.0,63.0,38.0,,,,31.941176470588236,,,,,,,,,,,,,,,,,,,,,,,,,,,,,,,,,,,,,,,,,,,,,,,,,,2.5,3.5,2.5,2.65,2.5,2.5,2.5,2.75,2.7,7.65,8.7,6.797472937924836,7.97,6.98,3.38,7.0,2.69,5.25,6.55,0.0,0.47,5.25,0.95,1.25,0.54,0.5,0.13,0.75,,,,,,,,,,,,,,,,,,,,,,,,,,,,,,,,,,,,,,,,,,,,,,,,,,,,1082853.08301,1177494.96758,1206802.16477,0.0,50475.09691,157548.54812000005,779993.6861999999,0.0,235963.98388,544029.7023199999,0.0,17688.29484,171789.34151,29307.197190000003,59397.819650000005,0.0,35150.743200000004,93.32172,1082853.08301,592009.1134700001,672324.1517899999,580871.6526799999,32054.67946,59397.819650000005,1264333.26526,122082.3626,232711.24615999995,222249.29679,18748.58435,75000.0,0.0,0.0,-83286.63498,0.0,-1222.8699600000002,231488.37619999997,0.0,1977.90483,-940.96105,-196133.71764,-11651.17783,97341.93809000004,,,,,,,,,,,,,,,,,,,,,,,,,,,,,,,,,,,,,,,,,,,,,,,,,,,,,,,,,,,,
2011-03-01,3153.988424049968,1062.654528863709,417.1299169324261,180.08147318461462,66.48044572533844,75.86870360397702,357.25665256216627,194.98572996053804,9.042037853823542,,2599.5957696008504,11.082040106726836,272.4561807778755,554.3926544491173,,506.9507144787724,60.0,90191.0,20767.0,,,110958.0,,,,,,,,53257.0,339418.64,80886.834,37624.45578,43262.37822,-258531.806,11936.77,723.35,8255.945,206.794,0.0,2895.867,2232.6620000000003,4367.639,976.789,1193.163,4139.461,4757.084,15.528,1457.126,976.115,342.592,927.282,24281.308,8241.734,712.136,2708.5497800000003,206.794,0.0,2187.075,2182.091,3467.448,626.285,1054.613,3670.277,3899.741,5.72,1123.844,686.129,295.342,538.658,19737.223,180.0,0.0,6628.359,0.0,1481.202,4017.717,7154.050780000001,3897.957,82.57300000000001,10.95,11830.396,2341.251,6.133,67.071,0.0,346.52,947.709,778.9730000000001,3.52,191.325,95473.608,10701.574,49.137,7128.064,1273.673,1531.105,108731.216,298.849,280.42,579.792,1205.189,0.0,12.731,11.443,0.0,5.638,113930.056,47272.139,27749.762,75021.901,8097.385,7344.071,15441.456,16722.625,107185.982,120006.111,3768.161,14477.266,12858.122,2785.875,6683.687,22390.602,182969.824,42800.832,5051.982,47852.814,1410.02,339418.6400000001,3695.036,11.214,5547.395219999999,0.0,0.0,708.792,50.571,900.191,350.504,138.55,469.184,857.3430000000001,9.808,333.282,289.986,47.25,388.624,4544.085,1031.606,9917.85622,10949.46222,25.0,5.885,30.885,2370.652,13350.99922,28726.482,1.504,15.556,262.408,2.092,20.525,242.528,29271.095,362.88,265.644,628.524,11.76,43262.37822,4613981.0,843939.0,31827207.0,3131437.0,0.9766,1.4019826086956524,1.6158782608695652,,,2722.2891304347827,,,38.604812,3.301253,114.64347826086957,40.0,,,,23.0,20.0,,,9.0,,,,,47.0,,31.0,28.0,17.0,61.0,41.0,20.0,15.0,16.0,23.0,28.0,49.0,29.0,,,,29.235294117647058,,,,,,,,,,,,,,,,35.313,907.359,287.012,-278.1770999999999,339.00089999999994,105.861,-1.6,36.882000000000005,2.782,27.6,6.5,36.882000000000005,-172.3160999999999,0.0,121.394,0.0,0.0,19.051,132.88899999999998,13.678000000000004,0.0,287.012,0.0,43.151,0.0,42.6169,36.633,0.0,3.0169999999999995,339.00089999999994,213.583,941.072,662.8949,662.8949,2.5,3.5,2.5,2.65,2.5,2.5,2.5,2.75,2.74,7.65,8.7,6.796505589387869,8.07,7.2,3.42,7.0,2.69,5.25,6.36,0.0,0.4,5.25,0.92,1.25,0.56,0.5,0.09,0.75,,,,,,,,,,,,,,,,,,,,,,,,,,,,,,,,,,,,,,,,,,,,,,,,,,,,1106324.67265,1219910.45818,1251832.9965700002,0.0,60736.15478,129972.41133000002,839724.2557200002,0.0,236546.78552,603177.4702000002,0.0,17688.29484,171789.34151,31922.53839,62805.96661,0.0,50678.94166,100.87726,1106324.6726500003,586460.72869,664683.01609,568791.94076,33085.10872,62805.96661,1251143.74478,82013.10551999987,191579.60076,244000.0,18748.58435,75000.0,0.0,0.0,-146168.98359000002,0.0,-4122.65515,187456.94561,0.0,-374.79192,-1138.83025,-196133.71764,-11885.85377,104089.35348999983,,,,,,,,,,,,,,,,,,,,,,,,,,,,,,,,,,,,,,,,,,,,,,,,,,,,,,,,,,,,
2011-04-01,,,,,,,,,,,,,,,,,55.0,90532.0,7439.0,,,97971.0,,,,,,,,51442.0,345054.82500000007,96362.959,52447.27532,43915.68368,-248691.86600000007,9644.757,746.5260000000001,17989.265,0.513,0.0,3106.049,1860.735,16825.459,470.496,1324.889,2205.56,3310.684,130.909,1765.38,547.362,410.206,419.412,32377.141,4894.4921,680.577,12456.64612,0.5,0.0,2355.078,1788.609,16080.813,314.51,1134.693,1832.96,2876.266,115.478,1403.814,436.669,396.556,100.163,28835.609,10885.503,0.05,3891.733,0.0,1656.235,3808.604,4146.322319999999,1912.024,94.91,0.0,8963.503,17088.391,3.089,112.454,0.0,572.115,968.718,1220.353,13802.63,409.032,89717.232,10017.081,8.933,4978.054,1089.795,2878.533,144793.908,432.246,319.204,749.764,1158.575,0.0,42.437,73.308,514.94,0.17,152052.88000000003,48293.226,27461.46,75754.686,7092.06,6673.359,13765.419000000002,17682.499,107202.604,133820.202,4028.57,13993.75,9834.904,2696.586,7009.303,16909.899,188293.214,43139.609,5102.397,48242.006,1317.001,345054.825,4750.2649,65.949,5532.61888,0.013,0.0,750.971,72.126,744.6460000000001,155.986,190.196,372.6,434.418,15.431,361.566,110.693,13.65,319.249,3541.532,437.149,9870.50268,10307.65168,158.0,10.436,168.436,3494.0550000000003,13970.14268,29133.549,1.428,3.416,67.859,23.709,5.341,174.799,29410.101,329.07,206.37,535.44,0.0,43915.68368,7026238.0,293153.0,28401945.0,33685838.0,0.958,1.4459761904761905,1.6379428571428571,,,2797.0715,,,37.994432,4.297456,123.25888888888888,20.0,,,,18.0,19.0,,6.0,,,,,,28.0,,32.0,25.0,13.0,61.0,34.0,16.0,12.0,15.0,26.0,27.0,49.0,29.0,,,,25.294117647058822,,,,,,,,,,,,,,,,,,,,,,,,,,,,,,,,,,,,,,,,,,,,,,,,,,2.5,3.5,2.5,2.65,2.5,2.5,2.5,2.75,2.69,7.65,8.7,6.7655705513524405,8.06,7.19,3.42,7.0,2.69,5.25,6.4,0.0,0.47,5.25,0.97,1.25,0.57,0.5,0.06,0.75,,,,,,,,,,,,,,,,,,,,,,,,,,,,,,,,,,,,,,,,,,,,,,,,,,,,1128128.23709,1219170.28969,1247711.6344,0.0,69750.15920000001,114782.77766,845159.7164800002,0.0,238380.86762,606778.8488600001,0.0,17688.29484,171789.34151,28541.344710000005,59408.39608,0.0,31525.22362,108.4329,1128128.2370900002,608327.95768,679433.7304,586788.4956,33236.83872,59408.39608,1287761.68808,100225.05490999976,230943.72698,248000.0,0.0,75000.0,0.0,0.0,-92056.27302,0.0,-3029.82304,227913.90394,0.0,-2234.281949999999,-1076.09021,-196133.71764,-10911.148539999998,82666.38930999975,,,,,,,,,,,,,,,,,,,,,,,,,,,,,,,,,,,,,,,,,,,,,,,,,,,,,,,,,,,,
2011-05-01,,,,,,,,,,,,,,,,,8.0,16073.0,1668.0,,,17741.0,,,,,,,,41699.0,291727.176,85361.662,40852.09014,44509.57186,-206365.514,26753.616,1537.791,8185.159000000001,95.431,0.0,2696.694,2806.201,4850.612,1092.668,1693.086,2387.799,3031.341,7.198,1287.409,871.765,272.077,492.398,21489.248000000003,12713.296,1466.995,1946.65744,95.418,0.0,1918.239,2789.198,3674.574,734.347,1462.233,1637.867,2671.904,6.217,971.082,717.693,266.619,281.486,17131.459000000003,237.6,1.564,5120.582,0.0,1646.969,4089.041,5274.44114,1708.641,23.56,0.604,13885.761,8863.327000000001,27.683,261.999,0.099,718.695,7008.839,307.259,1.793,536.96,92287.416,9200.117,19.082,7958.141,1917.87,3934.043,76772.267,75.398,255.631,809.307,1308.348,0.0,12.492,10.514,93.631,8.172,85197.673,49964.617,24995.221,74959.838,8866.394,9560.061,18426.455,18796.519,112182.812,88328.946,4556.821,11266.058,12827.86,2544.5750000000003,5718.88,15482.209,140725.349,33293.245,4480.186,37773.431,1045.584,291727.176,14040.32,70.796,6238.501560000001,0.013,0.0,778.455,17.003,1176.038,358.321,230.853,749.932,359.437,0.981,316.327,154.072,5.458,210.912,4357.789,467.554,13440.00286,13907.55686,282.065,24.788,306.853,9489.367,23703.77686,18284.313,7.133,6.502,146.228,31.627,10.387,1634.09,20120.28,379.252,294.813,674.065,11.45,44509.57186,3323225.0,204876.0,19384923.0,64301876.0,0.968,1.433452380952381,1.633247619047619,,,2815.075714285714,,,36.250721,3.267014,114.98904761904762,29.0,,,,19.0,23.0,,6.0,28.0,,,,,34.0,,30.0,17.0,14.0,53.0,31.0,15.0,13.0,19.0,23.0,22.0,44.0,24.0,,,,24.666666666666668,,,,,,,,,,,,,,,,,,,,,,,,,,,,,,,,,,,,,,,,,,,,,,,,,,2.5,3.5,2.5,2.65,2.5,2.5,2.5,2.75,2.67,7.65,8.7,6.755999894583699,8.15,7.19,3.38,7.0,2.35,5.25,6.45,0.0,1.23,5.25,0.95,1.25,0.53,0.5,0.04,0.75,,,,,,,,,,,,,,,,,,,,,,,,,,,,,,,,,,,,,,,,,,,,,,,,,,,,1107213.81919,1197670.72607,1224761.01668,0.0,57421.819950000005,110464.36322,840506.79422,0.0,239929.13334,600577.6608800001,0.0,17688.29484,171589.45384,27090.290610000004,59940.8231,0.0,30400.2768,115.80698,1107213.8191900002,605006.81386,617080.80133,523903.13951,33236.83872,59940.8231,1222087.61519,54932.97289999995,181758.9483,223400.0,0.0,75000.0,0.0,0.0,-116641.0517,0.0,-2402.90906,179356.03923999998,0.0,2994.8911100000005,-986.11009,-196133.71764,-10162.158479999996,79864.02875999996,,,,,,,,,,,,,,,,,,,,,,,,,,,,,,,,,,,,,,,,,,,,,,,,,,,,,,,,,,,,
2011-06-01,3020.385903871783,1046.3006046098133,370.2765742895499,201.72283980435003,71.91263984175133,54.52588058143816,321.85473516368984,194.0812756171285,10.261250244746924,,2529.254955940707,23.37599870747499,219.14779302503413,491.1309479310759,,506.9263119868056,8.0,21701.0,809.0,,,22510.0,,,,,,,,38490.0,279848.261,75716.754,44930.49668,30786.257320000004,-204131.507,10060.33,998.511,16300.865,0.0,0.577,2525.42,3010.359,3819.429,511.357,2084.521,1697.879,3040.431,95.059,1234.627,649.563,224.279,649.813,19542.737,9242.375,931.655,10462.9191,0.0,0.577,1664.886,2825.0,3039.895,456.921,1884.593,1380.486,2855.025,95.059,1051.842,279.273,204.779,171.382,15909.141,9110.121,0.0,6500.81,0.0,1205.12,4101.195,5385.070680000001,1686.473,64.691,2.8000000000000003,11327.963,5546.253000000001,12.491,112.628,0.0,595.723,2671.19,379.357,0.034,1774.83,94367.86,10278.487,2.525,4346.7210000000005,1225.77,1897.023,74617.722,61.911,336.385,920.272,1454.816,0.0,9.256,1.1,405.739,1.733,80931.72699999998,49008.711,26231.258,75239.96900000001,4684.3,9165.626,13849.926,16276.741,105366.636,72305.632,4099.787,16347.351,12379.678,2421.0750000000003,6446.979,17088.951,131089.45299999998,37733.225,4490.02,42223.245,1168.927,279848.261,817.955,66.856,5837.945900000001,0.0,0.0,860.534,185.359,779.534,54.436,199.928,317.39300000000003,185.406,0.0,182.785,370.29,19.5,478.431,3633.596,246.486,9591.19032,9837.67632,125.5,16.375,141.875,266.755,10246.30632,17819.737,4.066,22.666,254.903,0.487,51.495000000000005,315.64,18468.994,142.127,1928.58,2070.707,0.25,30786.25732,3533587.0,703420.0,113277574.0,63706553.0,0.9766,1.4402863636363636,1.6219181818181818,,,2687.7627272727273,,,33.305591,4.423761,113.83318181818181,31.0,,,,19.0,27.0,,8.0,42.0,,,,,39.0,,33.0,21.0,16.0,53.0,32.0,14.0,14.0,32.0,20.0,26.0,46.0,29.0,,,,27.88888888888889,,,,,,,,,,,,,,,,19.4,645.913,207.709,-95.35200000000007,348.542,171.713,7.2,20.91,0.0,17.9,3.01,20.91,76.3609999999999,0.0,50.586,0.0,0.0,25.9,126.207,5.016,0.0,207.709,0.0,41.1,0.0,45.4,31.4,0.0,2.801,348.542,227.841,672.513,577.161,577.161,2.5,3.5,2.5,2.65,2.5,2.5,2.5,2.75,2.7,7.65,8.7,6.741168773615851,8.05,7.03,3.38,7.0,2.35,5.25,6.45,0.0,0.97,5.25,0.93,1.25,0.52,0.5,0.04,0.75,,,,,,,,,,,,,,,,,,,,,,,,,,,,,,,,,,,,,,,,,,,,,,,,,,,,1060196.8337900003,1154591.1334100002,1181439.5794400002,0.0,18883.2103,135427.83358,797243.8510200002,0.0,240004.26094,557239.5900800001,0.0,18974.04674,184062.19177,26848.446030000003,60942.97114,0.0,33335.5215,115.80698,1060196.83379,588483.0327999999,614194.04807,519544.23821,33706.83872,60942.97114,1202677.08087,81537.27593999982,254309.4595,247026.0,0.0,75000.0,0.0,0.0,-67716.5405,0.0,-3407.49597,250901.96353,0.0,1594.8911100000005,-1772.62183,-210390.56387,-12992.610499999995,54196.21749999981,,,,,,,,,,,,,,,,,,,,,,,,,,,,,,,,,,,,,,,,,,,,,,,,,,,,,,,,,,,,
2011-07-01,,,,,,,,,,,,,,,,,6.0,18056.0,615.0,,,18671.0,,,,,,,,58237.0,298816.553,80288.073,47451.12382,32836.94918,-218528.48,13954.451,1256.139,7768.852,105.2,0.23,3887.212,2172.341,16869.246,761.345,1822.578,1786.378,2757.279,3.638,2206.67,625.879,166.838,751.937,33811.341,8424.433,1219.375,1905.53908,105.2,0.23,3233.923,2035.99,15578.211,593.877,1313.141,1399.9,2483.717,1.038,1232.64,510.766,119.588,514.975,29017.766,1.193,7.68,8687.65,0.0,1943.64,5123.573,5228.276820000001,1828.429,73.86,1.615,9141.219,15413.988,16.822,46.27,0.0,689.113,1098.443,432.836,12287.15,843.354,81193.893,10463.945,41.751,6170.799,1920.015,3382.824,84786.70300000001,394.388,364.992,649.929,1578.198,3.9,10.689,0.863,343.833,27.544,93463.878,45501.959,25290.331,70792.29000000001,6519.857,9548.38,16068.237,15284.025,102144.552,79011.238,4740.377,13987.793,12585.491,3297.533,4899.359,17777.482,136299.273,55504.158,3239.5840000000003,58743.742000000006,1628.986,298816.553,5530.018,36.764,5863.31292,0.0,0.0,653.289,136.351,1291.035,167.468,509.437,386.478,273.562,2.6,974.03,115.113,47.25,236.962,4793.575000000001,1629.516,12355.79118,13985.30718,0.0,3.415,3.415,1138.58,15127.30218,16594.917,20.524,31.329,62.138,8.355,31.808,244.331,16993.402000000002,106.61,607.835,714.445,1.8,32836.94918,4442460.0,333208.0,78419753.0,13304109.0,0.9553,1.4275,1.6157599999999999,,,2810.5755,,,33.491137,4.353429,116.97349999999999,26.0,,,,21.0,18.0,,10.0,100.0,,,,,26.0,,33.0,21.0,11.0,65.0,37.0,15.0,16.0,61.0,22.0,25.0,54.0,28.0,,,,32.72222222222222,,,,,,,,,,,,,,,,,,,,,,,,,,,,,,,,,,,,,,,,,,,,,,,,,,2.5,3.5,2.5,2.65,2.5,2.5,2.5,2.75,2.68,7.65,8.7,6.726157744304481,8.07,7.17,3.38,7.0,2.24,5.25,6.45,0.0,0.93,5.0,0.92,1.25,0.5,0.5,0.04,0.75,,,,,,,,,,,,,,,,,,,,,,,,,,,,,,,,,,,,,,,,,,,,,,,,,,,,1020063.95988,1119184.1308799998,1145766.2341699998,0.0,23150.54118,91021.84285,801975.50834,0.0,241405.59832,560569.91002,0.0,18974.04674,184062.19177,26582.103290000003,62505.1209,0.0,36497.77028,117.27982000000002,1020063.95988,614702.56171,543012.2259000001,453280.26628,27226.83872,62505.1209,1157714.78761,75145.70683000027,221176.86423,248000.0,0.0,75000.0,0.0,0.0,-101823.13577,0.0,-3320.0522800000003,217856.81195,0.0,8998.92963,-954.18594,-210390.56387,-12176.03424,71810.74930000029,,,,,,,,,,,,,,,,,,,,,,,,,,,,,,,,,,,,,,,,,,,,,,,,,,,,,,,,,,,,
2011-08-01,,,,,,,,,,,,,,,,,8.0,22334.0,1196.0,,,23530.0,,,,,,,,49961.0,313715.13700000005,63081.61300000001,31738.996840000007,31342.61616,-250633.52400000003,7588.173,2099.645,8452.328,1.314,1.106,2147.597,2529.018,4267.676,1201.845,1338.627,2175.725,3309.101,4.923,1240.111,858.576,308.223,646.072,20027.494,6051.149,2085.357,1236.3050399999995,1.314,1.106,1535.552,2470.909,3485.786,693.779,848.979,1807.379,3023.215,4.923,1048.994,693.924,303.273,204.546,16121.258999999998,0.09,0.0,5022.457,0.0,1605.895,4124.2480000000005,5641.591840000001,1170.912,18.434,4.0,10533.812,3617.557,9.517,690.267,0.0,616.388,987.988,291.648,0.03,1021.719,93802.045,7948.535,11.294,14628.393,1884.757,1521.71,94627.97,313.788,448.83,843.35,1057.926,0.0,13.429,1.485,185.474,1.225,100899.94400000005,49088.398,23342.734,72431.132,12898.603,8700.682,21599.285000000003,17852.63,111883.047,91868.238,6061.376,20192.537,12107.826,3454.458,6550.68,19687.35,159922.465,36662.548,3587.603,40250.151000000005,1659.474,313715.137,1537.024,14.288,7216.02296,0.0,0.0,612.045,58.109,781.89,508.066,489.648,368.346,285.886,0.0,191.117,164.65200000000002,4.95,441.526,3906.235,395.996,10864.18516,11260.18116,0.0,6.385,6.385,1322.735,12589.30116,17847.578,13.412,8.388,71.107,3.174,21.833,167.139,18132.631,331.653,287.181,618.8340000000001,1.85,31342.616159999998,4312680.0,846567.0,32172292.0,23547405.0,0.9817,1.4333173913043478,1.6356391304347826,,,2504.623043478261,,,32.191515,4.609195,110.21954545454545,42.0,,,,21.0,24.0,,8.0,61.0,,,,,28.0,,31.0,18.0,12.0,63.0,37.0,18.0,100.0,55.0,22.0,26.0,49.0,23.0,,,,35.44444444444444,,,,,,,,,,,,,,,,,,,,,,,,,,,,,,,,,,,,,,,,,,,,,,,,,,2.5,3.5,2.5,2.65,2.5,2.6,2.5,2.7,2.65,7.65,8.7,6.708567206357025,8.33,7.8,3.42,7.0,2.06,5.25,6.26,0.0,0.47,5.0,0.93,1.25,0.5,0.5,0.02,0.75,,,,,,,,,,,,,,,,,,,,,,,,,,,,,,,,,,,,,,,,,,,,,,,,,,,,1057585.30418,1148620.4097,1182844.56651,0.0,14413.22699,224021.36823,707128.21134,0.0,242929.05136,464199.15998000005,0.0,18974.04674,184083.5564,34224.15681,59507.31214,0.0,31410.51356,117.27982000000002,1057585.30418,600640.9064600001,688351.2936300001,600997.14277,27846.83872,59507.31214,1288992.2000900002,171899.58377000014,316904.2342,223450.0,74370.0,75000.0,0.0,0.0,-55915.7658,0.0,-1949.53687,314954.69733,0.0,8141.115070000001,-887.64634,-210390.56387,-11777.51829,71859.49987000013,,,,,,,,,,,,,,,,,,,,,,,,,,,,,,,,,,,,,,,,,,,,,,,,,,,,,,,,,,,,
2011-09-01,3052.829644332817,1038.5941356348617,393.8250907457344,203.54582431721096,72.85651176530685,40.2085877504728,355.5065906019276,192.00343506209268,9.798380088194348,,2574.1634888344624,0.0,246.4541326857893,478.6661554983548,,500.0369556812265,6.0,15755.0,848.0,,,16603.0,,,,,,,,29144.0,288591.326,72361.202,44799.0861,27562.115900000004,-216230.124,8382.137,985.421,8851.942000000001,80.372,1.707,2316.299,2375.774,17546.697,569.065,1784.102,1805.238,2809.428,12.87,1473.117,616.499,368.08,702.893,32380.062,7345.669,960.004,2504.87874,80.372,0.958,1774.884,2183.203,15536.443,439.273,1527.358,1242.385,2464.541,8.918,1245.7,353.854,368.08,458.449,27603.088000000003,405.056,0.0,6875.191,0.0,998.235,4166.548,4920.2921000000015,1901.076,15.514,17.348,10022.68,15477.146,24.647,80.751,0.0,483.862,769.29,238.628,13163.342,716.626,84464.55,11582.331,235.44,3988.982,1476.769,3317.697,73498.236,325.829,130.84,1199.885,1045.402,0.0,3.83,46.027,288.714,30.0,81363.229,44026.696,25408.196,69434.892,4103.543,9630.396,13733.939,16026.003,99194.834,85084.979,4525.311,15546.65,12486.734,2830.5950000000003,3431.605,19936.894,143842.76799999998,39793.302,4252.282,44045.584,1508.14,288591.326,1036.468,25.417,6347.06326,0.0,0.749,541.415,192.571,2010.254,129.792,256.744,562.8530000000001,344.887,3.952,227.417,262.645,0.0,244.444,4776.974000000001,523.513,11832.3249,12355.8379,145.247,14.58,159.82700000000003,524.422,13040.0869,13710.835,7.92,17.399,118.218,21.227,26.79,99.698,14002.087000000003,383.962,130.73,514.692,5.25,27562.1159,4189581.0,525157.0,31823345.0,43493361.0,1.0025,1.3746714285714285,1.5771380952380953,,,2524.1361904761907,,,34.237053,3.057112,112.83380952380953,29.0,,,,19.0,18.0,,14.0,,,,,,29.0,,27.0,22.0,10.0,43.0,31.0,14.0,24.0,13.0,17.0,21.0,39.0,22.0,,,,23.058823529411764,,,,,,,,,,,,,,,,17.2,664.8999999999999,167.4,-107.79999999999984,352.6,76.2,2.3,56.6,0.0,49.6,7.0,56.6,-31.59999999999984,0.0,50.5,0.0,0.0,26.6,70.8,19.5,0.0,167.4,0.0,38.3,0.0,46.8,30.2,0.0,2.9,352.6,234.4,684.3999999999999,576.6,576.6,2.5,3.5,2.5,2.65,2.5,2.6,2.5,2.7,2.65,7.65,8.7,6.698645390494877,8.32,7.79,3.42,7.0,2.06,5.25,6.27,0.0,0.25,5.0,0.83,1.25,0.46,0.5,0.01,0.75,,,,,,,,,,,,,,,,,,,,,,,,,,,,,,,,,,,,,,,,,,,,,,,,,,,,1062717.02883,1158464.03881,1184864.4963,0.0,19977.90737,262545.08526,672929.95368,0.0,242637.12876,430292.82492,0.0,18974.04674,184037.04576,26400.457490000004,60341.47708,0.0,35288.25308,117.27982000000002,1062717.02883,579219.38126,687825.9111499998,599334.5881099999,28149.84596,60341.47708,1267045.2924099998,143986.78649999993,321256.18561,246550.0,74370.0,75000.0,0.0,0.0,-74663.81439,0.0,-3631.58892,317624.59669,0.0,8998.92963,-790.16026,-210390.56387,-11615.792119999993,40159.77642999992,,,,,,,,,,,,,,,,,,,,,,,,,,,,,,,,,,,,,,,,,,,,,,,,,,,,,,,,,,,,
2011-10-01,,,,,,,,,,,,,,,,,10.0,21557.0,1233.0,,,22790.0,,,,,,,,39358.0,351011.489,63148.209,32948.30804,30199.90096,-287863.28,9786.037,1220.219,7324.216,13.573,0.0,3266.214,1603.781,5001.847,589.679,1506.683,2928.358,3197.747,86.047,950.098,575.181,242.677,496.302,20444.614,6772.516439999999,1185.491,1542.0054000000002,13.459,0.0,2780.805,1542.417,3631.632,503.926,1218.465,2091.288,2631.518,66.945,682.248,463.954,229.367,409.766,16252.330999999998,1.435,0.086,6155.101000000001,0.0,1847.285,4568.964,5923.3380400000015,1613.02,43.059,0.9,10192.785,2602.3350000000005,7.85,603.62,7.182,535.1850000000001,593.021,524.652,3.255,327.57,109805.372,12331.299,76.555,6757.1630000000005,936.591,2587.6,95214.493,166.846,292.966,1091.065,1141.24,0.0,3.396,36.813,2912.965,37.813,104421.788,57775.906,28667.888,86443.794,6262.289,12305.949,18568.238,21293.547,126305.579,102955.763,5715.192,15193.218,16391.452,4603.121,8757.255000000001,17526.093,171142.094,48373.245,3752.302,52125.547000000006,1438.269,351011.489,3013.52056,34.728,5782.210599999999,0.114,0.0,485.409,61.364,1370.215,85.753,288.218,837.07,566.229,19.102,267.85,111.227,13.31,86.536,4192.282999999999,780.582,11854.68596,12635.26796,98.949,29.146,128.095,335.75600000000003,13099.118959999998,15234.534,53.189,365.702,280.278,5.101,24.846,323.185,16286.835,180.024,633.923,813.947,0.0,30199.90096,3574553.0,418646.0,51688149.0,6653810.0,1.0198,1.373245,1.57683,,,2594.7819047619046,,,41.549897,4.039084,109.55000000000001,26.0,,,,21.0,17.0,,7.0,,,,,,34.0,,28.0,25.0,11.0,43.0,30.0,13.0,20.0,7.0,19.0,23.0,34.0,23.0,,,,22.41176470588235,,,,,,,,,,,,,,,,,,,,,,,,,,,,,,,,,,,,,,,,,,,,,,,,,,2.5,3.5,2.5,2.65,2.5,2.6,2.5,2.75,2.65,7.65,8.7,6.692393668615583,8.33,7.71,3.44,7.0,2.06,2.25,6.13,0.0,0.25,5.0,0.89,1.25,0.46,0.5,0.02,0.75,,,,,,,,,,,,,,,,,,,,,,,,,,,,,,,,,,,,,,,,,,,,,,,,,,,,1019551.68875,1100538.51538,1126800.26985,0.0,23972.29518,202099.46246,671455.66524,0.0,242915.5704,428540.0948400001,0.0,18974.04674,184037.04576,26261.754470000003,48483.21639,0.0,32386.33042,117.27982000000002,1019551.68875,587934.46488,649137.4628699999,572419.40052,28234.84596,48483.21639,1237071.9277499998,169037.0226099999,316322.59262,241650.0,74370.0,75000.0,0.0,0.0,-74697.40737999999,0.0,-3328.3308500000003,312994.26177,0.0,8462.96042,-632.15246,-210390.56387,-12271.12447,70873.64121999992,,,,,,,,,,,,,,,,,,,,,,,,,,,,,,,,,,,,,,,,,,,,,,,,,,,,,,,,,,,,
2011-11-01,,,,,,,,,,,,,,,,,42.0,71887.0,16720.0,,,88607.0,,,,,,,,47208.0,337322.575,84421.676,45165.52773,39256.14827,-252900.899,9173.918,1234.179,5849.423,7.102,0.0,3738.259,3108.147,14876.081,764.875,1997.33,2432.589,3344.129,78.566,1742.702,750.803,109.973,772.78,33716.234000000004,6822.8761,1231.197,2031.1006700000005,7.102,0.0,2666.537,3066.088,13709.761,504.002,1499.926,1760.74,2507.272,24.139,1436.035,569.888,81.753,373.288,28199.429,358.695,1.009,6204.509,0.0,2691.721,4679.68,6386.56373,1240.367,20.116,1.19,12480.303,11101.374000000002,111.526,101.915,0.1,603.879,1095.507,352.934,8285.04,550.473,111136.256,9839.354,72.502,7241.377,2266.535,3293.049,72718.34,456.616,361.534,938.612,1257.964,0.0,9.903,55.04,790.907,15.673,82164.173,56912.557,31161.367,88073.924,6992.176,13598.348,20590.524,28278.434,136942.882,84077.031,4222.651,10543.867,13975.923,5012.905,8989.991,19738.517,146560.88499999998,46939.505,4980.251,51919.756,1899.052,337322.575,2351.0419,2.982,3818.32233,0.0,0.0,1071.722,42.059,1166.32,260.873,497.404,671.849,836.857,54.427,306.66700000000003,180.915,28.22,399.492,5516.805,458.948,9996.65327,10455.60127,588.238,10.757,598.995,1785.121,12839.71727,24894.455,8.448,135.213,210.237,2.816,9.017,193.056,25453.242,617.2570000000001,205.022,822.279,140.91,39256.14827000001,3987109.0,728449.0,38543480.0,17492921.0,1.0248,1.35576,1.580615,,,2606.289047619048,,,45.203674,4.022187,110.76809523809524,36.0,,,,22.0,19.0,,8.0,,,,,,63.0,,29.0,23.0,14.0,70.0,42.0,14.0,23.0,8.0,20.0,25.0,40.0,27.0,,,,28.41176470588235,,,,,,,,,,,,,,,,,,,,,,,,,,,,,,,,,,,,,,,,,,,,,,,,,,2.5,3.5,2.5,2.65,2.5,2.6,2.5,2.75,2.65,7.65,8.7,6.697257801762042,8.06,7.17,3.45,7.0,2.35,5.5,6.13,0.0,0.23,5.0,0.86,1.25,0.44,0.5,0.01,0.75,,,,,,,,,,,,,,,,,,,,,,,,,,,,,,,,,,,,,,,,,,,,,,,,,,,,991538.0325400004,1074159.5417800003,1100337.6123300004,0.0,13731.16469,190263.99623,667184.3237800002,0.0,242836.14904,424348.17474000016,0.0,18974.04674,184006.01034,26178.070550000004,48515.34478,0.0,33985.227479999994,120.93698,991538.03254,615665.43027,546160.9397900001,468645.7490500001,28999.84596,48515.34478,1161826.37006,121772.99274,248388.34557,247350.0,119895.65025,75000.0,0.0,0.0,-193857.30468,0.0,-2950.95715,245437.38842,0.0,7957.18143,-800.7327700000001,-210390.56387,-12281.987020000002,91851.70655000002,,,,,,,,,,,,,,,,,,,,,,,,,,,,,,,,,,,,,,,,,,,,,,,,,,,,,,,,,,,,
2011-12-01,3054.6304823517,1036.3059253512645,393.8711507591678,195.75407890915565,72.51358072385187,44.29352120096125,336.72152673168307,200.6436207270545,8.223096922398732,,2577.810607386141,0.0,231.88273303754335,476.8198749655591,,534.4212479886196,65.0,83504.0,21666.0,,,105170.0,,,,,,,,54941.0,305624.47900000005,83572.111,42368.43082,41203.68018,-222052.36800000005,10896.7,2119.363,3448.602,22.779,2.952,3455.891,2541.334,14062.213,475.148,1897.809,1704.121,2832.385,26.871,1348.184,981.703,197.175,567.363,30090.197000000007,6952.831,2118.663,1306.0237,22.779,2.952,2840.233,2479.179,11024.174,389.896,1562.57,1224.421,2554.834,11.785,1169.671,752.7,174.305,398.726,24582.493999999995,0.0,0.05,5426.567,0.0,1400.432,3661.093,5936.33582,1093.676,87.95400000000001,5.894,11744.523,13011.906,19.084,320.437,0.3,381.95,1039.66,1689.795,9145.124,415.556,109345.347,7347.066,21.24,8376.539,1649.276,2604.18,58186.17,430.793,193.727,1014.616,1446.462,0.0,23.906,37.185,435.892,2.789,66024.996,56636.252,30990.333,87626.585,7625.046,10453.037,18078.083,31770.134,137474.802,63126.271,4824.719,13267.598,11064.779,3118.384,6150.3460000000005,21699.975,123252.072,39614.949,3630.222,43245.171,1652.434,305624.47900000005,3943.869,0.7000000000000001,2142.5783,0.0,0.0,615.658,62.155,3038.039,85.252,335.23900000000003,479.7,277.551,15.086,178.513,229.003,22.87,168.637,5507.703,2052.129,12323.52218,14375.65118,118.238,101.444,219.682,764.001,15359.334180000002,24302.746,2.312,12.583,111.157,15.334,28.112,151.153,24623.397,859.4060000000001,360.543,1219.949,1.0,41203.68018,4563898.0,1233362.0,32655183.0,3487706.0,1.0235,1.3154571428571429,1.5587428571428572,,,2601.67,,,40.736802,4.456106,107.87049999999999,36.0,,,,16.0,23.0,,15.0,,,,,,42.0,,26.0,26.0,11.0,53.0,36.0,13.0,23.0,7.0,14.0,20.0,33.0,27.0,,,,24.764705882352942,,,,,,,,,,,,,,,,24.2,729.2,257.0,-139.0000000000001,340.0,172.5,18.5,35.9,14.3,15.6,6.0,35.9,33.499999999999886,0.0,76.1,0.0,0.0,17.7,89.6,73.6,0.0,257.0,0.0,36.6,0.0,51.7,27.2,0.0,3.3,340.0,221.2,771.9000000000001,632.9,632.9,2.5,3.5,2.5,2.65,2.5,2.6,2.5,2.75,2.65,7.65,8.7,6.65645298099526,7.69,6.55,3.43,7.0,2.35,5.5,6.12,0.0,0.28,5.0,0.83,1.25,0.3,0.5,0.01,0.75,,,,,,,,,,,,,,,,,,,,,,,,,,,,,,,,,,,,,,,,,,,,,,,,,,,,1085310.7895500003,1176322.7076500002,1202662.4857600003,0.0,10847.39282,272167.50403,690312.8177700002,0.0,243355.33806,446957.47971000016,0.0,18974.04674,184020.94629,26339.778110000003,48287.1713,0.0,42603.80982,120.93698,1085310.7895500003,650217.6475900001,549709.83813,472122.8732300001,29299.7936,48287.1713,1199927.4857200002,66329.52486999985,236461.98773,247620.0,177427.29877000002,75000.0,0.0,0.0,-263585.31104,0.0,-7852.705910000001,228609.28182,0.0,8998.929619999999,-735.33423,-210390.56387,-9566.66451,49413.87603999986,,,,,,,,,,,,,,,,,,,,,,,,,,,,,,,,,,,,,,,,,,,,,,,,,,,,,,,,,,,,
2012-01-01,,,,,,,,,,,,,,,,,68.0,81412.0,24020.0,,,105432.0,,,,,,,,52619.0,256197.319,95874.342,41412.63172,54461.71028,-160322.977,14018.682,2341.63,3793.44946,46.478,1.675,2634.339,2489.445,14554.783,638.519,1474.146,1613.678,2497.495,2.734,1458.534,494.919,27.984,803.761,28690.337,6307.728,2283.818,1275.64346,46.478,0.0,2154.134,2385.583,13595.845,536.4780000000001,949.337,1319.74,2324.9790000000003,2.734,1307.893,451.05,3.684,450.313,25481.77,1.74,0.0,8113.611,0.0,1520.439,3719.225,5716.53172,1199.122,22.804,0.36,9361.43,11757.369,10.013,129.1,0.02,506.343,927.529,276.312,9512.332,395.72,70900.039,8495.442000000001,0.078,4954.039,1304.254,2468.903,64148.791000000005,158.791,319.63800000000003,744.024,742.326,0.0,5.489,5.88,236.156,2.283,70136.53500000002,43013.134,22141.579,65154.713,4046.343,6714.615,10760.958,18261.952,94177.623,77508.515,3962.495,10608.004,10073.601,2408.834,3554.397,16424.503,124540.349,32708.451,3592.9790000000003,36301.43,1177.917,256197.319,7710.954,57.812000000000005,2517.806,0.0,1.675,480.205,103.862,958.938,102.041,524.809,293.938,172.516,0.0,150.641,43.869,24.3,353.448,3208.5670000000005,4113.554,11731.20228,15844.75628,0.0,25.165,25.165,3988.606,19858.52728,33690.37,10.515,16.41,87.056,1.302,26.807,180.56,34013.020000000004,241.965,347.948,589.913,0.25,54461.71028000001,2220638.0,657369.0,71722106.0,3391184.0,1.013,1.290985,1.552415,,,2743.795,,,31.907903,4.291066,110.68599999999999,23.0,,,,21.0,29.0,,10.0,10.0,,,,,47.0,,46.0,30.0,20.0,100.0,57.0,22.0,23.0,14.0,25.0,36.0,72.0,43.0,,,,34.888888888888886,,,,,,,,,,,,,,,,,,,,,,,,,,,,,,,,,,,,,,,,,,,,,,,,,,2.5,3.5,2.5,2.65,2.5,2.6,2.5,2.75,2.64,7.65,8.7,6.665308651201276,7.44,6.06,3.44,7.0,2.16,5.5,6.13,0.0,0.22,5.0,0.86,1.25,0.32,0.5,0.03,0.75,62037.80487,223816.72358,5647768.5545858,0.0,11735.43395,448728.45581,6394086.9727958,1151935.16899,1034641.2942957968,1944916.69572,313783.41853,0.0,1488346.5055,16.86865,9298.63665,4081.65426,1138.68604,0.0,445928.0441600001,6394086.972795797,17851.88183,265337.71307,317559.776,289197.40031,140089.98512,460.491,1158.93563,17901.67252,41788.08141,714057.5012257971,3514.94448,16755.82535,9131.94617,5681.94814,1840488.102255797,427607.67514,2268095.777395797,0.0,62037.80487,62037.80487,182105.40554,41711.31804,223816.72358,801591.1169400001,275552.1326,1840488.1022558,2730137.20279,5647768.5545858,5933623.0830358,460463.88976,6394086.972795799,1067970.72371,1147299.85547,1175174.813,0.0,10771.2946,179214.82812999998,754318.7397,0.0,244255.64498,510063.09472000005,0.0,18974.04674,184020.9463,27874.957530000003,48516.542,0.0,30691.65278,120.93698,1067970.72371,595078.7456,565205.39839,488589.06279,28099.7936,48516.542,1160284.14399,43796.87827999993,188509.70917,247943.273,123929.33999,75000.0,0.0,0.0,-258362.90382,0.0,-3595.9693700000003,184913.7398,0.0,8998.929619999999,-890.65448,-210390.5639,-10225.81031,71391.23754999995,,,15.902728810974605,13.747283191940578,17.603418798199247,15.858816814801814,16.205793200473696,13.954431895202502,16.219016196198673,7.988983711269561,24.11442600965616,14.974598041843356,14.548624245886229,20.2631564333877,15.7925446422083,18.589665729096073,17.183072489797954,13.880368271452927,13.777232766295642,12.593429974796955,11.171946093888884,14.34193442942376,7.388021978021977,18.81855360632477,12.745598441111007,11.510452916816178,18.175363822763515,13.669866822704257,16.574160310693234,14.158894856991417,2910.1993724083522,2515.7528241251257,17.603418798199247,697.7879398512798,129.64634560378957,111.63545516162002,1005.5790041643178,55.92288597888693,24.11442600965616,14.974598041843356,58.194496983544916,60.7894693001631,394.81361605520755,167.30699156186466,171.83072489797954,13.880368271452927,606.1982417170083,100.74743979837564,89.37556875111108,889.1999346242733,51.716153846153844,18.81855360632477,12.745598441111007,46.04181166726471,54.526091468290545,341.74667056760643,149.1674427962391,141.58894856991418,6.601416984148949,13737.548744013962
2012-02-01,,,,,,,,,,,,,,,,,60.0,77447.0,21877.0,,,99324.0,,,,,,,,54056.0,298651.902,124624.424,39491.45074,85132.97326,-174027.478,43192.54233,1602.024,2140.0843,0.403,0.2,3911.773,1464.317,6637.0070000000005,607.745,1605.273,2528.288,2798.519,11.644,1021.575,590.909,270.03000000000003,594.748,22041.828,12260.38933,1585.879,2044.4283,0.0,0.2,2812.73,1459.163,4672.061,295.375,1190.483,2028.958,1692.81,10.308,803.909,419.023,238.023,270.345,15893.187999999998,0.05,0.0,10044.24,0.0,1507.664,3463.9790000000003,4986.100740000003,1841.191,111.993,4.813,12024.514,5506.906,15.614,136.6,0.0,443.454,2711.371,1823.589,5.954,370.324,88481.754,7173.1230000000005,23.218,7913.747,1150.209,2786.629,95034.457,191.704,328.612,830.79,1324.936,0.0,44.472,1.791,32.316,2.22,101728.13599999998,46553.725,23885.83,70439.555,7630.197,7079.427000000001,14709.624,15880.707,101029.88599999998,112064.165,3353.884,9478.472,9910.044,2082.863,5707.115,16132.32,158728.863,34680.049,3748.255,38428.304,464.849,298651.902,30932.153,16.145,95.656,0.403,0.0,1099.043,5.154,1964.946,312.37,414.79,499.33,1105.709,1.336,217.666,171.886,32.007,324.403,6148.64,970.095,22248.62426,23218.71926,48.4,0.247,48.647,31858.5,55125.86626,28461.145,0.324,52.032,114.269,7.264,36.018,204.879,28875.931,547.635,582.041,1129.676,1.5,85132.97326,3026994.0,918341.0,63529242.0,26453730.0,0.9967,1.323835,1.58042,,,2928.9805,,,33.019039,4.877971,119.327,33.0,,,,19.0,20.0,,7.0,,,,,,44.0,,35.0,24.0,16.0,69.0,39.0,16.0,21.0,15.0,22.0,27.0,56.0,41.0,,,,29.647058823529413,,,,,,,,,,,,,,,,,,,,,,,,,,,,,,,,,,,,,,,,,,,,,,,,,,2.5,3.5,2.5,2.65,2.5,2.6,2.5,2.75,2.53,7.65,8.7,6.643711516638469,7.63,6.38,3.45,7.0,2.0,5.5,6.11,0.0,0.1,5.0,0.93,1.25,0.39,0.5,0.09,0.75,62073.41987,218797.18945,5690481.6943658,0.0,10185.44268,444713.42061,6426251.166975801,1175226.0961300002,1065375.431435797,1958464.66565,312847.8961799999,0.0,1459438.21429,15.32182,9298.63665,4081.65426,1257.59632,0.0,440245.65424,6426251.166975797,17762.02155,265374.7574,310778.17441000004,234410.34805,141587.39468,454.415,1813.18785,21888.10352,46485.64276,766167.281955797,3778.93499,16891.648940000003,9004.985480000001,5681.94814,1842078.844725797,423433.24194,2265512.086665797,0.0,62073.41987,62073.41987,176711.59724,42085.59221,218797.18945,821476.9060399999,294310.71747000003,1842078.8447258,2732615.2261300003,5690481.6943658,5971352.303685801,454898.86329,6426251.166975801,1056902.7224,1137228.17309,1162752.8601,0.0,23670.607280000004,195163.2618,715406.4227,0.0,244157.27298,471249.14972,0.0,18974.04674,184013.83457,25524.68701,48674.02302000001,0.0,31530.00618,121.42149,1056902.7224,593734.6824299999,545336.7157899999,467962.89917,28699.7936,48674.02302000001,1139071.39822,33494.65279999994,204625.17722000004,242443.273,107438.21534,75000.0,0.0,0.0,-220256.31112,0.0,-3410.44292,201214.73430000004,0.0,8998.929619999999,-788.20122,-210390.5639,-10568.96388,45028.71787999989,,,15.434833178461705,13.4000874002026,19.75596576398705,15.095527995405753,15.86135626753095,12.230448433512548,15.694876572421974,9.160723751957672,19.473781683713963,16.842085783451125,15.382489713772417,21.165620109070947,15.765489044724905,17.15704195339858,16.878013238626053,16.84656227012341,13.508211035003736,13.22081598826127,10.334407263065835,13.983150477104072,7.193121693121693,17.356888311522596,12.745598441111007,11.458687965102818,16.847540394320966,13.212672956548133,15.982844110855032,13.461689827646055,2824.5744716584923,2452.215994237076,19.75596576398705,664.2032317978532,126.8908501402476,97.84358746810038,973.0823474901624,64.1250662637037,19.473781683713963,16.842085783451125,61.52995885508967,63.49686032721284,394.13722611812267,154.41337758058722,168.78013238626056,16.84656227012341,594.3612855401644,105.76652790609016,82.67525810452668,866.9553295804524,50.351851851851855,17.356888311522596,12.745598441111007,45.834751860411274,50.54262118296289,330.31682391370333,143.84559699769528,134.61689827646055,6.366697309011841,13249.097100053643
2012-03-01,3071.0277118864046,1078.802238373876,430.2574713233888,196.83165503085877,71.98017971135062,48.01097043276485,301.9698445827135,187.81660319327617,8.360366716020033,,2546.8056770498733,12.33820989356417,276.05625131692614,524.2220348365313,,458.60392131166566,62.0,75956.0,19446.0,,,95402.0,,,,,,,,54164.0,310227.347,90974.592,45694.30560000001,45280.286400000005,-219252.755,13870.8021,1226.091,2774.39886,12.572,1.019,3410.539,2942.143,7928.743,562.325,1545.494,1905.013,4925.919,9.009,1633.313,506.712,598.338,803.21,26770.758,10603.6301,1226.091,2646.50286,12.572,1.019,2750.014,2875.389,6737.5070000000005,419.693,1231.944,1555.437,4272.185,6.21,1319.922,360.273,588.588,376.009,22493.170999999995,850.234,0.006,9388.099,0.0,1758.822,5180.246,6017.128599999999,1659.704,81.82300000000001,4.866,14687.024,6066.353,18.959,377.942,0.02,430.973,4208.926,410.04,1.932,617.561,94421.985,8244.524,7.12,8435.815,1366.155,1249.928,96235.575,159.113,310.939,1062.019,1169.785,0.0,21.698,42.362,0.0,0.311,101617.885,52165.217,30424.273,82589.49,6845.536,7559.105,14404.641,17382.977,114377.108,97638.424,9883.079,13437.876,13105.814,2218.772,3684.153,19132.348,159100.466,31568.071,4154.616,35722.687,1027.086,310227.347,3267.172,0.0,127.896,0.0,0.0,660.525,66.754,1191.236,142.632,313.55,349.576,653.734,2.799,313.391,146.439,9.75,427.201,4277.587,1105.827,10547.852400000002,11653.6794,0.0,47.763,47.763,1176.957,12878.399400000002,31193.953,23.281,15.827,129.92000000000002,7.706,19.286,134.339,31524.312,645.264,204.803,850.067,27.508,45280.286400000005,3049424.0,865265.0,53488697.0,7866555.0,0.9938,1.32075,1.5823772727272727,,,3035.915909090909,,,40.659911,4.771033,125.44545454545455,27.0,,,,23.0,18.0,,11.0,8.0,,,,,41.0,,29.0,21.0,15.0,59.0,33.0,15.0,19.0,21.0,21.0,21.0,43.0,32.0,,,,25.38888888888889,,,,,,,,,,,,,,,,31.0,776.73,293.0,-42.32000000000005,379.41,107.0,-1.6,91.4,0.0,81.9,9.5,91.4,64.67999999999995,0.0,108.9,0.0,0.0,14.8,133.5,35.8,0.0,293.0,0.0,45.02,0.0,51.7,23.5,0.0,2.7,379.41,256.49,806.13,763.81,763.81,2.5,3.5,2.5,2.65,2.5,2.6,2.5,2.75,2.53,7.65,8.7,6.622896612563153,7.66,6.43,3.45,7.0,2.0,5.5,6.17,0.0,0.04,5.0,0.92,1.25,0.42,0.5,0.08,0.75,62034.53887,218958.22115,5633004.7754158005,0.0,10268.72168,443686.75725,6367953.014365801,1131028.2279,1048785.982415797,1968176.08794,307065.84920000006,0.0,1458941.38798,38.68273000000001,9293.9949,4081.65426,1347.12104,0.0,439194.026,6367953.014365796,17385.45521,266485.18597,313276.83266,233419.1154,137297.43225,455.46274,1801.24715,21474.98952,44053.44551,747374.729815797,3841.16887,16635.28328,9502.10291,5681.94814,1818684.3994257967,422399.35158,2241083.7510057967,0.0,62034.53887,62034.53887,176502.142,42456.07915,218958.22115,782120.0465,295218.70409,1818684.3994258,2736981.6254000003,5633004.7754158005,5913997.5354358,453955.47893,6367953.014365801,1078177.71244,1171827.2224500002,1199687.7249600005,0.0,13841.281580000004,176282.70586,778715.3537000001,0.0,244086.84898,534628.5047200001,0.0,18974.04674,184013.83457,27860.50251,48747.73281,0.0,44780.35571,121.42149,1078177.71244,586486.61988,526308.3187800001,448075.7923700001,29484.7936,48747.73281,1112794.93866,-14130.50658999999,119443.70145000002,243838.273,47189.71874,75000.0,0.0,0.0,-246584.29029,0.0,-2593.73342,116849.96803000002,0.0,8988.78752,-1314.10571,-210390.5639,-9299.81788,81035.22535000001,,,15.960443507842818,13.59281088863634,16.93871051247656,15.72389391208324,15.86757325007362,11.128557924674864,16.492607645350194,7.6181034862433865,19.34000624391878,18.03733262048816,15.902330087417665,23.271292717599138,16.484347833204033,19.66157121227552,16.027029737023735,15.458132409547263,13.646421453031232,13.110514078672791,9.507618330874474,14.484053707566703,6.919312169312168,15.505288138312707,12.745598441111007,10.917147137757135,18.686276273772275,13.43845073432591,16.0731042124051,13.559463172526714,2920.7611619352356,2487.4843926204503,16.93871051247656,691.8513321316626,126.94058600058897,89.02846339739891,1022.5416740117121,53.3267244037037,19.34000624391878,18.03733262048816,63.60932034967066,69.81387815279741,412.10869583010077,176.95414091047968,160.27029737023733,15.458132409547263,600.4425439333742,104.88411262938233,76.06094664699579,898.0113298691356,48.43518518518518,15.505288138312707,12.745598441111007,43.66858855102854,56.05882882131682,335.9612683581477,144.6579379116459,135.59463172526713,6.260625300939304,13028.361251254692
2012-04-01,,,,,,,,,,,,,,,,,29.0,51067.0,4827.0,,,55894.0,,,,,,,,47979.0,293191.305,108635.431,57717.69414000001,50917.736860000005,-184555.874,29040.27,1663.463,11100.58278,130.831,0.8,2118.273,2576.298,17959.083,769.15,1513.662,1422.465,3098.837,31.788,2086.551,586.2,168.797,460.414,32791.518,6283.8240000000005,1653.597,11084.38078,130.831,0.8,1680.161,2545.0950000000003,17717.84,649.101,1320.879,1118.207,2698.647,25.838,1805.2,362.098,135.047,216.948,30275.061,9320.717,6.563,6278.025000000001,0.0,1486.204,4185.689,5331.690140000001,1319.832,43.593,9.57,12645.927,17089.884000000002,0.147,168.70600000000002,0.0,574.871,2254.583,385.732,13154.52,551.325,90760.516,7559.978,4.343,4471.991,1375.084,2594.735,93731.32,26.094,295.862,934.416,937.888,0.0,8.578,36.43,252.228,107.596,100300.231,52763.517,25750.438,78513.955,6288.052,6615.921,12903.973,20867.313,112285.241,94233.602,4201.682,12739.723,10872.917,2179.273,7872.784000000001,15417.832,147517.813,28846.15,3705.601,32551.751,836.5,293191.305,22756.446,9.866,16.202,0.0,0.0,438.112,31.203,241.243,120.049,192.783,304.258,400.19,5.95,281.351,224.102,33.75,243.466,2516.457,11167.531,13703.97186,24871.50286,874.38,10.604,884.984,5679.691,31436.17786,18696.872,14.547,56.045,189.486,5.542,20.621,242.856,19225.969,141.477,108.032,249.509,6.081,50917.73685999999,3109789.0,718513.0,66004616.0,35825790.0,0.9928,1.3160190476190476,1.5999761904761904,,,3035.1014999999998,,,42.842134,4.874995,119.42166666666668,28.0,,,,20.0,20.0,,6.0,9.0,,,,,35.0,,28.0,21.0,13.0,52.0,31.0,16.0,15.0,16.0,20.0,22.0,42.0,29.0,,,,23.5,,,,,,,,,,,,,,,,,,,,,,,,,,,,,,,,,,,,,,,,,,,,,,,,,,2.5,3.5,2.5,2.65,2.5,2.6,2.5,2.75,2.53,7.65,8.7,6.744202492533337,7.11,6.48,3.47,7.0,1.82,5.5,6.1,0.0,0.1,5.0,1.06,1.25,0.42,0.5,0.08,0.75,34.199870000000004,218993.82297,6076451.3462458,0.0,1009953.44868,462193.53266,7767626.3504258,1139630.75107,1039683.057425797,2403777.88795,306536.0056600001,0.0,1405851.3349799998,139.19454000000002,9291.6625,4081.65426,1137.85104,0.0,1457496.619,7767626.018425796,16814.1185,263054.85632,314469.88304000004,232402.6642,140621.26503,350.94265,1780.5111499999998,21748.25752,36384.085020000006,759222.232405797,3823.96187,16661.36628,9553.29691,5681.94814,1822569.3890357967,440937.78854,2263507.1775757973,0.0,34.199870000000004,34.199870000000004,176440.338,42553.48497,218993.82297,792316.27374,289435.54009,1822569.3890358,3172130.1433800003,6076451.3462458,6295479.3690858,1472146.98134,7767626.3504258,1108632.5426900005,1197463.2364200002,1230614.4082400005,0.0,22876.29966999999,190086.37278,781512.6826600002,0.0,244699.77298,536812.9096800002,0.0,18974.04674,184013.83457,33151.17182,56887.925630000005,0.0,31821.34661,121.42149,1108632.54269,597694.1380700001,658528.8493899999,572106.13016,29534.7936,56887.925630000005,1256222.98746,90702.51914,233388.11409,260558.273,58594.784340000006,75000.0,0.0,0.0,-160764.94325,0.0,-273.64711,233114.46698,0.0,8998.929619999999,-797.19118,-210390.5639,-8174.137279999999,67951.01489999998,,,16.34072468809527,13.76848108386257,16.108391330685127,15.760108134711599,15.968508943798287,11.214695742041865,17.243067746846986,7.628957401273207,17.485800727895572,22.783688312553007,17.191504456090254,21.776319163924224,17.472807319204673,18.99550997469125,15.871669195437184,17.6140527617407,13.685629343157405,13.734536030120328,11.095338320342591,14.390990305818399,7.346026659243386,20.0921866147037,13.010411826407307,11.100655718342528,19.449066493456776,13.621724579677021,16.410719717090515,13.345570136644408,2990.3526179214346,2519.6320383468496,16.108391330685127,693.4447579273104,127.7480715503863,89.71756593633492,1069.070200304513,53.40270180891245,17.485800727895572,22.783688312553007,68.76601782436101,65.32895749177268,436.8201829801168,170.95958977222125,158.71669195437184,17.6140527617407,602.1676910989258,109.87628824096262,88.76270656274073,892.2413989607408,51.422186614703705,20.0921866147037,13.010411826407307,44.40262287337011,58.347199480370335,340.54311449192556,147.69647745381465,133.4557013664441,6.249596085396227,13005.40945370955
2012-05-01,,,,,,,,,,,,,,,,,6.0,16853.0,598.0,,,17451.0,,,,,,,,37935.0,295275.809,94637.537,46416.0539,48221.4831,-200638.272,25690.373,1213.877,3294.9357000000005,11.586,0.0,3188.79,2541.237,13145.813,840.9060000000001,1386.233,2282.634,2761.594,28.232,1742.944,961.68,213.895,891.48,29985.438,10775.646,1111.105,3032.5697000000005,11.366,0.0,2351.526,2495.277,12201.032,706.7810000000001,1068.544,1579.443,2447.629,27.014,1293.219,664.537,193.225,457.435,25485.662,910.981,0.0,5882.47,0.0,2156.852,4371.493,5893.594899999999,1558.978,60.787,9.006,10880.505,14691.387,11.946,91.345,0.0,769.7230000000001,4710.528,443.455,8111.623,552.767,90177.81,7604.295,21.792,7240.998,2149.165,3420.638,92676.215,185.471,206.036,1182.682,761.111,0.0,4.628,73.444,291.594,20.25,100971.234,52122.469000000005,24502.756,76625.225,6462.004,7029.585,13491.589,13561.571,103678.385,103244.462,3871.682,12350.274,12707.683,1886.509,7128.167,15897.695,157086.47199999998,30156.965,3624.131,33781.096,729.856,295275.809,14914.727,102.772,262.366,0.22,0.0,837.264,45.96,944.781,134.125,317.689,703.191,313.96500000000003,1.218,449.725,297.14300000000003,20.67,434.045,4499.776,8864.975,16178.923100000002,25043.8981,0.0,52.005,52.005,2139.992,27235.8951,19830.393,24.737,39.037,181.486,31.395,5.148,262.124,20374.320000000003,358.34000000000003,250.528,608.868,2.4,48221.483100000005,3168147.0,1151289.0,56017057.0,18525356.0,1.0097,1.2806454545454544,1.5923772727272727,,,2900.409090909091,,,34.520146,4.260605,110.33952380952381,25.0,,,,19.0,24.0,,7.0,22.0,,,,,44.0,,25.0,19.0,15.0,48.0,21.0,10.0,19.0,22.0,20.0,20.0,42.0,28.0,,,,23.88888888888889,,,,,,,,,,,,,,,,,,,,,,,,,,,,,,,,,,,,,,,,,,,,,,,,,,2.5,3.5,2.5,2.65,2.5,2.6,2.5,2.75,2.53,7.65,8.7,6.734870624181968,7.09,6.43,3.48,7.0,1.82,5.5,6.15,0.0,0.31,5.0,0.94,1.25,0.36,0.5,0.09,0.75,37.69887,229031.83941,6083140.5286658,0.0,1009755.52568,456754.22536,7778719.817985799,1171585.28572,1036800.644505797,2409554.79509,307258.85218999995,0.0,1387010.4894400002,219.96927,9289.27447,4081.65426,1072.92804,0.0,1451845.925,7778719.817985796,16874.74077,263898.52463,314104.40342,236695.16139,143731.18046,349.98551000000003,1166.08299,17862.81335,35536.70583,758575.962055797,3964.84827,16670.41772,9504.9272,5681.94814,1824617.7017357969,435639.71869,2260257.420425797,0.0,37.69887,37.69887,186571.96401,42459.8754,229031.83941,811093.91119,271053.69804000005,1824617.7017358,3176375.2177,6083140.5286658,6312210.0669458,1466509.75104,7778719.817985799,1068841.55355,1158400.98814,1184222.78668,0.0,7227.299310000005,164737.10936000003,783452.9926600001,0.0,245094.75298,538358.2396800001,0.0,18974.04674,184009.54007,25821.79854,56311.68875000001,0.0,33120.863990000005,126.88185,1068841.55355,589883.05246,602511.1311,516589.64875,29609.7936,56311.68875000001,1192394.18356,67240.94125999992,203432.82795000004,256099.273,69724.79398999999,75000.0,0.0,0.0,-197391.23904,0.0,-327.1888000000001,203105.63915000003,0.0,8998.929619999999,-803.55946,-210390.5639,-11192.498129999998,77522.99397999987,,,16.07727411729058,13.617363919089046,17.228195736673133,15.796442781770175,16.38102419923221,12.749066634788912,16.86006391202794,8.229682686722168,20.729430083413128,16.894923228642813,15.21403337561173,21.129800363760975,16.36370237230647,18.522781822910996,15.622953368501276,20.07741935483871,13.704022548644508,13.977031692338672,10.85967741935484,14.139224122864492,8.098248847926266,20.04612903225806,12.745598441111007,11.855902345788472,18.48175446994024,13.319081028831524,15.351745890139362,13.010653625308205,2942.1411634641763,2491.9775971932954,17.228195736673133,695.0434823978876,131.0481935938577,101.9925330783113,1045.3239625457322,57.607778807055176,20.729430083413128,16.894923228642813,60.85613350244692,63.38940109128292,409.0925593076618,166.70503640619896,156.22953368501277,20.07741935483871,602.9769921403583,111.81625353870938,86.87741935483872,876.6318956175985,56.68774193548387,20.04612903225806,12.745598441111007,47.42360938315389,55.44526340982071,332.97702572078805,138.16571301125427,130.10653625308206,6.255702577781598,13018.117064363505
2012-06-01,2915.89176113519,1061.6843646868954,378.72465175785294,196.73959083221325,72.39396805841615,56.20703894593059,288.4261124177853,186.40251997269309,8.332386322466638,,2455.0518113410026,17.68148733444008,200.5489035411235,460.8399497941873,,448.7507372653729,5.0,13038.0,472.0,,,13510.0,,,,,,,,36656.0,268137.492,175778.497,58951.28674,116827.21026,-92358.99499999997,95975.74626,1997.177,12661.03492,54.791,0.0,3779.676,1675.095,4234.109,766.1850000000001,1174.107,1359.157,3341.993,79.08,2353.52,705.5310000000001,33.836,706.413,20208.702,6099.20426,1833.35,12558.83492,54.791,0.0,2566.8740000000003,1637.556,3506.4880000000003,661.994,942.84,1014.055,3014.788,71.424,2011.888,368.081,27.036,351.246,16174.270000000002,11192.781,0.25,5641.745,0.0,1193.318,4433.307,6297.57474,1786.365,6.534,0.748,25615.075,2783.5890000000004,27.178,100.981,0.0,455.506,1278.49,336.79,3.594,581.0500000000001,88180.029,9061.12,76.902,5559.193,1629.196,2046.682,65424.997,515.284,163.472,891.666,901.768,0.0,9.358,0.0,101.792,3.709,71687.92399999998,49714.352,28550.291,78264.643,7945.654,7499.618,15445.272,14379.056,108088.971,63180.656,3919.669,19536.794,11275.811,2363.153,7319.766,16690.254,124286.10300000002,30853.086,3934.928,34788.014,974.404,268137.492,89876.542,163.827,102.2,0.0,0.0,1212.802,37.539,727.621,104.191,231.267,345.10200000000003,327.205,7.656000000000001,341.632,337.45,6.8,355.16700000000003,4034.4319999999993,13837.494,35213.20826,49050.70226,56.0,800.3340000000001,856.3340000000001,47002.52,96909.55626,14548.038,27.777,83.024,200.057,29.261,6.821,919.642,15814.62,3473.935,622.069,4096.004,7.03,116827.21026,3883631.0,890042.0,42237375.0,52899197.0,1.028,1.2541333333333333,1.5556238095238097,,,2850.3547619047617,,,36.017668,4.221386,95.15571428571428,31.0,,,,19.0,25.0,,7.0,53.0,,,,,28.0,,26.0,17.0,17.0,47.0,26.0,12.0,27.0,26.0,19.0,20.0,34.0,24.0,,,,25.444444444444443,,,,,,,,,,,,,,,,12.5,690.6,197.1,-133.4000000000001,346.7,183.7,7.2,33.1,0.1,29.0,4.0,33.1,50.299999999999926,0.0,62.8,0.0,0.0,21.4,105.3,7.6,0.0,197.1,0.0,37.8,0.0,43.7,31.3,0.0,3.6,346.7,230.3,710.3000000000001,576.9,576.9,2.5,3.5,2.5,2.65,2.5,2.6,2.5,2.75,2.53,7.65,8.7,6.586776789569482,7.16,6.42,3.48,7.0,1.82,5.5,6.16,0.0,0.5,5.0,0.5,1.25,0.34,0.5,0.09,0.75,55.11054000000001,217287.25249,6142183.4290958,0.0,1009755.52568,456290.1870542717,7825571.504860071,1176426.02439,1036897.678675797,2418219.1717000003,307048.79555000004,0.0,1420934.12181,322.19568,9286.913849162796,4081.65426,1082.92804,0.0,1451272.0209051091,7825571.504860069,16732.35857,262409.28234,316143.18652000005,237100.34981,140236.82085,354.88555,1168.43379,17807.025309999997,36614.44705999999,760594.9772057971,3963.39759,16686.663139999997,10380.72623,15681.94814,1835874.5021057972,435165.6913842719,2271040.1934900694,-0.0801499999999997,55.19069,55.11054000000001,174354.522,42932.73049,217287.25249,813651.9584199999,303952.70319,1835874.5021058,3188704.26538,6142183.4290958,6359525.7921258,1466045.7127342718,7825571.504860071,1024876.06259,1110820.3048,1134865.87187,0.0,11950.009569999997,111800.00952,784086.6989000002,0.0,245776.66928,538310.0296200002,0.0,18974.04674,184009.54007,24045.567070000005,47605.59806,0.0,38211.7623,126.88185,1024876.0625900002,585341.33916,505267.5661,428027.17444,29634.7936,47605.59806,1090608.90526,18127.244609999863,170340.63576,260699.273,36700.90349,75000.0,0.0,0.0,-202059.54073000004,0.0,-3326.42821,167014.20755,0.0,8969.30987,-2788.15931,-210390.5639,-12674.952529999997,67997.40292999987,,,15.795901294451292,13.241666166815097,19.705692771606557,15.12340636544631,17.360087324556858,12.26827060811934,16.3167585017164,9.260421362068964,24.29017338075322,15.736357244411284,15.414955028914234,19.2640665789025,16.481289705450635,18.231610960604208,15.643023217180053,17.216055118659,12.947193055801982,13.931701166431955,9.998706896551724,13.715237565250895,7.824039408866995,17.023793103448277,13.158164012107179,11.072230053457789,17.33211911019154,13.504403619097301,15.733601233929312,13.409635329896517,2890.6499368845866,2423.224908527163,19.705692771606557,665.4298800796377,138.88069859645486,98.14616486495471,1011.6390271064167,64.82294953448276,24.29017338075322,15.736357244411284,61.659820115656935,57.7921997367075,412.03224263626583,164.08449864543786,156.43023217180053,17.216055118659,569.6764944552873,111.45360933145564,79.98965517241379,850.3447290455554,54.76827586206896,17.023793103448277,13.158164012107179,44.288920213831155,51.996357330574625,337.61009047743255,141.6024111053638,134.09635329896517,6.070186884063693,12632.058905736545
2012-07-01,,,,,,,,,,,,,,,,,6.0,13256.0,834.0,,,14090.0,,,,,,,,51253.0,269877.188,61447.941,34518.93608,26929.00492,-208429.24700000003,10464.448,1791.625,1291.6838,21.196,1.26,3455.55,1320.39,4825.724,404.038,1337.929,1487.961,3052.937,34.809,807.399,644.99,345.528,709.753,18427.008,9145.625,1760.099,1244.8908,21.196,1.26,2606.273,1317.327,3936.157,205.171,1136.652,1180.252,2587.164,24.724,637.159,494.762,345.508,386.174,14857.323000000004,0.0,0.015,6148.1230000000005,0.0,1542.794,5159.329,4672.395080000001,1406.208,1.76,0.766,12046.681,3540.865,13.369,83.046,0.0,527.675,1611.368,525.811,0.333,779.263,79580.26,9548.744,12.501,4146.731,1549.136,2035.63,68061.028,923.769,299.01300000000003,784.751,1239.731,0.0,22.571,76.249,253.463,430.6,75675.94100000002,41796.998,28005.132,69802.13,5378.929,8531.244,13910.173,14191.928,97904.231,78896.689,3491.867,11422.448,12053.785,2867.844,4650.328,17293.41,130676.371,36346.71,3081.907,39428.617,1867.969,269877.188,1318.823,31.526,46.793,0.0,0.0,849.277,3.063,889.567,198.867,201.277,307.709,465.773,10.085,170.24,150.228,0.02,323.579,3569.6850000000004,529.962,7609.595919999999,8139.557919999999,0.0,17.402,17.402,659.8000000000001,8816.759919999999,16975.249,45.485,30.875,125.393,31.757,2.7,175.82,17387.279000000002,585.1800000000001,139.42600000000002,724.6060000000001,0.36,26929.00492,3256296.0,776512.0,80429313.0,45148972.0,1.0142,1.2277619047619048,1.5592761904761905,,,2920.1166666666663,,,28.665239,4.864546,102.61857142857141,27.0,,,,18.0,17.0,,6.0,72.0,,,,,26.0,,34.0,19.0,15.0,56.0,28.0,14.0,15.0,41.0,21.0,21.0,41.0,28.0,,,,27.72222222222222,,,,,,,,,,,,,,,,,,,,,,,,,,,,,,,,,,,,,,,,,,,,,,,,,,2.5,3.5,2.5,2.65,2.5,2.6,2.5,2.75,2.53,7.65,8.7,6.718997775430263,7.08,6.4,3.48,7.0,1.54,5.25,6.12,0.0,0.6,5.0,0.92,1.25,0.29,0.5,0.1,0.75,34.711870000000005,217066.1943,6116103.2586658,0.0,1009337.52559,455486.42765,7798028.1180758,1154153.99492,1032156.366165797,2425945.45182,311729.85247999994,0.0,1409218.49945,385.17498,9236.79599,4081.65426,1436.92804,0.0,1449683.39997,7798028.1180757955,16608.36935,263414.01124,320585.37203,238210.18758000003,140636.69340000002,354.57351,1171.44749,18380.67252,41596.15812,762684.007925797,3929.24994,16510.859800000002,10380.10899,15681.94814,1850143.6600357967,435080.21398,2285223.874015797,0.0,34.711870000000005,34.711870000000005,174238.03177,42828.16253,217066.1943,774030.95866,288862.36489,1850143.6600358,3203066.27508,6116103.2586658,6333204.1648358,1464823.9532400002,7798028.118075799,1009279.7391600002,1091145.5719500002,1115412.6410800002,0.0,14466.10036,93849.09902,789150.4188500001,0.0,247049.42924,542100.9896100002,0.0,18104.82032,175575.13340000002,24267.069130000003,47921.3407,0.0,33812.16354,132.32854999999998,1009279.7391600003,618932.19796,508309.51023,432233.15443,28155.0151,47921.3407,1127241.7081900002,70040.62832999976,222415.29519,260649.273,62242.81973,75000.0,0.0,0.0,-175476.79754000003,0.0,-1155.9198500000002,221259.37534,0.0,9062.34703,-3108.75371,-200752.29134,-12704.722390000004,56284.67339999975,,,15.444763012414024,12.913473867747802,15.872261461656032,14.633428145730841,15.99173258402205,11.66680819855582,15.55619724819912,8.597484935601521,22.63475954973688,17.716301267581414,15.439490934056057,21.051360965537892,16.9854769331475,18.494035375299216,16.43672320432378,18.574374143261643,12.521017872562723,14.041936568763404,9.624475806451612,13.159253050253207,7.368945607752176,17.156774193548387,14.255843803548297,12.528183141809986,16.590894254886475,13.230157726291024,15.541910848502571,13.494977576734735,2826.3916312717665,2363.1657177978477,15.872261461656032,643.870838412157,127.9338606721764,93.33446558844656,964.4842293883455,60.18239454921064,22.63475954973688,17.716301267581414,61.75796373622423,63.15408289661367,424.6369233286875,166.44631837769296,164.3672320432378,18.574374143261643,550.9247863927598,112.33549255010723,76.99580645161289,815.8736891156989,51.582619254265225,17.156774193548387,14.255843803548297,50.112732567239945,49.77268276465943,330.7539431572756,139.87719763652314,134.94977576734735,5.856020913810985,12186.37952164066
2012-08-01,,,,,,,,,,,,,,,,,5.0,15895.0,448.0,,,16343.0,,,,,,,,43191.0,252959.671,66394.94200000001,43707.21994000001,22687.72206,-186564.729,9573.832,2028.857,1285.30456,72.498,79.20700000000001,3184.981,2383.939,16862.721,587.864,673.658,1909.376,3142.1910000000003,65.82000000000001,907.042,1305.771,398.327,676.134,32097.824000000008,7876.641,2026.724,1194.40256,72.498,3.79,2497.052,2280.847,14844.884,453.483,538.988,1587.085,2669.48,56.403,622.558,770.1220000000001,388.577,385.292,27094.771,0.0,3.853,5892.5380000000005,0.0,1329.649,4891.21,4533.272940000001,1842.861,11.222,0.002,9336.524,15866.088000000002,19.889,80.162,0.0,577.673,2452.281,377.523,11699.728,658.832,100662.008,8879.449,4.839,6783.646,2186.062,881.26,52541.49,181.334,87.27,836.024,1156.361,0.0,20.664,36.804,156.32,6.017,58089.60599999999,44288.349,26749.724,71038.073,6342.809,9831.443,16174.252,16424.507,103636.832,49741.14,3733.273,13986.669,14128.757,3056.128,9195.66,16428.632,110270.259,34163.464,3588.4,37751.864,1300.716,252959.671,1697.191,2.133,90.902,0.0,75.417,687.929,103.092,2017.837,134.381,134.67000000000002,322.291,472.711,9.417,284.484,535.649,9.75,290.842,5003.053,191.723,9090.766059999998,9282.489059999998,0.0,26.327,26.327,2273.711,11582.527059999997,10125.227,17.993000000000002,20.15,90.988,17.144000000000002,73.396,202.909,10547.807,450.265,106.373,556.638,0.75,22687.72206,2683323.0,1045005.0,77124055.0,52743269.0,0.9924,1.2406217391304348,1.5722173913043478,,,3032.6665217391305,,,41.928492,4.660821,113.35608695652174,30.0,,,,20.0,16.0,,8.0,51.0,78.0,,,,24.0,,27.0,19.0,15.0,56.0,29.0,14.0,18.0,46.0,26.0,20.0,44.0,26.0,,,,29.842105263157894,,,,,,,,,,,,,,,,,,,,,,,,,,,,,,,,,,,,,,,,,,,,,,,,,,2.5,3.5,2.5,2.65,2.5,2.6,2.5,2.75,2.52,7.65,8.7,6.712211560133895,7.04,6.37,3.49,7.0,1.54,5.25,6.18,0.0,0.6,5.0,1.03,1.25,0.24,0.5,0.1,0.75,34.67387,215952.23596,6149772.4922258,0.0,1007901.28568,461901.07386,7835561.7615958,1163173.06545,1035857.775605797,2429468.99891,313428.1141,0.0,1423831.44799,406.15512,9234.41513,4081.65426,878.44404,0.0,1455201.69099,7835561.761595798,16819.51712,266003.31531,322838.13774000003,237264.23263,132283.00715000002,352.09051,1169.52272,17708.69452,43877.41057,767619.1798357969,3935.40483,16565.6311,10569.56106,5681.94814,1842687.6532357968,442125.7851900001,2284813.4384257966,0.0,34.67387,34.67387,174140.65536,41811.5806,215952.23596,784091.81972,311581.13126999995,1842687.6532358,3211411.888,6149772.4922258,6365759.4020558,1469802.35954,7835561.7615958,1005965.7420600002,1088051.0354600002,1112892.3054000002,0.0,9602.35902,94002.71643,790766.2807300001,0.0,247277.36616,543488.9145700001,0.0,18104.82032,175574.85896,24841.26994,48035.42097,0.0,33917.543880000005,132.32854999999998,1005965.74206,592813.7706599999,494245.60581,418055.16974,28155.0151,48035.42097,1087059.37647,33058.213439999745,179339.52427000002,213309.273,60107.35295000001,75000.0,0.0,0.0,-169077.10168,0.0,-65.81969000000004,179273.70458000002,0.0,9062.34703,-2694.1985600000007,-200752.29134,-11813.96117,59982.61289999971,,,14.940196341094888,12.478712296486663,16.585194346876786,14.403122273102152,16.108924280085304,11.648121223387097,14.918230337892965,8.402366505676698,22.583892161290322,23.60513302880334,15.275237067371057,20.734829394272833,15.215103305103021,18.17890379498704,16.4447967115258,17.84021920397848,12.13396508663897,14.20051080002685,9.641088709677419,12.690552955116777,6.744746543778802,17.47451612903226,13.709895366164782,12.12252178862898,15.83745339467142,12.491789710199269,14.861222648522482,13.387675671422908,2734.055930420365,2283.604350257059,16.585194346876786,633.7373800164947,128.87139424068243,93.18496978709678,924.9302809493638,58.816565539736885,22.583892161290322,23.60513302880334,61.10094826948423,62.204488182818494,380.3775826275756,163.61013415488338,164.447967115258,17.84021920397848,533.8944638121146,113.6040864002148,77.12870967741935,786.8142832172401,47.21322580645161,17.47451612903226,13.709895366164782,48.49008715451592,47.51236018401427,312.2947427549817,133.75100383670235,133.8767567142291,5.750072209721121,11965.900268429654
2012-09-01,2910.648772256344,1056.633017234443,375.5784144673793,191.54782762396616,72.78366723059298,47.57123689352343,315.64105166191484,180.8842213720769,6.991379111706494,,2472.94646835845,0.0,209.2468456322933,437.7023038978936,,453.7711110284477,4.0,11781.0,494.0,,,12275.0,,,,,,,,27230.0,328631.363,74774.875,37242.64468,37532.23032,-253856.488,11940.995,1076.821,1470.2898,47.806,0.0,3029.367,2954.696,6773.581,762.8240000000001,1031.119,1883.848,2566.983,5.958,1300.224,422.526,65.489,818.303,21614.918,9717.592,1002.589,1377.5148000000002,47.345,0.0,2158.602,2912.014,4746.3550000000005,578.721,907.131,1517.909,2290.257,5.958,1172.983,370.616,12.239,574.703,17247.488000000005,0.002,0.002,6177.785,0.0,1990.631,4719.251,5222.49468,1892.237,56.777,7.2,11110.068,6066.197,0.0,97.834,0.0,397.029,4809.585,376.805,2.1590000000000003,382.785,76409.71800000001,5507.982,52.82,4737.758,2152.601,918.795,123869.015,288.517,225.435,873.298,325.103,0.0,23.944,0.0,383.661,4.003,129064.372,43615.821,19575.087,63190.908,6508.433,8762.709,15271.142,13631.101,92093.151,147668.324,3147.907,12112.128,10679.907,2587.931,4219.561,17358.777000000002,197774.535,34442.192,3501.423,37943.615000000005,820.062,328631.36299999995,2223.403,74.232,92.775,0.461,0.0,870.765,42.682,2027.226,184.103,123.988,365.939,276.726,0.0,127.241,51.91,53.25,243.6,4367.43,356.324,7761.60732,8117.93132,3.0,6.207,9.207,1773.254,9900.39232,26660.503,12.047,4.861,113.58,2.202,0.86,379.334,27173.387,237.19,185.011,422.201,36.25,37532.23032,2680686.0,797798.0,53436060.0,12132001.0,0.9783,1.2884578947368421,1.6126368421052633,,,3136.8026315789475,,,36.318452,4.403335,112.8636842105263,28.0,,,,18.0,26.0,,14.0,,,,,,40.0,,27.0,14.0,16.0,41.0,30.0,15.0,14.0,11.0,20.0,21.0,34.0,20.0,,,,22.88235294117647,,,,,,,,,,,,,,,,19.5,641.8,155.893,-155.12599999999998,317.234,92.9,2.3,35.347,5.547,23.9,5.9,35.347,-62.22599999999999,0.0,42.2,0.0,0.0,25.293,67.9,20.5,0.0,155.893,0.0,34.0,0.0,46.386,28.15,0.0,2.6,317.234,206.098,663.5999999999999,508.47399999999993,508.47399999999993,2.5,3.5,2.5,2.65,2.5,2.6,2.5,2.75,2.52,7.65,8.7,6.7144414074173975,7.04,6.9,3.52,7.0,1.54,5.25,6.26,0.0,0.52,4.75,0.99,1.25,0.25,0.5,0.11,0.75,35.071870000000004,215390.40681,6121089.8617958,0.0,1007972.29468,461577.13671,7806064.7718658,1117532.00642,1029264.5876157972,2439907.63807,320074.57919,0.0,1429736.5291799998,416.28681,9234.41513,4081.65426,1327.5647,0.0,1454489.51049,7806064.771865797,16661.5543,269000.89373,316930.49061000004,236369.24009,133538.99534,311.04751,1167.85505,21322.03352,44566.20745,752089.847435797,3877.52817,16638.86695,10580.836630000002,15681.94814,1838737.344925797,441424.03664000006,2280161.381565797,0.0,35.071870000000004,35.071870000000004,174064.68881999998,41325.717990000005,215390.40681,759753.21092,287884.99948,1838737.3449258,3234714.30647,6121089.8617958,6336515.3404758,1469549.43139,7806064.7718658,1007926.5812800002,1094773.02442,1113355.7696000002,0.0,4820.957069999999,116276.03754,779996.3505300002,0.0,246561.90596,533434.4445700002,0.0,18104.82032,175574.85896,18582.74518,48194.67972,0.0,38519.43487,132.32854999999998,1007926.5812800002,589561.51083,638567.0288,562217.33398,28155.0151,48194.67972,1228128.53963,172007.2786300001,318326.95261000004,242109.273,85966.0182,75000.0,0.0,0.0,-84748.33859,0.0,-1463.33841,316863.6142,0.0,8983.56803,-2582.4374400000006,-200752.29134,-11785.63225,61280.45743000007,,,15.024699524415833,12.576904985550282,17.54731585564979,14.363360477499233,15.88219150439191,11.984042916288404,15.154179215540063,8.030550558380952,21.798007302789554,17.30077844177268,16.370824581235034,19.577218952789558,15.650378953632078,17.461364657835475,16.955649877569595,16.01927927251847,12.300800572993264,13.144115984652732,10.068379987009259,12.777325569606928,6.943761904761904,17.3071866147037,13.50055854503694,12.10130919457402,16.643586441493813,12.787096317167393,14.856901898897098,13.52853551674441,2749.5200129680975,2301.5736123557017,17.54731585564979,631.9878610099662,127.05753203513528,95.87234333030723,939.5591113634839,56.213853908666664,21.798007302789554,17.30077844177268,65.48329832494014,58.731656858368666,391.25947384080195,157.15228192051924,169.55649877569596,16.01927927251847,541.2352252117037,105.15292787722186,80.54703989607407,792.1941853156295,48.60633333333333,17.3071866147037,13.50055854503694,48.40523677829608,49.930759324481436,319.6774079291848,133.71211709007386,135.28535516744412,5.777269378355301,12022.497576357382
2012-10-01,,,,,,,,,,,,,,,,,10.0,25726.0,641.0,,,26367.0,,,,,,,,36071.0,348173.027,76167.562,46478.70074,29688.86126,-272005.465,9004.046,1650.855,1282.58642,70.534,6.543,3551.0660000000003,2768.136,14981.987,692.341,1582.005,2132.986,3879.202,26.787,2491.367,692.467,264.439,859.206,33921.989,6374.918000000001,1623.81,1145.65242,55.598,6.543,3260.744,2768.054,14447.22,464.195,1403.398,1409.145,2844.582,16.715,1593.419,576.094,264.439,509.478,29557.483000000004,0.0,0.0,6424.263,0.0,1878.941,4855.356,6772.251740000001,1440.677,5.974,2.76,11530.323,13568.155,21.799,78.849,0.0,497.376,1366.388,553.832,10534.457,515.4540000000001,109052.829,8489.765,37.198,6497.164,1716.577,2054.474,91820.516,131.261,211.563,1574.501,937.346,0.0,5.364,38.327,1996.801,3.4530000000000003,100490.18300000002,60095.281,29901.003,89996.284,7366.124,10876.786,18242.91,22803.986,131043.18,94107.589,4137.439,18361.934,13832.807,4677.817,7739.264,20935.615,163792.465,45887.589,5202.997,51090.586,2246.796,348173.027,2629.128,27.045,136.934,14.936,0.0,290.322,0.082,534.767,228.146,178.607,723.841,1034.62,10.072,897.948,116.373,0.0,349.728,4364.506,743.801,8238.43826,8982.23926,2.5,19.152,21.652,1198.153,10202.04426,18353.101,11.615,21.698,285.099,8.823,0.054,295.242,18975.632,265.005,237.93,502.935,8.25,29688.86126,3609768.0,649545.0,52197383.0,7773285.0,0.9872,1.2973818181818182,1.607968181818182,,,3060.2619047619046,,,48.105038,4.333424,111.7108695652174,30.0,,,,15.0,23.0,,10.0,,,,,,43.0,,26.0,21.0,15.0,39.0,28.0,11.0,11.0,9.0,18.0,18.0,29.0,22.0,,,,21.647058823529413,,,,,,,,,,,,,,,,,,,,,,,,,,,,,,,,,,,,,,,,,,,,,,,,,,2.5,3.5,2.5,2.65,2.5,2.6,2.5,2.75,2.52,7.65,8.7,6.7144169794382496,7.01,6.87,3.54,7.0,1.54,5.25,6.28,0.0,0.54,4.75,0.99,1.25,0.24,0.5,0.1,0.75,34.73687,235717.11085,6196346.01349545,0.0,1007573.55868,463800.82853,7903472.248425449,1203280.58167,1031695.404645447,2445803.25124,317285.73539999995,0.0,1434032.8882600002,416.3431900000001,9231.29133,4081.65426,1524.8294,0.0,1456120.26903,7903472.248425447,16875.66308,260756.0661,325923.90572000004,235291.83831,130909.8085,445.11951,1171.9773300000002,19160.61552,33573.8740496498,756044.1609857971,3773.7638,16549.59784,10501.69597,15681.94814,1826660.034855447,443475.70284,2270135.737695447,0.0,34.73687,34.73687,194408.48254,41308.62831,235717.11085,832851.49474,296853.32707,1826660.0348554496,3239981.15683,6196346.01349545,6432097.86121545,1471374.3872099998,7903472.24842545,970803.7261100002,1054759.4931400002,1072710.77503,0.0,9821.617419999997,92212.32520999998,759050.6457100001,0.0,246395.19364,512655.4520700001,0.0,18104.82032,175570.08448,17951.281890000002,47998.10655000001,0.0,35825.33193,132.32854999999998,970803.7261100002,592946.55565,643597.2314099999,567444.1097599999,28155.0151,47998.10655000001,1236543.78706,217741.95439999975,358467.59559,254209.273,88609.46237000001,75000.0,0.0,0.0,-59351.139780000005,0.0,-807.3078800000001,357660.28771,0.0,9461.591289999998,-1968.52642,-200752.29134,-11099.54486,64440.438019999776,,,15.409199141567871,12.829223898076648,16.96666267890593,14.465595506479419,15.814447500728424,12.275405675407502,15.748721424915676,8.13656970798934,22.36439000404936,15.738475587530882,16.352433686825492,21.127023265240574,16.213819669288423,18.29021411968519,17.148394728915424,14.724011696344006,12.568209360163733,13.136718606823427,10.463669354838709,13.068752124272748,7.235463587286226,18.337741935483873,12.745598441111007,11.864557222213206,17.557397765651128,13.022901480295328,15.144844103612083,13.72188727929746,2819.8834429069207,2347.747973348027,16.96666267890593,636.4862022850944,126.51558000582739,98.20324540326001,976.4207283447719,56.95598795592538,22.36439000404936,15.738475587530882,65.40973474730197,63.38106979572172,405.3454917322106,164.6119270771667,171.48394728915426,14.724011696344006,553.0012118472042,105.09374885458742,83.70935483870967,810.2626317049104,50.64824511100358,18.337741935483873,12.745598441111007,47.45822888885282,52.67219329695339,325.5725370073832,136.30359693250878,137.2188727929746,5.924618353969568,12329.130794610672
2012-11-01,,,,,,,,,,,,,,,,,41.0,60015.0,9486.0,,,69501.0,,,,,,,,42975.0,307741.865,72681.27900000001,38206.83784,34474.44116,-235060.586,11016.0118,911.147,459.81304000000006,22.391,0.05,3387.1040000000003,4367.646,5225.722,737.467,2627.924,3154.699,4501.906,63.658,1741.886,1157.599,334.02,1075.017,28374.648,7841.1668,877.267,389.26104,22.364,0.05,2473.308,4116.843,4191.515,623.764,1646.038,2783.228,3948.126,52.671,1259.171,785.77,334.02,601.962,22816.416,5.39,3.5460000000000003,7485.283,0.0,2851.607,4684.072,6811.67484,741.854,58.247,0.0,11260.61,4304.553999999999,17.372,314.291,0.0,865.682,1627.11,1070.722,2.488,406.889,100929.817,7389.139,23.797,5431.2210000000005,1561.854,2104.605,81847.724,337.077,229.211,1524.523,767.9110000000001,0.0,6.4,36.584,432.118,25.654,88873.661,56992.98,28936.978,85929.958,5319.353,12406.6,17725.953,21652.985,125308.896,86391.416,3484.232,11895.71,11534.882,4190.575,8863.469000000001,19165.046,145525.33000000002,32171.519,3756.907,35928.426,979.213,307741.865,3174.8450000000003,33.88,70.552,0.027,0.0,913.796,250.803,1034.207,113.703,981.886,371.471,553.78,10.987,482.715,371.829,0.0,473.055,5558.232000000001,524.113,8320.578160000001,8844.69116,0.0,44.234,44.234,2430.87,11319.79516,21190.357,27.708,8.24,166.19,4.5,3.063,860.8290000000001,22260.887,429.955,463.804,893.759,0.0,34474.441159999995,3968372.0,601759.0,23289759.0,5398996.0,0.997,1.28374,1.59683,,,2941.015238095238,,,47.190353,4.233911,109.05857142857143,36.0,,,,17.0,16.0,,9.0,,,,,,49.0,,24.0,21.0,14.0,37.0,31.0,11.0,11.0,8.0,18.0,17.0,26.0,23.0,6.0,,7.0,20.05263157894737,,,,,,,,,,,,,,,,,,,,,,,,,,,,,,,,,,,,,,,,,,,,,,,,,,2.5,3.5,2.5,2.65,2.5,2.6,2.5,2.75,2.52,7.65,8.7,6.70183023081004,7.03,6.91,3.59,7.0,1.54,5.25,6.78,0.0,0.46,4.75,0.95,1.25,0.23,0.5,0.09,0.75,34.693870000000004,242728.60799,6211815.59660486,0.0,1007608.83668,459594.11172,7921781.8468648605,1192888.4742500002,1046498.1407848638,2456759.68236,320968.68684999994,0.0,1437463.9142200002,416.41843,9226.47329,4081.65426,1511.10664,0.0,1451967.29578,7921781.846864864,16525.04086,261197.21674,335574.25746,235535.3943,127715.38002,444.52842,1169.11278,18294.62452,33856.253169066804,767930.4548957971,3806.82277,16511.58572,10265.14706,5681.94814,1834507.766854864,439317.99305,2273825.759904864,0.0,34.693870000000004,34.693870000000004,201334.37022,41394.23777,242728.60799,838401.4732,278011.46398,1834507.76685486,3260894.89257,6211815.59660486,6454578.89846486,1467202.9484,7921781.8468648605,972337.9908499998,1056180.0773999998,1073930.57744,0.0,16249.028369999996,114969.69537,731286.44886,0.0,247589.39178,483697.05708,0.0,18104.82032,175570.08448,17750.50004,48067.39808,0.0,35638.76789,135.92058,972337.9908500002,612659.47736,697000.7974999999,620748.38432,28185.0151,48067.39808,1309660.2748599998,289254.88593000005,439145.54965000006,260959.273,119885.10017,75000.0,0.0,0.0,-16698.82352,0.0,-2441.39611,436704.1535400001,0.0,8759.04393,-1606.36737,-200752.29134,-8997.374200000004,55147.72136999998,,,14.807445256318113,12.772689401792588,19.01882274145242,13.840498153394917,15.823943676138184,12.810874385635229,14.949197110105137,7.54298222316179,23.205875452604484,14.012829011933928,14.762864113961562,20.29423325912602,15.398534525061883,18.58504167770151,16.365050060892433,17.38009585291183,12.30377800389324,13.031706157423322,10.459396551724138,13.03277571355271,6.979753694581281,18.784137931034483,13.038508839693385,11.523837030641703,15.931020277535096,12.844961946723355,16.2783842920732,14.049607770567016,2709.762481906215,2337.4021605280436,19.01882274145242,608.9819187493764,126.59154940910547,102.48699508508183,926.8502208265185,52.800875562132525,23.205875452604484,14.012829011933928,59.05145645584625,60.882699777378065,384.9633631265471,167.26537509931364,163.65050060892432,17.38009585291183,541.3662321713026,104.25364925938658,83.6751724137931,808.032094240268,48.858275862068965,18.784137931034483,13.038508839693385,46.09534812256681,47.793060832605285,321.1240486680839,146.50545862865877,140.49607770567016,6.055727024527962,12601.96793804269
2012-12-01,3015.838443170934,1050.249756508212,398.1397359571068,197.89657387844105,73.97241821173023,69.83344654212202,288.4377397624412,195.03232867904123,10.495287584602668,,2528.756882480138,0.0,222.2157854696333,487.0815606907965,,509.5653705776041,62.0,74990.0,15389.0,,,90379.0,,,,,,,,52174.0,330226.45,88187.947,42756.772240000006,45431.17476,-242038.50300000003,8173.432,2837.409,659.8703999999999,126.752,1.02,3599.75,3080.0550000000003,16819.801,410.067,2145.308,1779.406,2414.243,18.124,1127.467,929.52,306.597,641.59,33271.928,4230.463,2807.718,526.9533999999999,126.752,1.02,3069.231,3035.831,14026.46,336.789,1700.878,1462.679,2191.358,9.845,921.169,783.6370000000001,263.481,255.667,28057.025000000005,0.0,1.029,4926.999,0.0,1021.523,3929.372,5789.06524,369.23,210.432,1.946,12383.121,14124.055,11.377,69.5,0.0,406.483,1594.009,324.628,10971.129,746.929,92957.075,7317.91,17.353,5454.214,2681.234,3162.731,100592.32,262.807,290.259,1749.021,1216.288,0.0,4.843,110.436,529.943,13.624,110613.506,50494.422,31731.766,82226.188,5595.981,10023.217,15619.198,29249.266,127094.652,111451.803,4073.981,12290.736,10987.795,3148.339,5083.8060000000005,17323.12,164359.58000000002,34462.812,2975.279,37438.091,1334.127,330226.45,3942.969,29.691,132.917,0.0,0.0,530.519,44.224,2793.341,73.278,444.43,316.72700000000003,222.885,8.279,206.298,145.883,43.116,385.923,5214.902999999999,367.527,8681.24176,9048.76876,164.0,7.575,171.575,2841.443,12061.786760000005,31865.837,14.207,14.609,98.969,4.225,2.388,203.873,32204.108,379.398,784.8720000000001,1164.27,1.01,45431.17476,27534502.0,471164.0,35474077.0,3131761.0,0.9898,1.3119450000000001,1.6144849999999997,,,3003.792,,,37.393195,4.340487,109.494,36.0,,,,16.0,16.0,,9.0,,40.0,,,,47.0,,26.0,23.0,14.0,43.0,31.0,11.0,12.0,8.0,15.0,18.0,26.0,26.0,,,,23.166666666666668,,,,,,,,,,,,,,,,20.6,752.7950000000001,239.688,-185.8080000000001,324.903,176.5,18.5,41.496,19.896,17.6,4.0,41.496,-9.308000000000106,0.0,68.202,0.0,0.0,26.9,85.586,59.0,0.0,239.688,0.0,22.169,0.0,56.089,29.445,0.0,2.3,324.903,214.9,791.8950000000001,606.087,606.087,2.5,3.5,2.5,2.65,2.5,2.6,2.5,2.75,2.52,7.65,8.7,6.546941988401074,6.94,6.76,3.61,7.0,1.45,5.25,7.53,0.0,0.39,4.75,0.92,1.25,0.25,0.5,0.07,0.75,106.81134,242465.7767,6226543.261281339,0.0,1007584.442,461630.8690255965,7938331.160346935,1199862.77118,1017535.425739739,2460663.4993700003,324842.974429796,0.0,1466211.178601809,415.59953,9266.10282,4001.44584,1610.1802655965,0.0,1453921.98257,7938331.160346939,16423.52606,259071.05515,317337.66397000005,245337.51536,111634.72364,440.55767,1122.53649,17342.46026,42706.29147,771858.547620932,4921.51336,16442.4998,10154.17664,4926.01362,1819719.0811109324,441270.70284,2260989.7839509323,0.0,106.81134,106.81134,201173.82227,41291.95443,242465.7767,852497.39933,283389.24224,1819719.08111093,3270937.53860041,6226543.261281339,6469115.849321339,1469215.3110255965,7938331.160346935,1173854.8363300003,1261909.6256900004,1282392.7826900005,0.0,2879.19196,237319.82968000005,827420.2836800001,0.0,275925.02220000006,551495.26148,0.0,18104.82032,176185.50005,20483.157,52064.62151999999,0.0,35854.24726,135.92058,1173854.83633,669274.47867,824966.2633000001,744651.6266800001,28250.0151,52064.62151999999,1494240.74197,268321.2841199999,415340.02564,260100.0,159516.44261000003,75000.0,0.0,0.0,-79276.41697,0.0,-2817.31551,412522.71013,0.0,8661.561660000001,-1011.93111,-200752.29134,-6905.887649999997,55807.12242999986,,,15.313486723759322,13.062916976173636,16.02944886401846,14.431792692951404,16.017107648013646,12.792240634864056,15.290074322613945,7.816784318352381,22.45232377224578,14.137722788202797,15.571409850268065,22.85664232501178,15.7955847525777,20.14017637078786,17.456603951243327,15.747545679370303,12.790009037765147,12.559119201069391,10.830361647180554,13.396776310561528,6.602476190476191,18.53922651077777,12.745598441111007,11.433229077657346,16.67379965358022,13.217061619322946,16.4404647463868,14.264268850077745,2802.3680704479557,2390.513806639776,16.02944886401846,634.9988784898618,128.13686118410916,102.33792507891245,947.9846080020646,54.717490228466666,22.45232377224578,14.137722788202797,62.28563940107226,68.56992697503534,394.88961881444254,181.2615873370907,174.5660395124333,15.747545679370303,562.7603976616665,100.47295360855513,86.64289317744444,830.6001312548146,46.217333333333336,18.53922651077777,12.745598441111007,45.732916310629385,50.021398960740676,330.42654048307367,147.96418271748124,142.64268850077744,6.086256187315324,12665.499125803188
2013-01-01,,,,,,,,,,,,,,,,,64.0,93132.0,19395.0,,,112527.0,,,,,,,,48288.0,323239.398,77262.174,35849.1793,41412.9947,-245977.224,13097.321,2120.102,2283.984,35.353,1.1,3319.4700000000003,1601.879,5289.606,1175.197,2415.58,2053.753,2719.737,31.752,1910.137,568.848,124.352,532.76,21743.071,8047.631,1851.421,2138.3740000000003,35.353,1.1,2557.539,1591.046,3457.068,919.911,2074.629,1705.02,2208.161,26.938,1556.491,387.425,124.352,387.318,16995.897999999997,0.0,0.05,8643.936,0.0,1893.456,4226.273,5538.6793,782.145,43.14,6.945,11977.592,2736.963,3.501,94.51,0.0,255.895,889.275,702.043,4.796,786.943,96555.082,9070.713,4.066,5981.832,1384.266,3109.836,105341.389,93.129,176.071,1085.746,622.843,8.66,8.97,10.064,39.195,7.505,111887.674,60307.652,22009.663,82317.315,4690.845,8962.85,13653.695,18013.331000000002,113984.341,107621.899,4690.01,9400.21,9165.488,2426.517,8313.709,19811.46,161429.293,39998.77,6305.51,46304.280000000006,1521.484,323239.39800000004,5049.6900000000005,268.681,145.61,0.0,0.0,761.931,10.833,1832.538,255.286,340.951,348.733,511.576,4.814,353.646,181.423,0.0,145.442,4747.173,636.511,6875.112700000001,7511.6237,0.0,12.684,12.684,3924.686,11448.9937,29142.298,3.654,48.668,188.23,7.604,10.879,300.532,29701.865,37.325,224.811,262.136,0.0,41412.9947,3162698.0,1447515.0,34415604.0,83031931.0,0.9921,1.3303904761904763,1.5965,,,3125.913333333334,,,40.452889,4.291267,112.96,39.0,,,,21.0,18.0,,6.0,7.0,,,,,47.0,,38.0,26.0,23.0,72.0,47.0,16.0,20.0,14.0,20.0,30.0,56.0,36.0,,,,29.77777777777778,,,,,,,,,,,,,,,,,,,,,,,,,,,,,,,,,,,,,,,,,,,,,,,,,,2.5,3.5,2.5,2.65,2.5,2.6,2.5,2.75,2.52,7.65,8.7,6.680657716529577,7.07,7.11,3.6,7.0,1.45,5.25,7.19,0.0,0.35,4.75,0.93,1.25,0.27,0.5,0.07,0.75,12035.87116,242600.72163,5948527.59191036,0.0,1008191.76462,429794.5372072415,7641150.486527602,941211.90544,985094.6152155868,2464139.9304200006,324097.253148814,0.0,1488620.480475959,415.77943,9102.24481,3943.7644,874.6428172415021,0.0,1423649.87037,7641150.486527601,16794.89473,258763.32671,320127.50076,229432.31848,121127.57781,432.12084,1074.15432,17149.5093,36498.43966,764112.3769757181,4732.01016,17126.13252,10251.70556,4598.99434,1802221.062165718,411259.60780000006,2213480.669965718,0.0,12035.87116,12035.87116,201186.65646,41414.06517,242600.72163,585119.81484,292979.43181,1802221.06216572,3268207.28309464,5948527.59191036,6203164.18470036,1437986.3018272417,7641150.486527601,1132826.845,1229390.77678,1250843.00954,0.0,20300.57448,247143.44811000003,767656.43382,0.0,275468.08798,492188.34584,0.0,18104.82032,176185.50005,21452.23276,51853.8421,0.0,44574.1691,135.92058,1132826.8450000002,613952.01229,783472.9594299999,703049.10223,28570.0151,51853.8421,1397424.9717199998,212744.28461999964,357324.10542000004,237400.0,110942.74261,75000.0,0.0,0.0,-66018.63719,0.0,-964.44242,356359.66300000006,0.0,8651.44741,-1003.326,-200752.29134,-8392.67106,57881.46260999954,,,15.510496764198924,13.15445637819299,16.582075967878726,15.199997083310585,15.57035556597779,13.048753665389476,15.515958841986459,7.9693908450230415,23.022192811850758,15.155998705535934,14.369591005919446,21.513891498673015,15.648611892620846,20.362930364587164,17.163100161170963,17.27783160433687,12.971697312702831,12.893594463561781,10.826770923741037,13.495350222025086,6.749769585253456,18.443445010430096,13.479753380394168,11.83491529930102,17.391750319725197,13.187182212248011,16.139190984380697,13.91395951724728,2838.4209078484027,2407.2655172093173,16.582075967878726,668.7998716656657,124.56284452782232,104.39002932311581,961.9894482031605,55.78573591516129,23.022192811850758,15.155998705535934,57.478364023677784,64.54167449601904,391.2152973155211,183.26637328128444,171.63100161170962,17.27783160433687,570.7546817589246,103.14875570849425,86.6141673899283,836.7117137655554,47.248387096774195,18.443445010430096,13.479753380394168,47.33966119720408,52.175250959175585,329.6795553062003,145.25271885942627,139.13959517247278,5.996510683009659,12478.738731343103
2013-02-01,,,,,,,,,,,,,,,,,60.0,74833.0,22488.0,,,97321.0,,,,,,,,48870.0,260206.131,97002.084,51266.0766,45736.0074,-163204.04700000002,20464.684,2985.207,1035.634,32.64,1.35,2975.051,3096.784,4052.931,765.3720000000001,1191.244,1650.23,5781.861,21.834,1489.458,1078.368,158.003,1082.391,23343.526999999995,12353.363,2774.601,916.126,32.528,1.35,2560.806,3028.781,2990.961,475.858,778.368,1381.235,5054.1720000000005,21.834,1270.133,882.075,131.461,474.866,19050.550000000003,319.454,3.56,5449.877,0.0,1947.031,4982.255,5952.625599999999,186.577,98.936,0.86,12383.499,19941.402,26.862,102.109,0.0,362.198,8154.194,394.967,10530.091,370.981,84277.997,7302.175,35.024,4914.004,1361.988,1530.516,85399.823,259.285,220.924,1589.722,972.116,0.0,40.944,0.17,408.63,268.623,92052.741,45072.821,25813.057,70885.878,4281.532,5939.385,10220.917,15333.458,96440.253,81610.819,4094.534,8971.799,8885.539,2371.652,3887.137,12973.892,122795.372,35068.349,4062.092,39130.441,1840.065,260206.131,8111.321,210.606,119.508,0.112,0.0,414.245,68.003,1061.97,289.514,412.876,268.995,727.689,0.0,219.325,196.293,26.542,607.525,4292.977,599.578,9514.0094,10113.5874,0.0,20.214,20.214,3559.473,13693.274399999998,31038.917,36.264,18.325,110.629,5.402,1.611,282.133,31493.281000000003,192.672,356.78000000000003,549.452,0.0,45736.0074,3254268.0,1094725.0,112862345.0,1430884.0,1.0098,1.3346736842105262,1.5474473684210526,,,3169.213157894737,,,34.100192,4.168394,116.05052631578947,48.0,,,,18.0,13.0,,10.0,7.0,,,,,44.0,,33.0,27.0,16.0,50.0,41.0,14.0,17.0,18.0,21.0,25.0,42.0,34.0,,,,26.555555555555557,,,,,,,,,,,,,,,,,,,,,,,,,,,,,,,,,,,,,,,,,,,,,,,,,,2.5,3.5,2.5,2.65,2.5,2.6,2.5,2.75,2.51,7.65,8.7,6.532118549769017,6.97,7.05,3.6,7.0,1.45,5.25,5.43,0.0,0.24,4.75,0.96,1.25,0.31,0.5,0.1,0.75,36.17225,242032.4063,5907501.293868531,0.0,1006737.28984,428801.078394528,7585108.240653058,925559.8597859,955053.1694102798,2469034.7981,318918.28507,0.0,1481003.760052358,415.9395300000001,8940.838960000001,3938.10094,1075.29724,0.0,1421168.191564528,7585108.240653067,17045.18233,256207.53484,328474.83878,226513.93275,116954.42257,424.08811,1026.81784,17048.132670000003,37662.4792439,749202.958706453,4563.46947,16973.412800000002,10185.40189,4575.06069,1786857.732690353,410292.639274528,2197150.3719648807,0.0,36.17225,36.17225,201073.98316,40958.42314,242032.4063,558756.87391,294311.05399,1786857.7326903502,3267575.63327818,5907501.293868531,6149569.87241853,1435538.368234528,7585108.240653058,1183045.95378,1268632.49045,1284516.44858,0.0,17061.24613,294874.17707,762377.1737800001,0.0,276185.88234,486191.29144,0.0,18104.82032,176215.07315,15883.95813,52593.02567,0.0,32857.59042,135.92058,1183045.95378,621096.48855,741922.58578,660695.34726,28634.21285,52593.02567,1363019.07433,127380.09487999996,337380.84261,260850.0,57947.13896,75000.0,0.0,0.0,-56416.29635000001,0.0,-3025.2679900000003,334355.57462,0.0,8651.77316,-930.04192,-200752.29134,-6655.2911300000005,-7289.628510000006,,,15.161915006325689,13.21219748527538,16.556948128064537,14.46126020955492,14.61559076265678,12.603107771515598,15.468138879074308,7.363075570825731,21.451236977735366,17.11488941676763,16.406227690460838,20.42869082818302,15.46399846745017,19.23372454813109,16.82817287770245,17.735085491587288,12.982303188547975,13.053901159374957,11.150839250917656,13.536210789084098,7.163724489795918,18.959885547261894,13.548927179563398,11.513724137043592,16.36660920832008,13.246667179149188,16.321545623465582,14.012252339369013,2774.630446157601,2417.832139805395,16.556948128064537,636.2954492204165,116.92472610125424,100.82486217212478,959.0246105026071,51.541528995780126,21.451236977735366,17.11488941676763,65.62491076184335,61.28607248454905,386.59996168625423,173.10352093317982,168.28172877702448,17.735085491587288,571.221340296111,104.43120927499966,89.20671400734125,839.245068923214,50.146071428571425,18.959885547261894,13.548927179563398,46.05489654817437,49.099827624960255,331.16667947872975,146.89391061119022,140.12252339369013,6.209030022037373,12920.991475859773
2013-03-01,3066.56217576527,1050.5494336138795,392.0004292975324,188.3919539539992,71.44602707799557,62.62473645495609,335.06828206193734,172.72938924812672,8.920310357896293,,2539.3601479908903,5.827421418145301,286.0204806531513,527.2020277743794,,492.98371162765,65.0,82926.0,18475.0,,,101401.0,,,,,,,,53304.0,286954.892,75339.28400000001,33406.96216,41932.32184,-211615.608,8472.59,2398.773,547.633,68.834,2.14,2899.163,3256.872,3585.07,438.807,1223.581,1852.823,4168.908,184.595,1175.218,346.368,240.945,927.03,20299.38,6174.139,2343.181,439.384,66.072,1.05,2288.586,3254.069,3287.726,361.83,1050.014,1503.164,2211.983,118.116,936.127,232.967,217.865,537.828,16000.275000000003,0.0,0.06,6767.453,0.0,1444.018,4846.75,5218.45516,169.334,32.394,0.14,12018.7,2909.658,68.796,124.097,0.0,472.285,1100.945,491.593,0.091,651.851,98773.176,6795.650000000001,5.167,5203.579,1517.028,2543.117,62427.302,70.931,232.882,1357.621,760.624,0.0,1.444,1.426,261.098,0.715,69174.188,55905.077000000005,28440.614,84345.691,5477.662,8400.971,13878.633,17220.49,115444.814,73304.16500000001,4268.453,8808.871000000001,11587.269,2319.724,8892.977,16595.841,125777.3,39050.847,5989.381,45040.228,692.5500000000001,286954.892,2298.451,55.592,108.249,2.762,1.09,610.577,2.803,297.344,76.977,173.567,349.659,1956.925,66.479,239.091,113.401,23.08,389.202,4299.105,691.9590000000001,5761.31384,6453.27284,0.0,6.216,6.216,1789.572,8249.06084,31905.558,1.283,8.856,129.759,65.955,0.6930000000000001,197.231,32309.335,1113.208,260.718,1373.9260000000002,0.0,41932.32184,4612532.0,1025286.0,39769208.0,75902567.0,1.0244,1.2953142857142856,1.5080190476190478,,,3236.167,,,41.664521,3.868221,108.474,42.0,,6.0,,21.0,27.0,,8.0,,46.0,,,,45.0,,33.0,26.0,16.0,41.0,42.0,15.0,15.0,13.0,21.0,23.0,37.0,31.0,,,,26.736842105263158,,,,,,,,,,,,,,,,42.059,991.449,305.20000000000005,-266.0599848533334,354.09077248000006,115.799,-1.6,106.55724266666668,32.1,68.4,6.057242666666666,106.55724266666668,-150.26098485333338,0.0,95.4,0.0,0.0,25.6,138.5,45.7,0.0,305.20000000000005,0.0,47.305,0.0,55.045,21.31877248,0.0,2.735,354.09077248000006,227.687,1031.908,765.8480151466667,765.8480151466667,2.5,3.5,2.5,2.65,2.5,2.6,2.5,2.75,2.51,7.65,8.7,6.813599197990312,7.16,7.29,3.57,7.0,1.19,5.0,5.74,0.0,0.18,4.75,0.97,1.25,0.34,0.5,0.09,0.75,49.03941,240895.17014,5910123.45297957,0.0,1006600.07990813,425489.722318504,7583157.464756204,930861.0568859,946352.032593669,2479334.8881200003,314660.394079291,0.0,1479859.2908507092,461.93989,8940.838960000001,3850.75604,1691.1300885039,0.0,1417145.13724813,7583157.464756204,17013.32245,255528.61059,317830.19498000003,225875.97698,112719.33533,410.62892,984.1904,21834.75987,34282.6379739,727057.252018661,5650.55234,16176.570210000002,10181.62019,4410.44449,1749956.0967425606,406315.27993,2156271.3766725603,0.0,49.03941,49.03941,200050.84253,40844.32761,240895.17014,581736.4911799999,284045.76884,1749956.09674256,3294385.09621701,5910123.45297957,6151067.66252957,1432089.802226634,7583157.464756204,1146960.62546,1239038.98564,1254155.20597,0.0,27907.87337,218692.67552000005,798118.5432800001,0.0,276280.94944,521837.5938400001,0.0,18104.82032,176215.07315,15116.22033,52655.79443,0.0,39285.68008,136.88567,1146960.62546,618158.8854299999,762060.1666199999,680750.1593399999,28654.21285,52655.79443,1380219.0520499998,180602.63215999972,321564.90984,260260.0,79761.33896,75000.0,0.0,0.0,-93456.42912,0.0,-2505.5466,319059.36324,0.0,8656.24469,-876.219,-200752.29134,-5817.13585,60332.67041999975,,,15.858368300010751,13.459923268478748,16.445829096910987,15.169043660055983,16.3438770426745,13.18053196006058,16.286214889225892,8.780518270506912,18.965401243353664,15.708362481308189,16.62901654344471,20.172831164790647,15.999235362872488,19.60759698174819,17.263584541480018,18.18950927512542,13.343948668923101,13.261989656281319,11.371093535815412,13.829441821692681,7.291889400921659,19.182438659390677,12.956708168817103,12.142360498306399,16.358623320669032,13.422391478432958,15.997747189733142,14.298545268383476,2902.0813989019675,2463.1659581316108,16.445829096910987,667.4379210424632,130.751016341396,105.44425568048464,1009.7453231320054,61.463627893548384,18.965401243353664,15.708362481308189,66.51606617377884,60.51849349437194,399.9808840718122,176.46837283573373,172.63584541480017,18.18950927512542,587.1337414326164,106.09591725025055,90.9687482865233,857.4253929449462,51.04322580645161,19.182438659390677,12.956708168817103,48.569441993225595,49.075869962007104,335.55978696082394,143.97972470759828,142.98545268383475,6.359826997535902,13234.799981872213
2013-04-01,,,,,,,,,,,,,,,,,34.0,45817.0,3954.0,,,49771.0,,,,,,,,42234.0,316577.27100000007,90087.967,47844.45888,42243.508120000006,-226489.3040000001,15069.099,2307.297,2390.615,49.976,5.757000000000001,4039.85,3617.163,17235.311,706.931,1866.976,1734.94,2925.276,24.962,852.342,727.564,262.755,541.693,34535.76299999999,7346.252,2256.323,1008.29,49.976,1.1,3245.428,3598.184,16196.871,562.263,1442.618,1267.577,2347.031,22.531,597.32,475.046,262.755,351.56,30369.184,0.0,0.0,7781.624,0.0,1435.356,4536.972,5750.93888,967.622,19.753,8.0,11798.12,15546.073,11.632,96.678,0.0,513.296,922.869,882.452,12776.177,342.969,92027.179,9230.304,2.205,6234.661,1985.155,1308.701,100547.963,304.994,312.844,1871.195,953.192,0.0,2.312,2.011,422.921,8.556000000000001,107719.844,52012.555,26245.995,78258.55,6591.1720000000005,7433.801,14024.973000000002,15143.66,107427.183,109049.669,4611.859,11216.638,11075.619,2421.205,3722.464,21025.944,163123.398,40523.15,4743.232,45266.382,760.308,316577.271,7722.847,50.974,1382.325,0.0,4.657,794.422,18.979,1038.44,144.668,424.358,467.363,578.245,2.431,255.022,252.518,0.0,190.133,4166.579,1041.6,7891.85012,8933.45012,0.0,46.816,46.816,4281.85,13262.11612,24218.013,2.583,10.272,146.103,20.676,11.716,315.156,24724.519,4049.125,207.348,4256.473,0.4,42243.50812,3122623.0,1127620.0,107969173.0,50119192.0,1.0187,1.302518181818182,1.5311227272727272,,,3251.3518181818185,,,33.164347,5.119362,102.24818181818182,41.0,,,,18.0,29.0,,5.0,8.0,,,,,43.0,,28.0,20.0,15.0,44.0,28.0,11.0,12.0,13.0,20.0,20.0,37.0,23.0,,,,23.055555555555557,,,,,,,,,,,,,,,,,,,,,,,,,,,,,,,,,,,,,,,,,,,,,,,,,,2.5,3.5,2.5,2.65,2.5,2.6,2.5,2.75,2.51,7.65,8.7,6.522376689496331,6.96,7.08,3.54,7.0,1.19,5.0,6.57,0.0,0.15,4.75,0.99,1.25,0.34,0.5,0.06,0.75,182.21155,240133.3958,5864746.1320216805,0.0,1006551.89621202,424441.42401,7536055.059593701,889309.87824,936852.225375632,2487853.3959200005,313654.42506000004,0.0,1477391.8147760548,416.03927,8815.872159999999,3799.5134,1584.22841,0.0,1416377.66698202,7536055.059593706,17096.78286,251607.3683,317145.72192000004,225513.23647,106340.26489,383.16681,948.86358,16819.4293,38585.17939,723665.912429553,8594.35798,16105.58774,9605.24026,4343.32726,1736754.4391895533,405398.63009,2142153.0692795534,0.0,182.21155,182.21155,199876.62937,40256.76643,240133.3958,549133.11984,288240.14495,1736754.43918955,3290618.42804213,5864746.1320216805,6105061.739371681,1430993.32022202,7536055.059593701,1104751.29466,1189655.98784,1207229.07853,0.0,37283.55309,155401.79651,802683.3335000002,0.0,277004.24046000006,525679.0930400001,0.0,18104.82032,176182.48442,17573.090689999997,52899.61031,0.0,31868.1972,136.88567,1104751.29466,626477.0535700001,765015.1764900002,683311.3533300002,28804.21285,52899.61031,1391492.2300600004,233841.32509000035,377859.46569,257760.0,74816.93896,75000.0,0.0,0.0,-29717.47327,0.0,-203.01062,377656.45507,0.0,8827.53027,-871.8738200000001,-200752.29134,-5907.67361,54889.17852000037,,,15.92079354045113,13.386032933225449,17.283046836193567,15.633951059790116,16.766488919409383,12.830308695774196,16.347387618899162,7.606967206121571,18.978287351465454,17.95673570479879,15.169825744978509,16.85070480501178,16.476339976242954,20.19463966473324,16.294044385964373,18.0915598441111,13.138062097592591,13.499831075587924,11.319125000000001,13.609018474508959,6.889407611624338,18.00433333333333,13.10374515974064,12.097809194574019,16.931275416987646,13.730652044265168,16.574196621333307,14.021387511548115,2913.505217902557,2449.6440267802577,17.283046836193567,687.893846630765,134.13191135527507,102.64246956619357,1013.538032371748,53.248770442851,18.978287351465454,17.95673570479879,60.679302979914034,50.55211441503534,411.9084994060739,181.75175698259915,162.94044385964375,18.0915598441111,578.074732294074,107.99864860470339,90.55300000000001,843.7591454195555,48.22585328137037,18.00433333333333,13.10374515974064,48.391236778296076,50.79382625096294,343.2663011066292,149.16776959199976,140.21387511548116,6.198109671611708,12898.266226623966
2013-05-01,,,,,,,,,,,,,,,,,8.0,19983.0,681.0,,,20664.0,,,,,,,,37906.0,279769.38,72819.60800000001,42421.58928,30398.01872,-206949.772,16139.949,1877.902,1986.226,31.173,2.68,3590.507,3211.937,4763.088,650.306,1918.413,2942.195,2713.658,13.317,2254.93,1121.572,253.374,656.461,24089.758,10290.399,1763.246,1893.571,31.173,1.3,2536.227,3031.997,3797.011,372.763,1381.578,2419.015,2131.689,11.245,1452.284,854.2,253.374,250.922,18492.305,462.722,0.23,8101.511,0.0,1990.65,4269.9710000000005,6045.89828,1722.099,65.541,6.572,15571.57,4184.825000000001,33.738,140.21,0.0,719.665,1337.291,822.527,4.271,1127.123,102850.032,7151.546,8.688,5473.36,1916.422,1570.116,59367.623,220.866,202.587,1734.651,671.404,0.155,68.438,0.478,101.009,10.493,65864.242,56426.463,27975.123,84401.58600000001,5933.0740000000005,10161.451,16094.525,16651.795000000002,117147.906,60203.009,4522.218,10762.313,13828.104,2383.186,8000.637,19225.605,118925.072,37687.969,5021.252,42709.221,987.181,279769.38,5849.55,114.656,92.655,0.0,1.38,1054.28,179.94,966.077,277.543,536.835,523.1800000000001,581.969,2.072,802.6460000000001,267.372,0.0,405.539,5597.453,561.9250000000001,8744.24872,9306.17372,0.0,24.075,24.075,4714.374,14044.62272,14182.774,42.892,11.516,92.238,7.645,0.548,342.754,14680.367,1363.234,296.40500000000003,1659.639,13.39,30398.01872,30818346.0,1028406.0,76530311.0,7416175.0,1.0196,1.2983136363636363,1.5297181818181818,,,3440.3754545454544,,,39.917796,5.28132,102.55863636363637,40.0,8.0,,,16.0,25.0,,7.0,33.0,,,,,47.0,,28.0,17.0,18.0,40.0,24.0,12.0,11.0,21.0,18.0,20.0,33.0,22.0,,,,23.157894736842106,,,,,,,,,,,,,,,,,,,,,,,,,,,,,,,,,,,,,,,,,,,,,,,,,,2.5,3.5,2.5,2.65,2.5,2.6,2.5,2.75,2.51,7.65,8.7,6.664502176463493,7.08,7.22,3.47,7.0,1.19,5.0,6.51,0.0,0.15,4.75,1.01,1.25,0.31,0.5,0.04,0.75,18.27164,238345.47809,5888966.16870201,0.0,1006570.00021202,384502.2531802941,7518402.171824325,932181.708339125,932218.636828404,2494959.46331,314527.623067747,0.0,1453442.486886728,416.1898658752,8153.2207685544,3793.76454,1422.88298586419,0.0,1377286.19523202,7518402.171824316,16077.32748,253265.3312,317833.40302,223845.8091,109616.18047,479.18016,906.97644,16585.47965,36857.7077491704,727585.243927957,10500.998210000002,16075.32567,9589.91389,4100.67418,1743319.5511471275,365804.8021544296,2109124.353301557,0.0,18.27164,18.27164,198338.85418,40006.62391,238345.47809,553336.99545,306526.83216000005,1743319.55114713,3285782.78994488,5888966.16870201,6127329.91843201,1391072.253392314,7518402.171824325,1052848.5604200002,1141730.2444600002,1159020.32533,0.0,10446.188349999997,150219.83425,791990.88904,0.0,275529.446,516461.44304,0.0,17619.687280000002,171453.64554,17290.08087,52725.57342,0.0,36008.50976,147.60085999999998,1052848.5604199998,599958.24128,733092.3124700001,651412.5678200001,28954.17123,52725.57342,1333050.55375,227476.41991,381687.80161,235460.0,138816.59971,75000.0,0.0,0.0,-67588.79810000001,0.0,-1789.44975,379898.35186,0.0,8855.91786,-1317.99839,-195372.97415,-4245.476189999999,39658.598920000106,,,16.194842256086066,13.454644174484194,15.699286527521949,15.814418383513763,15.901149715430181,13.678386269326223,16.939522372983475,7.598593448387097,24.190238748684415,15.631451380781952,14.768551771101917,18.91973813423319,16.68944670476314,19.55410993462961,16.316733967256738,19.74326441555555,13.211157168750406,13.768815538163043,10.577827406783154,13.76976980606833,6.936774193548387,17.602116078745517,13.415559832007071,11.967934666711415,16.886816952867367,13.750642369440847,16.322293487753853,14.389284713738322,2963.65613286375,2462.1998839306075,15.699286527521949,695.8344088746055,127.20919772344145,109.42709015460979,1050.2503871249753,53.19015413870968,24.190238748684415,15.631451380781952,59.07420708440767,56.75921440269957,417.2361676190784,175.98698941166649,163.16733967256738,19.74326441555555,581.2909154250179,110.15052430530434,84.62261925426523,853.7257279762365,48.55741935483871,17.602116078745517,13.415559832007071,47.87173866684566,50.660450858602104,343.76605923602114,146.9006413897847,143.8928471373832,6.027088897540305,12542.371995781374
2013-06-01,2949.098863323158,1048.6994852593689,363.9353254647834,195.717270006585,72.59097370955577,81.72505986329118,295.661436987158,185.60263066297316,11.712575695247374,,2480.778892318105,10.921831728926628,190.07044874986207,468.31997100505305,,492.4618251954067,6.0,18658.0,558.0,,,19216.0,,,,,,,,33691.0,252765.864,70852.01000000001,48267.0792,22584.9308,-181913.854,11297.711,2256.772,1131.97,46.243,3.5540000000000003,3246.857,2490.596,17470.901,515.824,1948.045,1272.896,2513.198,12.835,1783.367,1016.463,290.337,527.892,33089.211,7397.114,1975.792,1067.889,46.243,3.206,2390.332,2462.233,16709.83,452.805,1367.397,1002.616,2105.454,12.835,1533.017,828.801,239.561,325.5,29430.381000000005,0.0,0.474,6288.627,0.0,1651.352,4263.071,6072.4582,1330.632,26.834,0.0,12638.847,15994.784,9.969,151.988,0.0,239.112,976.916,1491.554,12637.845,487.4,80473.622,6845.691,2.9090000000000003,4162.598,1946.834,1981.938,72138.791,164.165,377.995,1156.782,1390.085,0.0,6.168,0.74,144.916,26.833,79335.247,40422.763,24653.567,65076.33,3554.934,7688.439,11243.373,16347.3,92667.003,67711.666,4894.0560000000005,12990.579,10397.647,2823.867,3457.302,16930.882,119205.99899999998,33919.136,6073.039,39992.175,900.687,252765.864,3900.597,280.98,64.081,0.0,0.348,856.525,28.363,761.071,63.019,580.648,270.28000000000003,407.744,0.0,250.35,187.662,50.776,202.392,3658.83,497.585,6882.4838,7380.0688,0.0,39.595,39.595,1990.051,9409.7148,12365.724,19.579,19.703,105.158,2.821,58.833,235.241,12807.059,144.469,219.438,363.907,4.25,22584.9308,3312359.0,710144.0,17621756.0,10081268.0,1.0314,1.319715,1.5493000000000001,,,3416.7415,,,30.976925,3.503378,102.9195,41.0,,,,21.0,22.0,,8.0,43.0,,,,,34.0,,29.0,17.0,15.0,43.0,28.0,11.0,12.0,22.0,18.0,19.0,36.0,24.0,,,,24.61111111111111,,,,,,,,,,,,,,,,15.6,671.7617,168.634,-199.62070000000008,301.024,168.19,7.2,25.283,0.0,18.883,6.4,25.283,-31.43070000000006,0.0,30.7,0.0,0.0,34.556,98.2,5.178,0.0,168.634,0.0,25.2,0.0,44.624,27.974,0.0,2.314,301.024,200.912,694.5617000000001,494.941,494.941,2.5,3.5,2.5,2.65,2.5,2.6,2.5,2.75,2.51,7.65,8.7,6.656590389968235,7.06,7.16,3.36,7.0,1.2,5.0,6.65,0.0,0.15,4.75,1.03,1.25,0.31,0.5,0.05,0.75,19.279400000000003,238314.12458,5849297.71990526,0.0,1006447.69375202,384330.18223239394,7478408.9998696735,882502.77075,923886.896113942,2497425.19224,318798.960241468,0.0,1465017.304539848,416.33049,8153.22077,3707.36942,1431.181072394,0.0,1377069.77423202,7478408.999869673,15909.02768,255565.51028,321883.84277999995,221086.26669,105905.55098,482.20684,851.48407,16475.43165,41356.51329,708870.4472110879,3413.6048100000003,15888.89964,9642.27579,4401.17393,1721732.235641088,365588.51478,2087320.750421088,0.0,19.279400000000003,19.279400000000003,198231.15143,40082.97315,238314.12458,544702.42778,286751.07085,1721732.23564109,3296111.98563417,5849297.71990526,6087631.12388526,1390777.8759844138,7478408.9998696735,970463.99416,1058041.21724,1072930.5641100002,0.0,14441.938520000002,76490.48146,778035.46444,0.0,274105.4554,503930.00904,0.0,17619.687280000002,171453.64554,14889.34687,52562.74368000001,0.0,34866.87854,147.60085999999998,970463.99416,596143.68721,682872.12231,601020.2074000001,29289.17123,52562.74368000001,1279015.80952,255989.07168000017,411351.84312,257460.0,143819.39971,75000.0,0.0,0.0,-64927.55659000001,0.0,-2860.35045,408491.49267,0.0,8863.86165,-689.0618300000001,-195372.97415,-3900.62382,38596.37716000024,,,15.861130095634739,13.107599073320575,16.12742461564979,15.567872366125403,15.394772012940106,13.4666177825,16.458670574715054,7.350966213333334,23.977105966666667,15.300375002930908,14.608788216252703,19.50574780648541,16.528759349198037,18.351289745069476,16.40770725971614,19.412333333333333,12.854247572214645,13.225252729263849,10.270666666666667,13.399592684819593,6.759333333333333,17.494000000000003,13.421371930333239,12.707612605851804,15.972848559790101,13.22649739838369,15.75329886665018,14.552747615474049,2902.586807501157,2398.690630417665,16.12742461564979,684.9863841095176,123.15817610352084,107.73294226,1020.4375756323333,51.456763493333334,23.977105966666667,15.300375002930908,58.435152865010814,58.51724341945622,413.21898372995093,165.16160770562524,164.07707259716142,19.412333333333333,565.5868931774444,105.80202183411079,82.16533333333334,830.7747464588149,47.315333333333335,17.494000000000003,13.421371930333239,50.830450423407214,47.9185456793703,330.66243495959225,141.7796897998516,145.52747615474047,5.965674038613011,12414.567674353677
2013-07-01,,,,,,,,,,,,,,,,,8.0,24868.0,749.0,,,25617.0,,,,,,,,47935.0,292686.539,70619.964,43010.417700000005,27609.5463,-222066.575,15983.63,1443.758,1327.969,43.671,52.836,3420.85,3113.205,6322.412,578.4250000000001,1959.205,1904.49,3948.048,43.453,1401.858,990.728,251.465,627.687,24561.826,13329.922,1363.502,1193.672,43.671,48.26,2599.285,2953.474,2971.699,317.791,1716.155,1569.896,2769.459,11.851,1141.637,827.037,250.583,264.994,17393.861,0.09,2.823,12288.108,0.0,1305.879,5801.179,5376.1627,1177.863,12.516,0.226,13574.127,3471.4440000000004,25.316,129.945,0.02,252.056,819.2330000000001,1438.177,0.754,805.943,95870.909,8135.921,42.47,5647.55,1707.775,1522.838,71495.198,190.529,272.10200000000003,1821.232,535.767,0.0,18.349,0.265,237.692,103.776,77905.523,50963.747,30462.078,81425.82500000001,6634.434,10422.373,17056.807,16928.175,115410.80700000002,80215.413,4326.706,11858.303,12000.924,3005.025,8260.135,17594.963,137261.46899999998,35103.253000000004,3190.256,38293.509000000005,1720.754,292686.53900000005,2653.708,80.256,134.297,0.0,4.5760000000000005,821.565,159.731,3350.713,260.634,243.05,334.594,1178.589,31.602,260.221,163.691,0.882,362.693,7167.965,337.90500000000003,7860.3473,8198.2523,137.318,117.096,254.414,1495.861,9948.527300000002,14156.317,24.492,429.001,100.366,12.268,3.848,164.093,14890.385000000002,1869.568,898.3050000000001,2767.873,2.761,27609.5463,3146938.0,1214740.0,33744576.0,6935520.0,1.0402,1.3087863636363635,1.5179181818181817,,,3559.710909090909,,,35.088948,5.08729,107.93318181818182,44.0,,,,19.0,22.0,,7.0,79.0,31.0,,,,46.0,,30.0,17.0,15.0,38.0,36.0,15.0,13.0,41.0,20.0,20.0,42.0,28.0,,,,29.63157894736842,,,,,,,,,,,,,,,,,,,,,,,,,,,,,,,,,,,,,,,,,,,,,,,,,,2.5,3.5,2.5,2.65,2.0,2.6,2.0,2.75,2.51,7.65,8.7,6.652389241422145,7.04,7.13,3.25,7.0,1.2,5.0,7.21,0.0,0.14,4.75,1.0,1.25,0.31,0.5,0.04,0.75,48.21696,237819.62118,5863635.120196819,0.0,1006130.49137202,383071.6774378583,7490705.127146698,900990.33958,914839.4945946342,2503063.30894,320625.48141405004,0.0,1461984.3338081308,416.36889,8031.733539664679,3655.01394,1479.7672281932,0.0,1375619.28521202,7490705.127146693,15842.01206,254968.01464,320118.14016,213709.27289,119348.96715,469.86706,804.88523,16369.1891,36809.2849603353,700733.8046633331,3279.58539,16609.17274,9566.87065,4223.90642,1712852.9731136682,365088.6889296646,2077941.6620433328,3.1263880373444397e-16,48.21696,48.21696,198086.77209,39732.84909,237819.62118,563235.3058099999,285199.93311000004,1712852.97311367,3302346.90816315,5863635.120196819,6101502.958336819,1389202.1688098782,7490705.127146697,859507.8267300003,949812.5486700004,970753.7916900004,0.0,10225.746670000002,77399.84273,673110.2411600002,0.0,281476.4367,391633.8044600001,0.0,17619.687280000002,171457.03083,20941.24302,52741.48458,0.0,37415.6365,147.60085999999998,859507.8267300001,622748.5007000001,683020.5544900001,600949.8986800001,29329.17123,52741.48458,1305769.0551900002,393519.74388,529414.15391,203990.0,306738.94971,75000.0,0.0,0.0,-56314.7958,0.0,-2872.1301600000006,526542.0237499999,0.0,8863.86165,-2102.01058,-195372.97415,-5179.186620000001,60768.0298300001,,,15.511769669980385,13.2515169314233,16.224330182589576,15.163977515737802,15.544432624359498,12.103227854810095,15.649862708550474,7.816592959179001,22.93142709812398,19.39839130517022,16.113843998826752,19.53831376676577,16.133463129417457,19.465828441340545,16.509641634721877,17.141044960143358,12.946701134162591,13.241015531877201,10.427187071630824,13.583895696301303,7.09442396313364,18.070180594874547,13.810824498996329,12.316096019892422,17.4043438345878,13.352364675929733,16.579188217570668,14.064335031290293,2838.653849606411,2425.027598450464,16.224330182589576,667.2150106924632,124.35546099487598,96.82582283848076,970.2914879301294,54.71615071425301,22.93142709812398,19.39839130517022,64.45537599530701,58.61494130029731,403.3365782354364,175.19245597206486,165.09641634721876,17.141044960143358,569.654849903154,105.92812425501761,83.41749657304659,842.2015331706809,49.66096774193549,18.070180594874547,13.810824498996329,49.26438407956969,52.21303150376339,333.80911689824336,149.21269395813601,140.64335031290292,5.964292550948339,12411.692798523492
2013-08-01,,,,,,,,,,,,,,,,,7.0,21170.0,646.0,,,21816.0,,,,,,,,40667.0,287754.99600000004,70343.189,47975.9232,22367.2658,-217411.80700000003,11304.57,1409.726,1337.372,19.743,5.958,3091.88,4847.966,16773.732,630.582,1269.433,1834.04,2798.209,60.07,1278.198,773.043,9.949,856.3960000000001,34223.498,9734.301,1395.848,976.217,19.743,3.0,2265.915,4841.11,16011.825,461.533,999.736,1497.149,2289.744,55.952,963.767,666.475,9.949,588.846,30652.001,0.022,0.0,5547.791,0.0,1638.504,4221.709,5475.923199999999,1238.887,52.742,0.36,13440.285,16359.7,38.965,111.035,0.0,594.434,1435.154,915.207,12657.348,607.557,81226.081,13767.603,5.747,8127.074,1640.899,1296.046,72735.736,90.289,269.678,1381.375,668.927,0.0,3.685,0.861,489.721,7.364,78584.58100000002,48008.349,24668.622,72676.971,10702.149,10765.519,21467.668,15115.175,109259.814,80241.285,3688.323,15982.046,11259.584,2840.395,3771.498,19006.11,136789.24100000004,35459.464,4712.184,40171.648,1534.293,287754.99600000004,1570.269,13.878,361.155,0.0,2.958,825.965,6.856,761.907,169.049,269.697,336.891,508.465,4.118,314.431,106.568,0.0,267.55,3571.4970000000008,347.41700000000003,5639.627800000001,5987.0448000000015,0.0,109.467,109.467,1228.725,7325.2368000000015,14424.564,12.408,0.765,86.117,23.602,2.734,213.86,14764.05,69.894,205.035,274.929,3.0500000000000003,22367.2658,5875692.0,728686.0,31154644.0,38281376.0,1.0407,1.3313545454545455,1.550518181818182,,,3639.928636363636,,,32.695128,5.912589,111.28045454545455,30.0,,,,18.0,19.0,,7.0,63.0,33.0,,,,45.0,,32.0,17.0,17.0,38.0,33.0,13.0,64.0,83.0,20.0,22.0,38.0,22.0,,,,32.31578947368421,,,,,,,,,,,,,,,,,,,,,,,,,,,,,,,,,,,,,,,,,,,,,,,,,,2.5,3.5,2.5,2.65,2.0,2.6,2.0,2.75,2.51,7.65,8.7,6.64352112310797,7.08,7.23,3.17,7.0,1.36,5.0,7.21,0.0,0.14,4.75,0.99,1.25,0.28,0.5,0.04,0.75,43.2491,238908.84735,5774584.35133968,0.0,1004499.41937202,381809.34786,7399845.215021701,819345.8095399999,903870.153666488,2508659.09823,320644.44826,0.0,1461016.938093191,416.43089,7770.58799,3649.68952,1430.7976200000005,0.0,1373041.2612120202,7399845.215021699,16106.10333,256198.4328,321666.13773,210739.51519,114572.09195,487.14031,735.12473,16287.96411,36585.59091,694556.9758182811,3293.37939,16524.361,9548.62577,4320.49676,1701621.939798281,363920.62906,2065542.568858281,0.0,43.2491,43.2491,198703.71775,40205.1296,238908.84735,482617.324284,284090.28595999995,1701621.94079828,3306254.8002974,5774584.35133968,6013536.44778968,1386308.76723202,7399845.2150217,815916.8712500002,903342.5945700002,918492.67168,0.0,14891.862480000002,87600.03413,611776.81148,0.0,273765.73742,338011.07406,0.0,17619.687280000002,171454.1992,15150.07711,52533.50576,0.0,34744.616700000006,147.60085999999998,815916.8712499999,605879.00149,690830.2614099999,608407.58442,29889.17123,52533.50576,1296709.2629,428258.8858899999,585153.0549799999,257190.0,306837.44971,75000.0,0.0,0.0,-53874.39473000001,0.0,-1398.95084,583754.10414,0.0,8898.86683,-792.20339,-195372.97415,-4837.137309999999,36608.2297700001,,,14.895777603288204,12.80712575939126,19.46530389114613,14.088030960679724,15.809461537863287,12.426488968498589,14.855553257236727,7.438520270046083,23.69516393548387,18.54566348130819,16.163544816897588,19.4415607672157,15.133991347472817,19.227697335821823,17.09683386555464,16.021290322580647,12.508544565637015,12.857928441388848,10.233306451612904,13.008468254116083,6.887281105990783,17.000645161290322,13.4278178965232,12.268489530564462,17.45910947627239,12.940811655740488,15.901935064814786,13.93234275311108,2725.9273014017413,2343.7040139686005,19.46530389114613,619.8733622699078,126.4756923029063,99.41191174798871,921.044301948677,52.06964189032258,23.69516393548387,18.54566348130819,64.65417926759035,58.3246823016471,378.3497836868204,173.04927602239638,170.9683386555464,16.021290322580647,550.3759608880287,102.86342753111079,81.86645161290323,806.5250317551971,48.210967741935484,17.000645161290322,13.4278178965232,49.07395812225785,52.377328428817165,323.5202913935122,143.1174155833331,139.32342753111078,5.816708054971829,12104.569462396377
2013-09-01,2907.350070698721,1054.250516222818,356.9452272145627,196.9872320948099,73.5425649863621,51.9363366115844,294.43889231811903,173.81989877375207,12.194263591252415,,2480.705006906655,0.0,200.8888284067299,426.6450637920664,,492.3463104787306,7.0,19182.0,614.0,,,19796.0,,,,,,,,26970.0,268846.257,64886.263,38835.58708,26050.67592,-203959.994,12117.844,1076.069,1121.979,15.95,11.089,3298.721,3888.431,5733.457,479.868,2175.539,1807.968,2880.563,10.109,1130.753,1530.714,164.174,654.1750000000001,23754.472,9034.561,962.493,1011.708,15.825,9.41,2817.677,3769.658,3875.017,320.676,1850.954,1124.042,2500.166,6.276,901.536,1096.695,164.174,379.943,18806.814,0.0,0.0,7037.597,0.0,1400.771,5614.406,6440.0750800000005,1577.48,185.02,0.236,14059.57,2520.432,8.522,159.749,0.0,379.194,771.711,590.723,1.503,609.03,92687.868,7226.151,35.19,5189.106,2078.769,1647.348,62288.564,225.495,74.187,1872.566,583.267,0.0,1.955,0.178,57.243,87.899,68917.47100000002,48691.846,22050.855,70742.701,8844.118,10241.371,19085.489,18492.611,108320.801,67515.452,4420.4490000000005,10860.24,11503.833,4002.768,7625.789,16109.112,122037.643,32703.634,3358.01,36061.644,2426.169,268846.257,3083.283,113.576,110.271,0.125,1.679,481.044,118.773,1858.44,159.192,324.585,683.926,380.397,3.833,229.217,434.019,0.0,274.232,4947.658,492.205,8247.24692,8739.45192,47.0,2.552,49.552,1082.115,9871.11892,14879.891,12.479,74.786,107.044,4.106,0.858,189.876,15269.04,546.271,355.996,902.267,8.25,26050.67592,84184616.0,455581.0,15193990.0,5103749.0,1.0342,1.3364150000000001,1.58845,,,3731.262,,,39.941829,5.33231,111.59649999999999,34.0,,,,20.0,22.0,,8.0,5.0,50.0,,,,29.0,,27.0,17.0,15.0,37.0,30.0,12.0,14.0,10.0,13.0,19.0,31.0,23.0,,,7.0,21.15,,,,,,,,,,,,,,,,24.6,762.096,152.57600000000002,-233.505,377.807,118.496,1.2999999999999998,24.108,0.0,20.508,3.6,24.108,-115.009,0.0,10.893,0.0,0.0,15.959,44.6,80.866,0.258,152.57600000000002,0.0,44.513000000000005,0.0,48.9,31.01,0.0,1.984,377.807,251.4,787.996,554.491,554.491,2.5,3.5,1.25,2.65,1.5,2.0,1.75,2.75,2.51,7.65,8.7,6.49070393229762,6.97,7.08,3.13,7.0,1.36,5.0,7.29,0.0,0.14,4.75,0.98,1.25,0.29,0.5,0.02,0.75,86.03580000000001,240581.06317,5819783.20273921,0.0,1004444.47053202,380329.5843855197,7445224.356626749,852319.5184000001,903762.552530484,2520845.7861900004,326843.169484719,0.0,1456679.2751040058,415.6458,7770.58799,3516.9112,1452.1647155197,0.0,1371618.74521202,7445224.356626749,15991.44377,259873.55092,351716.58369,213798.66452,114010.56184,498.19187,680.45321,17128.25578,36577.36711,702607.41665762,3254.72823,17722.8083,9480.09384,4377.0162,1747717.1359376195,362497.26697,2110214.40290762,0.0,86.03580000000001,86.03580000000001,200577.59494,40003.46823,240581.06317,457436.26504,292516.84527999995,1747717.13693762,3322112.95548159,5819783.20273921,6060450.30170921,1384774.0549175397,7445224.356626749,767786.45385,855624.21438,870794.1988,0.0,9554.09464,87639.47226,569356.761,0.0,274175.04476,295181.71624000004,0.0,17619.687280000002,171454.1992,15169.98442,52772.378970000005,0.0,34917.7807,147.60085999999998,767786.4538499999,605175.45815,627475.6518700001,544724.2761900001,29978.99671,52772.378970000005,1232651.11002,412092.2771999997,581908.71974,257540.0,306842.92471,75000.0,0.0,0.0,-57474.20497,0.0,-634.2516400000001,581274.4680999999,0.0,8898.86683,-730.38381,-195372.97415,-6030.838030000002,24053.138259999872,,,14.609464469015444,12.39305351147601,16.806826083404008,13.849021170438837,15.62452329341159,12.246366559076808,14.514972580693575,6.594749712523809,21.4849614,17.03300018200923,15.9690862114762,19.243340454263187,15.23812377683208,19.03071292387166,16.59557349101875,16.51366666666667,11.973772112945285,12.974912800712927,9.851208333333334,12.301409245635602,6.516523809523809,15.669333333333332,13.794851982296205,12.655992592861061,17.607075503592586,12.731296883757024,16.263115255325083,13.609730240570341,2673.531997829826,2267.92879260011,16.806826083404008,609.3569314993089,124.99618634729272,97.97093247261446,899.9283000030016,46.163247987666665,21.4849614,17.03300018200923,63.8763448459048,57.73002136278956,380.95309442080196,171.27641631484494,165.9557349101875,16.51366666666667,526.8459729695926,103.79930240570341,78.80966666666667,762.6873732294074,45.61566666666667,15.669333333333332,13.794851982296205,50.623970371444244,52.82122651077777,318.2824220939256,146.36803729792575,136.0973024057034,5.45248112994269,11346.613231410738
2013-10-01,,,,,,,,,,,,,,,,,11.0,26433.0,774.0,,,27207.0,,,,,,,,34938.0,324847.743,86552.27799999999,56459.2038,30093.074199999995,-238295.46500000003,16684.905,2037.286,1577.421,6.5120000000000005,136.835,3566.182,3752.995,5543.167,851.258,1777.729,2882.2960000000003,3269.219,13.578,1144.127,1379.255,505.898,640.143,25325.847000000005,8798.701000000001,1855.761,1532.075,6.125,0.202,2677.778,3653.764,4323.521,621.907,1337.038,2567.52,2676.929,13.29,838.492,1201.518,505.898,394.853,20812.508,14796.439,0.02,8100.655,0.0,2072.038,5631.9800000000005,5842.8418,1610.176,67.164,1.756,14724.288,3611.846000000001,0.0,104.267,0.0,453.067,753.113,2101.7580000000003,2.817,196.824,112935.334,7307.876,2.465,5500.115,3161.284,2009.276,81451.629,305.618,235.49,1793.982,347.592,0.0,6.246,12.528,382.513,40.188,89746.34600000002,50750.457,31646.493,82396.95000000001,7917.836,12645.84,20563.676,22819.07,125779.69600000004,80439.595,6442.545,14993.096,19175.883,4891.686,5206.402,20773.208,151922.41499999998,40613.9,4968.988,45582.888,1562.744,324847.743,7886.204,181.525,45.346,0.387,136.633,888.404,99.231,1219.646,229.351,440.691,314.776,592.29,0.288,305.635,177.737,0.0,245.29,4513.339,498.478,8914.6992,9413.177199999998,0.0,32.612,32.612,4904.559,14350.348199999997,14505.621,28.884,87.385,125.448,133.754,0.299,298.048,15179.439000000004,138.619,418.418,557.037,6.25,30093.0742,3247969.0,8452000.0,28392533.0,39778814.0,1.0363,1.3645909090909092,1.6097863636363636,,,3848.202173913043,,,46.740298,5.21792,109.07652173913044,35.0,,,,20.0,21.0,,7.0,,,,,,47.0,,27.0,16.0,17.0,39.0,33.0,12.0,12.0,10.0,13.0,18.0,31.0,22.0,,,8.0,21.555555555555557,,,,,,,,,,,,,,,,,,,,,,,,,,,,,,,,,,,,,,,,,,,,,,,,,,2.5,3.5,1.25,1.7,1.5,2.0,1.6,2.0,2.51,7.65,8.7,6.626707953142707,7.05,7.18,3.24,7.0,1.36,5.0,7.37,0.0,0.07,4.75,0.9,1.25,0.31,0.5,0.05,0.75,44.8877,216210.30543,5853894.68085601,0.02,1004451.03953202,383435.975412998,7458036.908931027,869832.7582899999,884088.103705733,2532790.87673,325531.67745369,0.0,1457906.457806586,416.60185,8152.24504,3510.76732,1557.128522998,0.0,1374250.29221202,7458036.908931028,17021.194649999998,258381.00452,363888.50551,211335.78522,112474.29769,457.35564,626.9707099999999,15854.36503,33192.04352,696394.132980762,3249.67768,17229.95064,9420.61931,4589.30495,1744115.2080507618,365511.3408700001,2109626.548920762,0.0,44.8877,44.8877,176134.36763999998,40075.93779,216210.30543,449897.02215,326900.11763,1744115.20905076,3332982.33202525,5853894.68085601,6070149.8739860095,1387887.034945018,7458036.908931028,726527.8913700001,814108.6381500001,829124.0720500001,0.0,9366.85591,75299.67268,540368.22308,0.0,273498.07284000004,266870.15024,0.0,17619.687280000002,171454.1992,15015.433899999998,52615.59235,0.0,34817.553570000004,147.60085999999998,726527.8913700001,600320.6577999999,644301.7240400001,561857.09336,29829.03833,52615.59235,1244622.38184,465478.8981199998,629297.4922699999,230540.0,369324.59506,75000.0,0.0,0.0,-45567.10279,0.0,-2361.76104,626935.7312299999,0.0,8964.648710000001,-698.3170900000001,-195372.97415,-4847.97965,30497.789069999933,,,14.672473927706513,12.287405476347995,25.38639684950796,13.496579023332739,16.12009746765424,13.053925031796492,14.169541728668774,7.205038517511521,21.25794606451613,15.927639548523889,15.746077918173045,20.63176149517269,15.383043321335995,20.887152760344556,16.88621784507419,21.427780544587808,11.76662637696155,13.627389769426486,10.06350806451613,12.051371901833159,6.522626728110598,15.967096774193548,13.499895366164779,11.58023134033148,16.618808484814807,12.814280581092461,16.23715088012343,13.492951795426492,2685.0627287702923,2248.595202171683,25.38639684950796,593.8494770266404,128.96077974123392,104.43140025437194,878.5115871774641,50.43526962258064,21.25794606451613,15.927639548523889,62.98431167269218,61.89528448551807,384.57608303339987,187.98437484310102,168.8621784507419,21.427780544587808,517.7315605863082,109.01911815541189,80.50806451612904,747.1850579136559,45.65838709677419,15.967096774193548,13.499895366164779,46.32092536132592,49.85642545444442,320.3570145273115,146.13435792111088,134.92951795426492,5.471546335356538,11386.287923876955
2013-11-01,,,,,,,,,,,,,,,,,40.0,63997.0,16402.0,,,80399.0,,,,,,,,42690.0,329967.231,78743.58800000002,40042.89794000001,38700.69006000001,-251223.643,14110.818,1042.64,1899.523,0.401,38.249,4145.197,5141.908,7670.412,586.2860000000001,1643.349,2227.172,3729.947,92.095,2450.849,1143.751,323.666,561.821,29716.453,5908.161,949.573,1694.843,0.358,0.0,2597.916,5086.618,5021.792,512.434,761.304,1885.332,2911.675,68.897,1969.075,946.384,280.947,197.356,22239.730000000003,370.116,4.635,5362.541,0.0,2655.808,5335.154,6495.09994,1711.377,89.757,0.95,14421.452,3596.008,248.924,393.838,4.63,701.121,1032.999,894.217,3.686,316.593,126699.317,7086.621,11.065,6493.214,2927.21,1376.204,66651.922,47.867,147.803,1964.847,1055.705,0.0,4.129,0.515,194.132,4.025,74374.359,61282.083,33674.812,94956.895,6054.216,12063.067,18117.283000000003,22502.416,135576.59399999998,70331.61,5700.426,11461.431,17016.683,4527.01,7882.463,17855.527000000002,134775.15000000002,54265.894,4266.657,58532.551,1082.936,329967.231,8202.657000000001,93.067,204.68,0.043,38.249,1547.281,55.29,2648.62,73.852,882.0450000000001,341.84000000000003,818.272,23.198,481.774,197.367,42.719,364.465,7476.723000000001,931.508,11935.10506,12866.61306,0.0,0.513,0.513,4342.013,17209.13906,19881.784,9.329,41.239,95.375,32.651,2.361,247.844,20310.58300000001,538.995,634.513,1173.508,7.46,38700.69006000001,3351121.0,1123263.0,49518631.0,14814620.0,1.0486,1.3490842105263159,1.6100105263157893,,,3957.5325,,,45.938115,4.880977,107.792,34.0,8.0,,,19.0,24.0,,10.0,,,,,,73.0,,29.0,15.0,16.0,39.0,33.0,11.0,13.0,13.0,16.0,18.0,29.0,24.0,,,7.0,22.68421052631579,,,,,,,,,,,,,,,,,,,,,,,,,,,,,,,,,,,,,,,,,,,,,,,,,,2.5,3.5,1.25,1.7,1.5,2.0,1.6,2.0,2.51,7.65,8.7,6.472735398318433,6.98,7.12,3.6,7.0,1.43,5.0,7.57,0.0,0.11,4.75,0.94,1.25,0.29,0.5,0.07,0.75,93.76377,214913.37575,5804304.43433839,0.0,1004494.55553202,379107.3005654049,7402913.429955814,796662.9440800002,875648.757764539,2544336.7682550005,327901.082440998,0.0,1474762.021317853,416.81527,8098.4529,3505.09912,1370.3225954049,0.0,1370211.1662120202,7402913.429955816,19138.15875,259013.756325,349282.49210000003,206591.98098,117100.31684,429.18429,595.9236,24727.73344,33893.69325,688248.943945857,3149.00626,17549.5814,9441.09145,4241.39278,1733403.255410857,361580.89425000007,2094984.1496608567,-0.0001499999999996,93.76392,93.76377,174581.56369,40331.81206,214913.37575,384476.87672,331797.54585,1733403.25641086,3354626.75535753,5804304.43433839,6019311.57385839,1383601.8560974249,7402913.429955814,693555.16882,781435.9635600001,797083.5975800001,0.0,15398.613800000005,55101.20953,521865.31604000006,0.0,276082.45220000006,245782.86384,0.0,17619.687280000002,171451.13691,15647.63402,52524.584780000005,0.0,35201.588390000004,154.62157000000002,693555.16882,600459.27107,639832.25463,557398.6315199999,29909.03833,52524.584780000005,1240291.5257,494211.7721,694858.68296,256040.99306,371281.28651,75000.0,0.0,0.0,-7463.59661,0.0,-1465.94761,693392.73535,0.0,8978.84674,-2528.7521300000003,-195372.97415,-4703.373130000004,-5554.710579999924,,,14.635110679727738,12.203724376464674,18.473447186193564,13.459444660016583,15.619017351867715,12.120227312333332,14.619572940967197,7.268055236742857,20.239697266666667,15.311427354018461,15.734252428061842,19.834599491678446,15.664236651842954,19.003422403414586,16.770372511770518,18.811519948037034,11.597519363234005,13.379602794217558,9.516916666666667,12.216771598655317,6.308857142857144,14.829666666666666,12.91474515974064,11.706339116629572,15.848426424172823,12.590284579677022,16.299676673296272,13.583594204196265,2678.2252543901764,2233.281560893035,18.473447186193564,592.2155650407296,124.95213881494172,96.96181849866666,906.4135223399662,50.8763866572,20.239697266666667,15.311427354018461,62.93700971224737,59.50379847503534,391.6059162960738,171.03080163073128,167.70372511770518,18.811519948037034,510.2908519822962,107.03682235374046,76.13533333333334,757.4398391166295,44.162,14.829666666666666,12.91474515974064,46.825356466518286,47.54527927251847,314.75711449192556,146.69709005966646,135.83594204196265,5.55796819783578,11566.131819696258
2013-12-01,3034.0868104873434,1056.115416160323,393.6950087889141,193.3807662110329,73.1560037691136,44.55491500280603,288.72013528824783,197.87487528594764,10.57861652187838,,2570.273722214087,0.0,221.38329798450303,463.8130882732568,,554.6277754745764,64.0,79264.0,20227.0,,,99491.0,,,,,,,,51026.0,314740.75600000005,80716.62299999999,35815.07328,44901.54972,-234024.1330000001,10793.098,2820.846,625.458,180.905,0.901,3837.809,4858.59,2894.128,515.118,1408.044,1326.813,2667.431,25.865,1427.308,772.4010000000001,671.771,695.25,21100.52800000001,7381.217000000001,2658.032,601.027,180.808,0.848,3424.131,4828.405,1593.888,384.307,1322.254,1023.545,1926.271,23.909,1022.937,620.828,671.255,544.9110000000001,17386.641,0.0,0.045,4760.6720000000005,0.0,741.635,3960.477,5347.326279999999,848.802,64.232,1.7,14174.092,5916.092,55.874,53.719,1.1,147.143,2697.282,2431.444,5.981,523.549,88954.206,10023.152,48.074,6363.607,1529.972,1715.628,87989.081,450.563,333.726,1823.42,1215.36,0.0,5.381,0.32,516.742,2.829,95583.022,46708.432,31711.65,78420.082,4725.09,9303.349,14028.439,25417.148,117865.669,87375.564,4943.327,10259.149,11291.514,3071.9590000000003,4221.339,17622.463,138785.315,52299.564,4331.185,56630.749,1459.023,314740.756,3411.881,162.814,24.431,0.097,0.053,413.678,30.185,1300.24,130.811,85.79,303.26800000000003,741.16,1.956,404.371,151.573,0.516,150.339,3713.887,375.117,5315.51172,5690.628720000001,6.0,3.967,9.967,2330.746,8031.34172,35423.331,11.997,5.284,226.887,9.8,3.385,440.557,36121.24100000001,561.426,186.891,748.317,0.65,44901.54972000001,3355476.0,311121.0,61205553.0,24510559.0,1.0639,1.3708,1.638347619047619,,,4075.884761904762,,,32.658844,2.731238,110.75666666666666,34.0,15.0,,,20.0,22.0,,10.0,,42.0,,,,46.0,,30.0,17.0,17.0,42.0,39.0,11.0,13.0,6.0,17.0,18.0,32.0,29.0,,,,24.210526315789473,,,,,,,,,,,,,,,,24.0,713.3,199.7115,-247.3515,277.082,196.0,18.5,31.655,4.276,20.849,6.53,31.655,-51.35149999999999,0.0,56.8,0.0,0.0,24.4595,99.2,12.752,6.5,199.7115,0.0,10.063,0.0,44.997,25.0,0.0,3.222,277.082,193.8,755.8,508.4485,508.4485,2.5,3.5,1.25,1.7,1.5,2.0,1.6,2.0,2.51,7.65,8.7,6.458194205538953,6.97,7.36,3.24,7.0,1.45,5.0,7.53,0.0,0.06,4.75,0.91,1.25,0.26,0.5,0.07,0.75,47.44489,249018.15097,5781092.48368307,0.0,1004367.42469202,339200.8401133855,7373726.344348475,807849.1001834,875831.411982842,2540381.71535,336121.35928526503,0.0,1469974.492741561,416.9321541,9253.1609,3372.2308000000003,1416.6717392855,0.0,1329109.26921202,7373726.344348475,17215.143949999998,249072.68788,332742.55466,208290.4934,115014.90452,437.07109,529.48272,24530.94961,34389.7292621009,694266.1935994361,3241.5742200000004,17338.37531,9816.27998,4370.64925,1711256.089451537,321633.7712541,2032889.860705637,0.0,47.44489,47.44489,208936.86168,40081.28929,249018.15097,406776.88105,290034.93189,1711256.09045154,3373024.58029153,5781092.48368307,6030158.07954307,1343568.2648054056,7373726.344348475,954097.08264,1041277.58389,1056581.38797,0.0,11398.25191,266052.13687,574756.37092,0.0,274738.81148000003,300017.55944,0.0,17619.687280000002,171451.13691,15303.80408,48486.17542,0.0,38539.70426,154.62157000000002,954097.08264,667393.9621,757440.34647,678780.13272,30174.03833,48486.17542,1424834.30857,422251.05051000015,634184.65105,251420.99,411234.66459,75000.0,0.0,0.0,-103471.00354,0.0,1106.9398999999996,635291.59095,0.0,8978.84674,-706.83372,-195372.97415,-3251.5809800000043,-22687.998329999744,90.49162614802808,,15.278902836078188,12.740417521726098,17.606247121070332,14.498374304555929,15.770410764711809,12.632207459208415,15.665797721796014,7.65286587672811,22.18642409812398,15.240215837496683,15.237165767547213,19.180711155410542,15.848869993122765,18.814552817290533,16.696387514524062,18.63409017172042,12.404044231238185,13.70351880168455,10.077025781308242,13.065441584377382,6.461566820276497,16.660038609103935,13.116346979068005,11.814047507078794,16.011982393404992,12.798477665946937,15.78826904794501,13.442678161551935,2796.0392190023085,2331.496406475876,17.606247121070332,637.9284694004609,126.16328611769447,101.05765967366732,971.2794587513529,53.57006113709677,22.18642409812398,15.240215837496683,60.94866307018885,57.542133466231626,396.22174982806916,169.3309753556148,166.9638751452406,18.63409017172042,545.7779461744801,109.6281504134764,80.61620625046594,810.0573782313977,45.23096774193549,16.660038609103935,13.116346979068005,47.256190028315174,48.03594718021497,319.96194164867336,142.09442143150508,134.42678161551936,5.789057904356968,12047.02949896685
2014-01-01,,,,,,,,,,,,,,,,,61.0,83944.0,27530.0,,,111474.0,,,,,,,,50122.0,290149.731,78868.749,37420.58184,41448.16716,-211280.982,11342.139,2367.192,1512.147,10.178,0.596,3736.798,5927.743,5019.687,760.947,1735.133,2180.943,2922.838,11.189,1575.474,1310.902,212.379,697.894,26091.927,5123.196,1356.424,1367.513,10.118,0.596,3215.996,5883.323,4298.983,532.945,1318.494,1774.388,2235.361,10.572,1269.031,985.322,212.379,365.241,22102.035000000003,0.0,0.0,4893.874,0.0,1755.454,6143.579,6266.62884,1501.204,88.816,4.33,14658.659,2108.037,4.234,83.703,4.694,413.658,617.971,689.414,0.08,294.283,81790.706,6163.648,0.513,5675.631,1529.795,928.418,93631.076,158.007,67.142,814.649,535.484,0.0,3.503,47.44,157.491,1.549,97874.554,42082.068,19298.371,61380.439,8372.617,6466.435,14839.052,17314.395,93533.886,105086.139,4671.867,9733.995,9759.49,2478.38,3352.129,17979.742000000002,153061.74199999997,37353.595,4709.162,42062.757,1491.346,290149.731,6218.943,1010.768,144.634,0.06,0.0,520.802,44.42,720.7040000000001,228.002,416.639,406.555,687.477,0.617,306.443,325.58,0.0,332.653,3989.892,1383.011,7683.61416,9066.62516,0.0,10.035,10.035,3972.645,13049.30516,27014.419,25.565,39.271,39.33,34.432,0.505,520.346,27673.86800000001,489.636,235.358,724.994,0.0,41448.167160000005,30432890.0,1762158.0,15242033.0,78510214.0,1.094,1.361795238095238,1.6469809523809522,,,4154.360952380953,,,43.891821,3.194446,108.11772727272728,45.0,7.0,4.0,,20.0,28.0,,8.0,,40.0,,,,44.0,,50.0,22.0,20.0,70.0,58.0,19.0,22.0,14.0,23.0,32.0,61.0,44.0,,,12.0,30.61904761904762,,,,,,,,,,,,,,,,,,,,,,,,,,,,,,,,,,,,,,,,,,,,,,,,,,2.5,3.5,1.25,1.7,1.5,2.0,1.6,2.0,2.51,7.5,8.7,6.483083262835454,6.99,7.15,3.29,7.0,1.45,5.0,7.43,0.0,0.05,4.75,0.89,1.25,0.32,0.5,0.04,0.75,49.99736,225835.91502,5657717.44081605,0.0,1004367.46569202,330575.90512079233,7218546.724008862,680349.70785,870733.085944552,2540477.62711,330042.77332270093,0.0,1462000.1589688058,416.7969441,9125.1896,3366.50388,1390.0411766924,0.0,1320644.8392120202,7218546.724008871,15502.88406,245780.22446,335356.58968000003,199830.26282,117375.62439,432.67722,489.67836,24042.296,34720.897304399994,679058.8699114539,3035.86949,18469.23013,9679.92176,3629.51466,1687404.540245854,314113.62424409995,2001518.164489954,0.0,49.99736,49.99736,184589.31484,41246.60018,225835.91502,272715.26717,334963.3508,1687404.54024585,3362634.2826002003,5657717.44081605,5883603.353196051,1334943.3708128124,7218546.724008864,876631.72682,967094.375,986206.38365,0.0,26536.0535,171207.73516999997,580279.76214,0.0,275322.62888,304957.13326,0.0,17619.687280000002,171451.13691,19112.00865,51032.08625,0.0,39275.94036,154.62157000000002,876631.72682,610733.9033700001,734399.6237000002,652303.4991200002,31064.03833,51032.08625,1345133.5270700003,417469.714,653086.89463,257820.99,371295.36201,75000.0,0.0,0.0,-51029.45738,0.0,-4335.09643,648751.7982,0.0,9194.54039,-1578.63278,-195372.97415,-3776.513300000001,-39748.5043599999,90.00540248514316,,14.979820516128372,12.655711507224854,18.72197711567119,14.242717757199484,15.543052845095893,12.456433527335552,15.474241068458502,7.166388327603687,20.141543153786237,16.730222758727542,14.911481324250868,19.180556808449538,15.215755295766558,18.2121449589439,16.397949184241426,18.44523850853045,12.268489961895565,13.543567220210539,9.80534188519713,12.967859673484215,6.6331797235023044,16.006206250465937,12.93348236236549,11.291208734542947,15.891023370955777,12.816307881621489,15.481497760892045,13.898680777397816,2741.3071544514924,2315.9952058221484,18.72197711567119,626.6795813167772,124.34442276076715,99.65146821868441,959.4029462444271,50.16471829322581,20.141543153786237,16.730222758727542,59.64592529700347,57.54167042534861,380.39388239416394,163.90930463049511,163.97949184241423,18.44523850853045,539.8135583234048,108.34853776168431,78.44273508157704,804.0072997560212,46.432258064516134,16.006206250465937,12.93348236236549,45.164834938171786,47.67307011286733,320.4076970405372,139.3334798480284,138.98680777397817,5.791899670856797,12052.943215052994
2014-02-01,,,,,,,,,,,,,,,,,59.0,77867.0,22811.0,,,100678.0,,,,,,,,48143.0,264813.9,78959.75799999999,38337.04362,40622.71437999999,-185854.142,14316.333,1690.755,1216.747,0.441,0.0,3294.638,3612.009,5278.533,994.752,1735.417,2563.429,3057.702,15.157,1899.443,923.387,189.892,663.397,24227.756,6832.298,1480.381,1031.453,0.0,0.0,2485.55,3516.867,4563.376,630.183,1590.889,1678.028,2600.829,15.157,1633.162,726.509,166.812,190.992,19798.354000000003,0.078,0.02,6457.793000000001,0.0,1414.543,7036.85,6048.33162,1627.815,34.245,0.16,13761.402,1955.806,20.222,138.655,0.0,276.082,457.812,831.2330000000001,6.204,225.598,87637.261,6171.741,1.274,4771.005,1549.88,2035.626,68948.12,160.18800000000002,204.193,1055.136,394.099,0.0,6.07,13.131,116.273,93.516,74576.23199999999,49177.401,22405.042,71582.443,3927.405,6202.3060000000005,10129.711,21777.237,103489.391,71502.463,4582.513,9421.058,9696.935,2017.46,7407.189,16062.798,120690.416,35786.308,4044.155,39830.463,803.63,264813.9,7484.035,210.374,185.294,0.441,0.0,809.088,95.142,715.157,364.569,144.528,885.4010000000001,456.873,0.0,266.281,196.878,23.08,472.405,4429.402,418.157,8819.91338,9238.07038,0.0,34.648,34.648,6915.564,16188.28238,23403.389,11.269,53.613,141.1,22.629,2.473,278.44,23912.913,153.066,366.003,519.069,2.45,40622.71438,2667139.0,399112.0,67818334.0,3694289.0,1.1054,1.366521052631579,1.6558473684210526,,,4199.451052631579,,,29.687571,4.497142,108.90052631578948,41.0,6.0,,,22.0,25.0,,7.0,5.0,39.0,,,,44.0,,34.0,21.0,22.0,51.0,46.0,15.0,16.0,14.0,20.0,24.0,43.0,33.0,,,12.0,25.714285714285715,,,,,,,,,,,,,,,,,,,,,,,,,,,,,,,,,,,,,,,,,,,,,,,,,,2.5,3.5,1.25,1.7,1.5,2.0,1.6,2.0,2.51,7.5,8.7,6.481015352886905,6.99,7.13,3.19,7.0,1.52,5.0,8.08,0.0,0.05,4.75,0.85,1.25,0.36,0.5,0.05,0.75,60.73062,250581.5214,5625952.998458989,0.0,1002916.57369202,308422.86261934467,7187934.686790354,684011.78,860901.3424652269,2546326.91402,327658.118600164,0.0,1457697.095393598,416.9226141,8963.253,3360.99722,996.0572652447,0.0,1297602.20621202,7187934.686790353,15494.80916,243662.15835,340698.55212,194867.45402,107372.33841,422.3308,433.88762,23875.462440000003,34956.82652,673772.09302188,2888.42837,18116.36206,9666.14411,3786.6303,1670013.4773018805,292521.9848141,1962535.46211598,0.0,60.73062,60.73062,208712.41606,41869.10534,250581.5214,286976.5694,305230.56192,1670013.4773018798,3363732.38983711,5625952.998458989,5876595.2504789885,1311339.4363113646,7187934.686790353,827837.96995,916300.85171,933502.71892,0.0,38779.85435,109097.87242,579357.00496,0.0,273122.97510000004,306234.02986,0.0,17619.687280000002,171446.4327,17201.86721,47212.23277,0.0,41096.027420000006,154.62157000000002,827837.96995,602471.3646000001,706984.9637700001,628598.6926700001,31174.03833,47212.23277,1309456.3283700002,434406.1256500001,683747.88156,257153.211,371391.41044,75000.0,0.0,0.0,-19796.739880000005,0.0,-1730.0490699999998,682017.8324900001,0.0,9002.16539,-1384.47523,-195372.97415,-3742.916630000001,-56113.50621999991,90.38357644516478,,15.436598692122896,13.08444756781268,17.25694360455894,14.50536105849737,17.238372383589336,12.13605943597515,15.63049073858757,7.116837735315528,19.957859717274523,17.10138793553656,15.93954953915447,20.965281496538296,16.20574116707795,19.055587012307083,17.514388339713637,17.97932846007936,12.73457140326479,13.343024505887865,10.253908921612103,13.405009897058372,6.633548971638321,19.014642857142857,13.423769981031649,11.911799150962244,17.72575703150793,13.16640209419364,16.24229806009257,14.122889543468222,2824.89756065849,2394.4539049097207,17.25694360455894,638.2358865738842,137.9069790687147,97.0884754878012,969.0904257924294,49.817864147208695,19.957859717274523,17.10138793553656,63.75819815661788,62.89584448961489,405.1435291769488,171.50028311076375,175.14388339713636,17.97932846007936,560.3211417436507,106.74419604710292,82.03127137289682,831.1106136176189,46.43484280146826,19.014642857142857,13.423769981031649,47.647196603848975,53.17727109452379,329.16005235484096,146.18068254083312,141.22889543468224,5.699160743581638,11859.95350739339
2014-03-01,3115.42985232568,1052.2797544722382,405.494058771176,191.174285877839,71.127844315875,71.20832762118482,339.1238003319078,168.93269901888564,15.331651089282614,,2601.910117303375,2.776576224136248,270.6021321580975,513.5197350223042,,527.3787224450563,70.0,69333.0,21528.0,,,90861.0,,,,,,,,50321.0,290316.299,86819.60199999998,45041.03612,41778.56588,-203496.697,10337.333,2051.857,1366.872,0.02,11.0,2596.427,4098.921,10505.974,718.873,2231.868,1965.256,3750.705,17.046,1506.78,1667.978,168.37,874.16,30102.357999999997,6374.961,1766.614,1281.282,0.02,11.0,2112.317,4047.633,9734.071,417.364,1868.027,1698.533,2593.496,13.39,1277.878,1147.045,168.37,507.086,25585.21,0.0,0.04,6017.029,0.0,1582.699,6080.409000000001,5985.69712,1480.694,63.17,5.8260000000000005,13605.952,10219.52,8.351,125.19,5.805,364.469,2604.866,678.171,6148.893,283.77500000000003,89511.357,5624.492,1.256,5209.369,1566.06,1410.533,46904.538,24.247,215.764,1547.392,715.4780000000001,0.0,8.5,0.635,90.107,7.648000000000001,52490.90200000002,49892.468,47830.369,97722.837,5921.468,7541.51,13462.978,16648.971,127834.786,69452.577,6249.568,10927.631,11347.259,2293.293,8468.353000000001,16926.009000000002,125664.69000000002,32491.157,3553.869,36045.026,771.797,290316.29900000006,3962.372,285.243,85.59,0.0,0.0,484.11,51.288,771.903,301.509,363.841,266.723,1157.209,3.656,228.902,520.933,0.0,367.074,4517.147999999999,689.038,6393.10788,7082.14588,77.2,16.055,93.255,3848.661,11024.06188,29023.836,1.505,16.642,548.417,24.576,2.512,709.586,30327.074,45.894,381.136,427.03,0.4,41778.56588,66251488.0,807605.0,70380750.0,18558424.0,1.1107,1.3828190476190476,1.6624142857142856,,,4276.359047619048,,,46.338638,3.069039,107.48095238095237,47.0,12.0,,,19.0,23.0,,7.0,7.0,,,,,50.0,,32.0,18.0,16.0,41.0,36.0,14.0,15.0,20.0,15.0,20.0,39.0,34.0,,,7.0,23.6,,,,,,,,,,,,,,,,79.7,976.8,292.5,-275.4409999999999,390.1000000000001,126.0,-1.6,96.859,0.409,91.9,4.55,96.859,-149.44099999999992,0.0,76.3,0.0,0.0,28.6,122.8,57.2,7.6,292.5,0.0,35.6,0.0,55.1,32.8,0.0,4.1,390.1000000000001,262.5,1054.9,779.4590000000002,779.4590000000002,2.5,3.5,0.0,1.7,0.0,2.0,1.5,2.0,2.51,7.5,8.7,6.474879774536709,7.0,7.15,3.34,7.0,1.52,5.0,8.35,0.0,0.06,4.75,0.89,1.25,0.39,0.5,0.05,0.75,106.96105,243338.0025,5593919.03938443,0.0,1067789.44285202,287694.6320180168,7192848.077804468,672107.43771,846629.191437793,2544237.96172,323437.5063495119,0.0,1450951.9057171282,416.7666941,8957.624,4365.29464,1379.1323239168,0.0,1340365.25721202,7192848.077804469,14636.2594,240967.89036,263907.59593,193060.30496,111375.59009,417.14726,397.97357,23409.138850000003,35396.67066,658989.195513428,2816.1432,21409.9203,9559.55522,3671.24115,1580014.626463428,258413.90195410003,1838428.528417528,0.0,106.96105,106.96105,201838.91997,41499.08253,243338.0025,300526.62356,361625.46982,1580014.62646343,3351752.319541,5593919.03938443,5837364.002934431,1355484.074870037,7192848.077804468,968717.2811300004,1049955.5019900005,1065919.24797,0.0,52165.69845,228448.25372,580275.4298400001,0.0,275699.85998,304575.56986000005,0.0,17619.687280000002,171446.4327,15963.745980000002,49252.40675000002,0.0,31831.19254,154.62157000000002,968717.28113,599565.08613,672754.86944,592328.4243600001,31174.03833,49252.40675000002,1272319.95557,254350.26769000015,539388.6616100001,257853.211,371402.30044,75000.0,0.0,0.0,-164866.84983000002,0.0,-857.9104600000001,538530.75115,0.0,8824.41585,-1351.4171,-195372.97415,-2782.5720300000007,-93497.93602999984,90.2215018908698,,14.932305233887453,12.849841413624763,18.245896805170222,13.914332275060241,16.18131184779639,12.140792979875874,15.051226531954283,8.182861237520015,20.999522534957638,14.564452108464424,16.06817916960979,19.140031274040933,15.48595927104362,19.43961432892028,16.57401327480423,17.520967741935483,12.418904057570867,13.476052741796561,10.098495142432794,13.102987476508842,6.844377880184332,16.033909576845872,14.12630836996407,12.120989530564463,16.680412668554347,13.080467901736187,16.160042619633586,13.75384854447667,2732.611857801404,2351.5209786933315,18.245896805170222,612.2306201026506,129.45049478237112,97.12634383900699,933.1760449811655,57.280028662640106,20.999522534957638,14.564452108464424,64.27271667843917,57.42009382212281,387.1489817760905,174.95652896028253,165.7401327480423,17.520967741935483,546.4317785331182,107.80842193437249,80.78796113946235,812.3852235435482,47.910645161290326,16.033909576845872,14.12630836996407,48.48395812225785,50.04123800566303,327.01169754340464,145.4403835767023,137.5384854447667,5.911362272661172,12301.544889407898
2014-04-01,,,,,,,,,,,,,,,,,37.0,53205.0,5468.0,,,58673.0,,,,,,,,43262.0,296959.8,74587.087,44506.073260000005,30081.01374,-222372.713,13125.03,1594.609,1566.488,115.212,5.3580000000000005,2606.82,3169.543,10828.171,820.447,2317.745,2288.958,2247.859,68.914,1584.006,965.411,399.798,362.605,27660.277,9811.01,1489.108,1547.888,115.212,5.3580000000000005,2176.457,3005.219,9890.557,583.657,2109.609,1833.665,1787.353,68.914,1406.387,713.306,399.798,219.987,24194.909,216.655,0.0,6446.9310000000005,0.0,1400.078,5394.963,5726.95026,1495.236,48.291,84.16,12097.449,11595.36,11.781,319.767,0.0,242.319,1621.667,812.756,6131.923,2455.147,89252.279,6295.709,14.894,4684.9890000000005,1414.424,2473.428,90390.111,135.46,223.11,1378.183,916.781,0.0,23.499,0.0,380.853,5.673,97341.522,54307.967,24100.72,78408.687,5698.825,6154.885,11853.71,17762.697,108025.094,100255.286,5958.825,7518.726000000001,11311.437,2152.401,8251.451000000001,15036.993,150485.11899999998,32771.058,4975.52,37746.578,703.009,296959.8,3314.02,105.501,18.6,0.0,0.0,430.363,164.324,937.614,236.79,208.136,455.293,460.506,0.0,177.619,252.105,0.0,142.618,3465.368,326.685,4629.8317400000005,4956.516740000001,57.495000000000005,33.379,90.874,2757.061,7804.45174,20776.919,148.979,49.114,223.688,23.841,3.708,234.966,21461.215,413.577,398.02,811.597,3.75,30081.01374,4371925.0,1008329.0,50803126.0,15541555.0,1.0992,1.381018181818182,1.6748272727272728,,,4119.30619047619,,,37.153167,4.395022,107.7552380952381,37.0,,,,17.0,19.0,,6.0,9.0,51.0,,,,31.0,,27.0,18.0,17.0,33.0,27.0,10.0,13.0,15.0,18.0,18.0,33.0,26.0,,,7.0,21.6,,,,,,,,,,,,,,,,,,,,,,,,,,,,,,,,,,,,,,,,,,,,,,,,,,2.5,3.5,0.0,1.7,0.0,2.0,1.5,2.0,2.51,7.5,8.7,6.463339318121747,6.99,7.09,3.28,7.0,1.52,5.0,8.26,0.0,0.06,4.75,0.95,1.25,0.37,0.5,0.03,0.75,209.72146,244041.18615,5584462.31966548,0.0,1067789.48285202,281582.0171700854,7178084.727297586,677008.5798500001,841235.163199708,2542791.4171100003,326997.174159051,0.0,1440680.8929567148,416.8525441,8758.68574,4358.98026,1547.9582659854,0.0,1334289.02321202,7178084.72729758,12743.90514,238674.39503,263768.73461000004,193751.46374,104082.00408,418.80347,986.0154,23368.203530000003,35214.93725,651848.927716788,2873.6914,22707.2959,9538.24916,3854.94169,1563831.568116788,252138.77812410003,1815970.346240888,0.0,209.72146,209.72146,201839.63276,42201.55339,244041.18615,313859.90737000003,355969.929,1563831.56811679,3350800.91517869,5584462.31966548,5828713.22727548,1349371.5000221054,7178084.727297585,925818.3097700002,1009188.01966,1027722.50232,0.0,61383.05950999999,136438.12247,622300.7177,0.0,276401.28704,345899.43066,0.0,17619.687280000002,171446.4327,18534.48266,51388.22276,0.0,31826.86556,154.62157000000002,925818.3097700002,634315.8517000001,746877.7805900001,664215.5195,31274.03833,51388.22276,1381193.63229,403987.09975999984,693118.79865,251598.0,371426.05044,75000.0,0.0,0.0,-4905.25179,0.0,-989.8281899999998,692128.97046,0.0,8478.10528,-1316.14669,-195372.97415,-2697.0838000000017,-97233.77134000017,90.76175040518638,,15.46229470083003,13.00273874459987,22.035868962553007,14.778856709177838,16.970843238312796,12.825041166666667,15.551746609546134,7.383108761777619,19.76483895,15.66077292976345,15.86619543963634,20.383072624365592,15.823691051251002,18.95965020873119,17.67685000501168,19.46903989607407,12.529931496255891,13.934517852675894,9.961791666666667,13.137807946093785,6.5407142857142855,16.289,13.371371930333238,12.59849259286106,18.099537535283936,13.44523660046221,16.053815955650183,14.224738219785156,2829.5999302518953,2379.501190261776,22.035868962553007,650.2696952038249,135.76674590650236,102.60032933333333,964.2082897918602,51.68176133244333,19.76483895,15.66077292976345,63.46478175854536,61.14921787309678,395.5922762812751,170.6368518785807,176.76850005011684,19.46903989607407,551.3169858352592,111.47614282140715,79.69433333333333,814.5440926578148,45.785,16.289,13.371371930333238,50.39397037144424,54.2986126058518,336.1309150115552,144.48434360085167,142.24738219785155,6.0810332235753215,12654.630138260243
2014-05-01,,,,,,,,,,,,,,,,,13.0,24614.0,897.0,,,25511.0,,,,,,,,38437.0,304393.693,79024.864,47232.98976,31791.874240000005,-225368.82900000003,13931.817,2500.882,2795.717,143.94400000000002,10.92,2613.852,4895.005,10464.364,693.508,1732.234,2374.698,2756.318,92.982,1976.58,1080.598,277.986,636.905,29595.03,8574.728000000001,2310.185,1521.961,42.47,10.92,2133.996,4793.728,9661.463,384.636,1398.891,1938.655,2254.772,71.627,1660.104,629.339,252.598,345.856,25525.665,346.741,0.0,8158.458,0.0,1935.48,4817.737,5709.39376,1654.357,33.423,2.36,15036.352,9538.688,14.763,127.721,0.4,451.709,858.908,1555.277,6160.4310000000005,369.479,88341.615,8302.961,42.56,5740.579,2164.2870000000003,972.241,51559.505000000005,413.071,95.443,1305.097,13793.607,0.0,40.16,9.886,85.288,18.925,70457.51000000001,52318.119,28687.267,81005.386,8700.043,7708.092000000001,16408.135000000002,16423.382,113836.903,86066.95,4223.5650000000005,10693.506,13018.589,2683.496,4317.494,19413.043,140416.64299999998,45268.842,4260.787,49529.629,610.518,304393.693,5357.089,190.697,1273.756,101.474,0.0,479.856,101.277,802.9010000000001,308.872,333.343,436.043,501.546,21.355,316.476,451.259,25.388,291.049,4069.365,398.709,7158.40924,7557.11824,1250.0,26.856,1276.856,4800.06,13634.03424,16026.015,21.646,15.353,486.79,12.018,20.735,815.708,17398.265,607.772,149.603,757.375,2.2,31791.87424,21206924.0,1165022.0,60811468.0,18845261.0,1.0894,1.3738523809523808,1.6842380952380953,,,4135.374285714286,,,41.484173,4.376105,109.53909090909092,33.0,5.0,,,20.0,26.0,,9.0,26.0,34.0,,,,33.0,,29.0,17.0,16.0,31.0,29.0,10.0,14.0,21.0,18.0,18.0,31.0,26.0,,,10.0,21.714285714285715,,,,,,,,,,,,,,,,,,,,,,,,,,,,,,,,,,,,,,,,,,,,,,,,,,2.5,3.5,0.0,1.7,0.0,2.0,1.5,2.0,2.51,7.5,8.7,6.463438038788957,7.0,7.16,3.3,7.0,1.53,5.0,8.21,0.0,0.14,4.75,0.93,1.25,0.28,0.5,0.03,0.75,43.326260000000005,218941.3491,5605442.207427099,0.0,1067059.70321202,279868.0888947493,7171354.674893868,646748.64047,868892.2019079099,2543794.99538,326028.22997271194,0.0,1438962.815056484,416.9908641,8587.273669999999,3621.1023,1424.3710606493,0.0,1332878.0542120202,7171354.674893875,12371.00806,240748.12627,250496.38453,196983.7234,112739.76358,402.68029,941.5746,23219.29817,36634.16243,655107.0073259099,2849.87128,22722.541510000003,9596.27526,3505.26254,1568317.67924591,251046.1314341,1819363.81068001,0.0,43.326260000000005,43.326260000000005,176842.89679,42098.45231,218941.3491,286789.8302,398381.40044,1568317.67924591,3351953.29754119,5605442.207427099,5824426.882787099,1346927.7921067693,7171354.674893868,931074.73285,1017767.06961,1033283.95675,0.0,69858.47836,131732.69524,627057.0403,0.0,277686.32404000004,349370.71626,0.0,17619.687280000002,171499.16843000002,15516.88714,51448.51017,0.0,35082.25318,161.57341,931074.73285,597298.5749,754280.7236000001,671862.2021600001,30970.01127,51448.51017,1351579.2985,369056.0554800001,694362.6260800001,249138.0,371376.51471,75000.0,0.0,0.0,-1151.88863,0.0,-2632.06847,691730.55761,0.0,8491.955730000001,-1205.5565800000002,-195372.97415,-1128.005150000004,-133459.92197999996,91.08589951377633,,15.332576167132162,12.94093056647961,23.490494626401084,14.654031582922146,16.95364811535158,12.489266328797756,15.273821533827716,8.72764955345622,20.540899001349786,17.65182942880334,15.083009230127859,20.971657427606164,15.387906435653104,19.253541003772202,17.456048922674306,19.157096774193548,12.671612874653794,13.791770452302833,10.088387096774193,13.128862831730835,7.931823034290834,15.376451612903226,13.256204993297393,12.30388310409493,17.154201848817184,13.112174714296758,15.259903400673002,13.647442017433654,2805.8614385851856,2368.190293665769,23.490494626401084,644.7773896485744,135.62918492281264,99.91413063038205,946.9769350973183,61.09354687419355,20.540899001349786,17.65182942880334,60.332036920511435,62.9149722828185,384.6976608913276,173.28186903394985,174.56048922674304,19.157096774193548,557.550966484767,110.33416361842266,80.70709677419354,813.9894955673118,55.52276124003584,15.376451612903226,13.256204993297393,49.21553241637972,51.462605546451556,327.8043678574189,137.339130606057,136.47442017433656,6.233778510922152,12972.493081228999
2014-06-01,2957.6789800699694,1059.104662175352,381.8014936167003,188.12899553756088,72.63086102645606,69.16158991062504,275.22403795079515,177.36433185186743,15.163426110868391,,2507.0535945025704,11.623329142119434,192.47613466278727,450.6253855673992,,515.0001180848378,7.0,17440.0,779.0,,,18219.0,,,,,,,,34130.0,285796.66500000004,62560.73900000001,36999.582700000006,25561.1563,-223235.92600000004,11758.088,1301.283,3179.962,0.4,13.25,1683.892,4277.34,3780.67,675.649,1861.549,1649.656,2346.735,43.706,1326.678,1123.522,140.391,657.659,19567.447,7405.149,1272.485,3086.426,0.4,13.25,1096.524,4198.603,3112.8250000000003,547.871,1241.831,1347.507,1886.453,19.635,1148.725,896.121,140.391,228.193,15864.678999999998,369.556,0.0,7204.028,0.0,1594.961,3920.012,4796.925700000001,1209.337,52.559000000000005,0.0,14541.463,3310.741,16.287,140.645,0.4,473.544,1442.307,599.545,0.18,637.833,92933.183,7170.0160000000005,28.449,7975.558,2215.3,1836.772,50781.161,142.522,251.75,1342.692,14042.539,0.0,22.871,0.289,439.257,0.447,71075.6,54705.916000000005,26962.606,81668.522,6146.348,7832.697,13979.045,17847.781,113495.348,66854.664,4180.008,11607.764,12195.532,1970.538,7740.802000000001,15276.045,119825.353,47494.017,4157.926,51651.943,824.0210000000001,285796.665,4352.939,28.798,93.536,0.0,0.0,587.368,78.737,667.845,127.778,619.718,302.149,460.282,24.071,177.953,227.401,0.0,429.466,3702.768,315.88100000000003,5782.0413,6097.9223,30.896,7.918,38.814,4153.211,10289.9473,14236.438,12.729,51.102,117.892,14.726,78.913,275.83,14787.63,265.532,217.447,482.979,0.6,25561.1563,31504878.0,1221496.0,188926435.0,171961999.0,1.083,1.3594857142857142,1.6907999999999999,,,4332.738571428571,,,44.715886,4.886599,111.79523809523809,32.0,,,,17.0,20.0,,6.0,38.0,43.0,,,,44.0,,25.0,13.0,15.0,35.0,31.0,11.0,15.0,26.0,13.0,17.0,32.0,28.0,,,10.0,23.55,,,,,,,,,,,,,,,,19.8,731.9000000000001,205.00000000000003,-200.6,313.00000000000006,206.7,7.2,40.3,1.4,32.5,6.4,40.3,6.099999999999966,4.4,33.9,0.0,0.4,19.7,131.0,7.3,8.3,205.00000000000003,0.0,26.0,0.0,47.6,29.1,0.0,3.3,313.00000000000006,207.0,758.9000000000001,558.3000000000001,558.3000000000001,2.5,3.5,0.0,1.7,0.0,2.0,1.5,2.0,2.51,7.5,8.7,6.4131408426403205,7.0,7.1,3.38,7.0,1.59,5.0,7.66,0.0,0.12,4.75,0.95,1.25,0.36,0.5,0.04,0.75,32.23795,242391.91763,5626423.28118413,0.0,1067151.81575202,273074.7411017194,7209073.99361787,626274.75224,848841.374471958,2545921.51202,326878.37215775106,0.0,1520931.425874424,322.4530741,8474.99445,3530.35254,1149.927577619403,0.0,1326748.8292120202,7209073.993617874,12242.10438,253178.95933,263817.54459,195336.38464,108764.01974,598.53496,855.12106,22799.48437,36885.99138,651749.605626963,2820.97469,21909.93608,10076.26456,3591.78584,1584626.711246963,244710.04256410003,1829336.753811063,0.0,32.23795,32.23795,200279.60754,42112.310090000006,242391.91763,303415.49282,371925.38968,1584626.71124696,3366455.68743717,5626423.28118413,5868847.43676413,1340226.5568537395,7209073.99361787,880528.82273,966904.34262,987443.17594,0.0,75174.46894,71703.70721999998,625810.16866,0.0,277366.65760000004,348443.51106,0.0,18094.83232,176121.16548,20538.83332,48546.40867,0.0,37667.53781,161.57341,880528.8227300001,601039.4917100001,664307.71493,580741.29499,35020.01127,48546.40867,1265347.20664,336271.97523999977,691065.48176,245238.0,371365.62471,75000.0,0.0,0.0,-538.1429499999999,0.0,-1596.64359,689468.83817,0.0,8514.19073,-1190.4677900000002,-200641.54095,-1548.3650899999984,-158330.67983000027,91.35602377093464,,14.214348546712467,12.115438586983432,25.562219313230575,13.191004942445359,16.985351050427866,11.619590161637932,13.860733623616307,7.573765093103448,19.739752275862067,19.366191357250926,15.172695381089317,19.456457680565713,14.693940560087976,18.21128894966154,16.46217645067727,18.228620689655173,11.58842945486764,13.46114781222698,9.33926724137931,11.988664732529354,6.718866995073891,14.129655172413793,15.530026618620624,12.468868320459727,16.62785736375478,12.578653599586193,15.111262441047227,13.63867127797315,2601.2257840483812,2217.125261417968,25.562219313230575,580.4042174675958,135.88280840342293,92.95672129310346,859.365484664211,53.01635565172414,19.739752275862067,19.366191357250926,60.69078152435727,58.36937304169713,367.34851400219935,163.90160054695386,164.6217645067727,18.228620689655173,509.89089601417623,107.68918249781584,74.71413793103449,743.2972134168199,47.03206896551724,14.129655172413793,15.530026618620624,49.87547328183891,49.88357209126435,314.46633998965484,136.00136196942506,136.3867127797315,5.89558733175861,12268.717237389668
2014-07-01,,,,,,,,,,,,,,,,,9.0,27385.0,674.0,,,28059.0,,,,,,,,47315.0,288912.14,75346.522,49066.36742,26280.154579999995,-213565.618,11828.78,2138.307,1182.265,55.035,8.02,3367.26,5419.818,12207.281,582.771,2074.915,2426.1710000000003,5352.508,9.053,2412.958,869.308,320.819,623.602,35666.46400000001,8219.288,2062.461,925.334,55.035,8.02,2650.637,5376.225,10585.656,513.3100000000001,1582.092,2056.757,4448.369,4.649,2323.8830000000003,677.863,320.819,345.62600000000003,30885.88600000001,0.0,7.815,7068.053,0.0,1877.08,4767.524,6894.93342,846.572,38.013,1.1,17046.711,10518.566,130.684,164.272,0.0,365.474,1052.386,1265.047,6192.236,1348.467,88599.812,5599.957,0.2,4000.359,1698.587,1716.166,69117.071,145.481,53.388,1949.088,7123.967000000001,0.0,5.956,0.083,199.357,4.562,82013.70600000002,49119.8,28203.929,77323.729,4813.703,9997.246,14810.949,15549.025,107683.703,78664.488,5044.929,13830.433,13882.978,2925.657,4106.483,20147.244,138602.21200000003,37237.144,4178.269,41415.413,1210.812,288912.14,3609.492,75.846,256.931,0.0,0.0,716.623,43.593,1621.625,69.461,492.823,369.414,904.139,4.404,89.075,191.445,0.0,277.976,4780.578,373.94,7082.09158,7456.03158,200.679,49.449,250.128,2031.44,9737.59958,14720.503,10.82,18.011,537.767,25.023,17.302,362.095,15691.521,136.535,616.393,752.928,98.106,26280.15458,2667786.0,730255.0,67785477.0,72944715.0,1.0739,1.3533363636363636,1.7065772727272728,,,4434.125909090909,,,46.099896,4.13687,106.76818181818182,31.0,,,,19.0,25.0,11.0,7.0,73.0,,,,,63.0,,29.0,17.0,20.0,35.0,31.0,11.0,13.0,39.0,15.0,17.0,34.0,27.0,,,,27.210526315789473,,,,,,,,,,,,,,,,,,,,,,,,,,,,,,,,,,,,,,,,,,,,,,,,,,2.5,3.5,0.0,1.5,0.0,2.0,1.5,2.0,2.51,7.5,8.05,6.445298646349654,7.0,7.16,3.28,7.0,1.59,5.0,7.64,0.0,0.13,4.75,0.96,1.25,0.43,0.5,0.03,0.75,98.91186,218079.61751,5611875.461224809,0.0,1067178.8511820198,271596.79836605885,7168829.640142888,598223.91371,829795.6454623551,2550912.54861,328591.334845789,0.0,1522530.547966662,417.1479541000001,8431.97315,3519.81856,1133.631861958903,0.0,1325273.0780220202,7168829.640142884,12804.7343,240299.5259,275056.39614,198132.24624,104824.82435,635.33035,786.5311800000001,22605.62419,45249.86166,640865.931437219,2734.94124,21467.65668,10455.39834,3306.4659,1579225.4679072192,244243.3213241,1823468.7892313192,0.0,98.91186,98.91186,176280.34084,41799.27667,218079.61751,257906.5501,390467.23026,1579225.46790722,3384276.21295759,5611875.461224809,5830053.99059481,1338775.649548079,7168829.640142889,837630.48396,921029.39338,936011.64945,0.0,27586.23715999999,79722.02959999998,619505.12882,0.0,272596.30736000004,346908.82146,0.0,18094.83232,176121.16548,14982.25607,48460.49566000001,0.0,34776.84034999999,161.57341,837630.4839600001,623144.7176000001,714498.9266700001,634238.41974,31800.01127,48460.49566000001,1337643.64427,451552.6646499998,735288.1572199999,252135.0,370832.61194,113084.0,0.0,0.0,-763.45472,0.0,-9.397399999999775,735278.7598199999,0.0,8514.19073,-1038.07524,-200641.54095,-1055.0611900000015,-89505.60852000015,91.73419773095624,,14.05876231140409,11.980177633641413,24.519621926630002,13.498929731351103,16.52276204257136,11.488852871774194,13.752851246570872,7.293273412442397,18.648365741935482,20.758359264813443,15.677285291481727,18.25829051917943,13.73435738695395,17.62035639507855,16.76254824318449,16.978064516129034,11.5908407590347,13.102970477446204,9.383830645161291,11.834009779044397,6.950599078341014,14.529032258064515,13.05574042688162,12.06734119375443,17.336477352305852,12.374640327050884,14.578792429247285,13.470153065634376,2572.753502986948,2192.3725069563784,24.519621926630002,593.9529081794485,132.1820963405709,91.91082297419355,852.6767772873941,51.05291388709677,18.648365741935482,20.758359264813443,62.70914116592691,54.77487155753828,343.35893467384875,158.58320755570693,167.6254824318449,16.978064516129034,509.99699339752686,104.82376381956963,75.07064516129033,733.7086063007526,48.6541935483871,14.529032258064515,13.05574042688162,48.26936477501772,52.009432056917554,309.3660081762721,131.20913186322556,134.70153065634375,5.80639545664763,12083.108945283719
2014-08-01,,,,,,,,,,,,,,,,,6.0,18269.0,610.0,,,18879.0,,,,,,,,38655.0,267950.958,74844.306,43963.3764,30880.9296,-193106.652,7443.544,1926.675,1764.964,8.966,7.0,2355.033,1938.116,3252.962,523.183,764.732,1967.732,2177.889,10.137,1696.304,1086.551,27.714,655.697,16456.049999999996,5722.89,1867.765,1657.977,8.966,7.0,1710.669,1879.683,2663.071,523.183,624.142,998.799,1874.356,8.412,998.738,745.202,25.788,341.849,12393.891999999998,0.0,7.066,6918.984,0.0,1332.324,3760.785,5007.5554,1306.689,22.675,0.0,8067.401,17539.897,131.264,213.486,7.13,228.899,15606.622,738.268,15.25,598.9780000000001,93079.374,6216.900000000001,0.0,5142.348,1135.357,3748.69,36293.129,161.523,201.254,1361.42,13388.513,0.0,58.115,13.517,298.151,13.094,56672.76299999999,48621.959,24529.575,73151.534,7268.641,7715.723,14984.364,14889.437,103025.335,63204.763,6972.58,14782.241,10385.369,2920.687,9358.663,16505.519,124129.822,35546.581,3692.176,39238.757,1557.044,267950.958,1720.654,58.91,106.987,0.0,0.0,644.364,58.433,589.891,0.0,140.59,968.933,303.533,1.725,697.566,341.349,1.926,313.848,4062.158,285.645,6860.9656,7146.6106,0.0,26.384,26.384,1879.371,9052.3656,20905.003,23.625,20.699,52.232,3.622,10.094,281.272,21296.547,287.092,244.625,531.717,0.3,30880.929600000003,22458418.0,973646.0,75767188.0,23199887.0,1.0926,1.3315238095238096,1.6700190476190475,,,4464.830952380952,,,58.496727,3.650561,101.60809523809523,35.0,,,,20.0,24.0,18.0,7.0,53.0,27.0,45.0,,,58.0,,33.0,16.0,17.0,40.0,34.0,14.0,17.0,41.0,18.0,21.0,42.0,27.0,,,13.0,28.181818181818183,,,,,,,,,,,,,,,,,,,,,,,,,,,,,,,,,,,,,,,,,,,,,,,,,,2.5,3.5,0.0,1.7,0.0,2.0,1.5,2.0,2.51,7.65,8.07,6.436376621151751,7.02,7.21,3.3,7.0,1.61,5.0,7.47,0.0,0.1,4.75,0.94,1.25,0.4,0.5,0.03,0.75,76.73002000000001,241180.87242,5576173.025230001,0.0,1067140.82746202,270922.2908141,7155493.7459461205,550946.96156,833974.04323,2554863.39459,334504.90843,0.0,1543141.31986,417.2611041,8271.117069999998,3511.82416,1398.01527,0.0,1324464.9006720202,7155493.745946121,7700.13086,262401.3184,278231.21402,208053.56279,103682.22963,680.3074399999999,723.74915,22445.75648,38460.39965,639835.64525,2794.84579,21041.68389,10355.28539,3089.73104,1599495.85978,243756.2394241,1843252.0992041,0.0,76.73002000000001,76.73002000000001,199668.33364,41512.53878,241180.87242,218845.52864,364522.74097,1599495.85978,3393308.8958400004,5576173.025230001,5817430.62767,1338063.1182761202,7155493.7459461205,860199.1480099999,943683.35499,958787.25025,0.0,20019.9406,103190.4536,626272.7239,0.0,276675.60524,349597.11866,0.0,18094.83232,176105.40456999998,15103.89526,48479.461480000005,0.0,34843.17209,161.57341,860199.14801,603580.61895,789959.6241900001,709680.15144,31800.01127,48479.461480000005,1393540.2431400002,484861.63365,717466.85902,237935.0,371682.61194,113084.0,0.0,0.0,-5234.75292,0.0,887.9966600000002,718354.8556799999,0.0,8514.19073,-981.84114,-200641.54095,-311.0163199999975,-40073.01434999997,92.54457050243111,,13.555715841110134,11.523012552373396,21.609852966430118,12.75346013350838,16.114581442371783,10.768623831500001,13.400875908764581,6.697458305904762,19.7413332,25.101871376430115,15.937464374568368,18.706531782505888,13.307686476416286,16.25053496980544,16.147210934576663,15.675,11.023089388034512,13.034762865666636,9.044708333333334,11.397979781593788,6.318095238095238,14.350333333333333,13.051411826407307,11.995742592861061,16.011804375160487,11.968000873364433,14.053399538106964,13.138243495959225,2480.6959989231545,2108.711297084332,21.609852966430118,561.1522458743688,128.91665153897426,86.14899065200001,830.854306343404,46.88220814133333,19.7413332,25.101871376430115,63.74985749827347,56.119595347517674,332.69216191040715,146.25481472824896,161.47210934576663,15.675,485.0159330735185,104.27810292533309,72.35766666666667,706.6747464588149,44.22666666666667,14.350333333333333,13.051411826407307,47.982970371444246,48.03541312548147,299.20002183411077,126.48059584296269,131.38243495959225,5.573567482474527,11598.593931029489
2014-09-01,2938.010531842405,1058.3178319518183,379.43748977153547,209.72266219267857,72.98344226463854,43.31455397598181,278.4114634742468,170.15094830382958,14.8662468827147,,2522.677169513649,0.4480719762521046,201.4197880726921,415.3333623287557,,508.9380329760166,8.0,21258.0,654.0,,,21912.0,,,,,,,,26329.0,298726.007,65610.33499999999,43628.11436,21982.22064,-233115.672,11441.445,1378.556,949.272,37.962,49.101,5081.408,3831.424,8074.069,969.882,1932.138,1678.881,3407.491,72.028,1734.98,874.2520000000001,362.605,751.131,28770.289000000004,9346.199,1272.793,935.093,37.962,8.5,4030.73,3780.506,6892.8820000000005,734.753,1765.301,1380.301,3027.928,69.194,1520.405,677.783,325.677,550.471,24755.931,0.0,0.015,7669.757,0.0,1564.501,5952.428,7580.90836,1484.888,10.567,0.0,13858.295,5506.755,83.795,116.398,0.0,389.34,1783.279,2747.269,2.832,383.842,90572.098,8585.834,0.288,5365.648,1912.864,1970.447,54062.6,245.394,285.027,1070.772,18912.043,0.0,6.26,0.083,169.53900000000002,5.556,78640.58499999999,46628.963,25387.151,72016.114,8490.395,10540.186,19030.581,16230.076,107276.771,74953.941,6123.581,14142.25,13799.741,2942.554,5063.553,20933.549,137959.169,45283.633,6874.0650000000005,52157.698,1332.369,298726.00700000004,2095.246,105.763,14.179,0.0,40.601,1050.678,50.918,1181.187,235.129,166.83700000000002,298.58,379.563,2.834,214.575,196.469,36.928,200.66,4014.358,453.607,5785.07164,6238.67864,160.792,15.961,176.753,873.571,7289.00264,12536.599,21.069,43.852,40.793,31.329,687.0500000000001,341.31,13702.002,323.085,663.131,986.216,5.0,21982.22064,3800269.0,1191570.0,59195684.0,12013820.0,1.1011,1.2889095238095238,1.6290285714285715,,,4551.5861904761905,,,43.826099,5.256517,97.09142857142858,38.0,,6.0,,18.0,28.0,20.0,7.0,,,,,,39.0,,30.0,16.0,17.0,34.0,32.0,11.0,12.0,6.0,15.0,18.0,35.0,22.0,,,12.0,20.8,,,,,,,,,,,,,,,,24.1,635.9,187.1,-138.89999999999998,312.4,106.2,1.2999999999999998,22.9,0.9,18.4,3.6,22.9,-32.69999999999999,3.7,32.0,0.0,14.5,16.2,106.6,6.8,7.3,187.1,0.0,30.1,0.0,46.0,27.4,0.0,2.7,312.4,206.2,661.3,522.4,522.4,2.5,3.5,0.0,1.7,0.0,2.0,0.75,2.0,2.51,7.65,8.07,6.427298046893015,7.02,7.15,3.17,7.0,1.58,5.0,7.47,0.0,0.11,4.75,0.92,1.25,0.44,0.5,0.02,0.75,101.05461,241063.92323,5580170.9836800005,0.0,1067113.4403320202,270257.76617409993,7158707.168026121,561671.45115,832113.26265,2553987.44981,338085.94835,0.0,1535477.84956,416.4663141,8161.831069999999,3435.5766000000003,1547.86747,0.0,1323809.46505202,7158707.16802612,7758.86288,263314.85541,278265.72541,207253.42198,109408.55061,687.4235600000001,660.13706,21962.74733,35935.63674,636881.7924299999,2649.18191,21256.89249,10338.13577,3246.55739,1599619.92097,242990.60276410004,1842610.5237341,0.0,101.05461,101.05461,198785.37193,42278.5513,241063.92323,237901.72335,347227.08732,1599619.92097,3395422.25204,5580170.9836800005,5821335.96152,1337371.20650612,7158707.16802612,855952.0371999999,938980.8859,954735.3262,0.0,19493.78592,100858.06157,624428.80152,0.0,276932.55206,347496.24946,0.0,18094.83232,176105.40456999998,15754.4403,48333.619170000005,0.0,34533.65612,161.57341,855952.0372,612452.3483600001,863441.22049,783307.59005,31800.01127,48333.619170000005,1475893.56885,571607.9124799998,729218.94662,231405.0,386662.93523,113084.0,0.0,0.0,-1932.98861,0.0,2262.30769,731481.25431,0.0,8514.19073,-870.3943800000001,-200641.54095,342.3038599999971,32782.09890999973,92.0583468395462,,14.610865751922175,12.106229827070736,22.369935977060237,13.910682434241474,16.067665373438352,11.786330408240703,14.256208276633842,7.065885650640394,19.131285396551725,16.312688975127948,14.532940581969664,18.86021138336989,15.973976516248406,18.340526726344272,16.85998662658828,17.86812408417624,11.642345438663357,13.111990908955908,9.281791372590995,11.971399989595847,6.943448275862068,14.250689655172414,13.536936479655076,12.693851011886926,17.367779256590033,12.655959524170102,14.621576497837344,13.666799489329469,2673.788432601758,2215.4400583539446,22.369935977060237,612.0700271066248,128.54132298750682,94.29064326592562,883.8849131512983,49.46119955448276,19.131285396551725,16.312688975127948,58.131762327878654,56.58063415010967,399.3494129062102,165.06474053709843,168.5998662658828,17.86812408417624,512.2631993011877,104.89592727164727,74.25433098072796,742.2267993549424,48.60413793103448,14.250689655172414,13.536936479655076,50.7754040475477,52.1033377697701,316.3989881042525,131.59418848053608,136.66799489329466,5.622373361121889,11700.158964494653
2014-10-01,,,,,,,,,,,,,,,,,15.0,30996.0,831.0,,,31827.0,,,,,,,,35792.0,335683.741,83779.611,58721.23792,25058.37308,-251904.13,19841.318,2009.146,10047.598,64.178,15.05,4009.873,3898.917,10964.225,1089.256,1588.056,2415.612,3051.21,11.871,1455.046,1181.697,3.465,648.224,30317.452,13302.051,1973.587,6331.4580000000005,64.178,15.05,3457.911,3813.97,9774.461,775.674,1303.806,2069.696,2536.703,6.423,1113.218,893.383,3.465,367.372,26116.082,17179.876,0.09,6224.818,0.0,2384.782,5860.378,6488.10692,1798.345,9.352,0.04,10997.595,7777.855,124.869,124.178,0.0,519.16,1187.536,649.261,4858.945,313.906,120358.287,7853.094,1.804,5966.213,1395.502,2639.081,44033.296,137.637,114.114,1346.556,6200.325,6.04,25.354,0.147,421.282,2.24,56321.57399999999,62315.01,31708.768,94023.778,8147.616,15072.818,23220.434,25984.495,143228.707,57639.687,6006.705,14549.16,14048.211,5769.659000000001,8509.814,23130.226,129653.46199999998,49675.79,11489.371,61165.161,1636.411,335683.74100000004,6539.267,35.559,3716.14,0.0,0.0,551.962,84.947,1189.764,313.582,284.25,345.916,514.5070000000001,5.448,341.82800000000003,288.314,0.0,280.85200000000003,4201.37,392.411,8241.60608,8634.01708,0.0,10.19,10.19,5653.337,14297.54408,6036.392,1.935,22.378,66.243,66.61,11.151,761.016,6965.724999999999,242.805,3547.199,3790.004,5.1000000000000005,25058.37308,3359360.0,866721.0,19269688.0,7605154.0,1.1212,1.2677318181818182,1.6074363636363636,,,4403.23,,,65.838892,6.710301,87.42521739130434,30.0,,,,22.0,22.0,19.0,10.0,,29.0,,,,39.0,,25.0,16.0,15.0,31.0,35.0,12.0,11.0,11.0,16.0,16.0,29.0,22.0,,,8.0,20.9,,,,,,,,,,,,,,,,,,,,,,,,,,,,,,,,,,,,,,,,,,,,,,,,,,2.5,3.5,0.0,1.7,0.0,2.0,0.75,2.0,2.51,7.65,8.07,6.388039077702344,7.02,7.14,3.29,7.0,1.58,5.0,7.34,0.0,0.12,4.75,0.88,1.25,0.39,0.5,0.02,0.75,3.06082,240371.587,5580517.34209,0.0,1067106.07076202,270288.69209409994,7158286.75276612,584711.17635,821963.87617,2550751.0263600005,338149.90898,0.0,1525316.00205,430.0995341,9705.325019999998,3815.32606,1289.8177099999998,0.0,1322154.19453202,7158286.752766121,8993.99885,253286.1887,287297.26342000003,208915.00306,119100.2127,692.72498,60.43725,22004.67321,38272.4097,630520.60865,2720.48839,21499.45743,10421.7249,3028.71245,1606813.90369,242918.9249741,1849732.8286641,0.0,3.06082,3.06082,197444.48101,42927.10599,240371.587,206597.48342,371488.43654,1606813.90369,3395617.51844,5580517.34209,5820891.989910001,1337394.76285612,7158286.752766121,819945.0921000001,903806.44432,919328.35119,0.0,20055.993859999995,63775.36193000001,625820.6439400001,0.0,276506.77688,349313.86706,0.0,18094.83232,176059.61227,15521.90687,50317.55184,0.0,33382.22697,161.57341,819945.0921,599617.97158,929268.6113100002,847151.0482000002,31800.01127,50317.55184,1528886.5828900002,658623.9389500002,802014.08979,252655.0,435319.17221,123084.0,0.0,0.0,-9044.08242,0.0,-5175.56172,796838.52807,0.0,8514.19073,-768.0286600000001,-200641.54095,751.7161699999957,53929.07359000015,92.65262020529444,,14.776780791019707,12.045109550465941,27.142069072614845,14.077332316981805,16.675930574666243,11.651114157313252,14.650533203023182,7.137269262773471,19.616655840059465,20.980144404643987,14.576827749703451,18.95603506541599,16.03193590838246,16.959212009672143,16.34923702177287,17.495987046487453,11.68653489050342,13.029036612764305,9.365829025972223,11.79248532535033,6.928709677419356,14.44792253035842,13.99229541645152,12.246786329901383,17.519845144528073,12.52037658310393,15.175975141134973,13.417745293526846,2704.150884756606,2204.255047735267,27.142069072614845,619.4026219471993,133.40744459732994,93.20891325850602,908.3330585874371,49.960884839414305,19.616655840059465,20.980144404643987,58.307310998813804,56.86810519624796,400.7983977095615,152.6329080870493,163.49237021772865,17.495987046487453,514.2075351821505,104.23229290211444,74.92663220777779,731.1340901717203,48.50096774193548,14.44792253035842,13.99229541645152,48.98714531960553,52.55953543358422,313.00941457759825,136.58377627021477,134.1774529352685,5.382347277454998,11200.664684383852
2014-11-01,,,,,,,,,,,,,,,,,44.0,55348.0,19482.0,,,74830.0,,,,,,,,46002.0,257388.891,104170.241,60797.320900000006,43372.9201,-153218.65,13765.667,1403.211,6865.822,2.043,0.0,3554.139,4922.438,21031.27,870.862,2771.978,2053.775,3326.1910000000003,72.789,2133.406,1725.083,341.571,787.032,43590.53400000001,6683.613,1400.254,6744.773,2.043,0.0,2698.615,4886.343,18328.412,459.744,2419.32,1694.087,2212.621,69.543,1830.192,1255.467,341.571,515.884,36711.799,0.0,0.015,6926.276,0.0,1815.518,6302.9580000000005,8106.9259,1286.364,9.833,0.241,19955.837,16393.353,81.682,80.322,0.15,449.605,821.1700000000001,1879.239,12449.677,631.508,94709.025,5704.2210000000005,15.982,4844.234,1953.631,4828.951,40413.658,150.556,352.66200000000003,1622.011,5471.075,0.0,61.991,79.356,223.366,6191.956,61349.213,50252.944,26343.648,76596.592,7141.454,11520.854,18662.308,23293.08,118551.98,48391.662,4192.3150000000005,11369.556,11464.935,4179.487,3935.78,13773.906,97307.641,36767.406,3525.346,40292.752,1236.518,257388.891,7082.054,2.957,121.049,0.0,0.0,855.524,36.095,2702.858,411.118,352.658,359.688,1113.57,3.246,303.214,469.616,0.0,271.148,6878.735000000001,705.537,11484.4821,12190.0191,0.0,104.06,104.06,5325.909000000001,17619.9881,23590.328,9.356,43.558,103.481,65.20400000000001,0.672,664.492,24477.091,397.504,877.737,1275.241,0.6,43372.9201,3853981.0,1001669.0,44736184.0,4959967.0,1.1325,1.24725,1.577061111111111,,,4687.702105263158,,,43.006814,3.232626,79.4378947368421,43.0,,,,19.0,17.0,24.0,9.0,7.0,42.0,51.0,,,70.0,,28.0,17.0,17.0,27.0,36.0,12.0,9.0,11.0,14.0,16.0,28.0,24.0,,,12.0,24.227272727272727,,,,,,,,,,,,,,,,,,,,,,,,,,,,,,,,,,,,,,,,,,,,,,,,,,2.5,3.5,0.0,1.7,0.0,2.0,0.75,2.0,2.51,7.65,8.07,6.381499678494268,7.03,7.13,3.04,7.0,1.65,5.0,7.05,0.0,0.12,4.75,0.91,1.25,0.41,0.5,0.02,0.75,38.61249,221034.11065,5589885.66704,0.0,1069691.37157202,266234.6474741,7146884.40922612,555491.2889099999,827155.55757,2549554.3175,339694.35062,0.0,1539062.8755800002,416.6947241,9534.91226,3804.8336,970.200409999998,0.0,1321199.37805202,7146884.409226118,8969.63169,246137.95349,284823.01562,207610.40521,113658.65076,682.20798,24.30931,21958.21029,40001.79138,639453.38766,2701.3386600000003,21671.30861,10445.32517,3068.03117,1601205.5669999998,242274.82981410003,1843480.3968141,0.0,38.61249,38.61249,173063.58634,47970.52431,221034.11065,217776.19099,361615.07424,1601205.567,3409288.83481,5589885.66704,5810958.39018,1335926.01904612,7146884.40922612,808299.4206999998,902531.6121599998,917546.9698899998,0.0,27547.57955000001,52046.25071000001,628785.5408999999,0.0,276725.50984,352060.03105999995,0.0,18094.83232,176057.40868000002,15015.357730000002,54246.17831999999,0.0,39824.439730000006,161.57341,808299.4207,613545.55573,901765.70113,814719.51154,32800.01127,54246.17831999999,1515311.25686,652765.6578399999,803242.03383,252000.0,416402.99549,136984.0,0.0,0.0,-2144.9616600000004,0.0,-5822.24309,797419.79074,0.0,8514.19073,-689.6132,-200641.54095,1687.6747799999937,46475.15574000001,92.97676931388438,,14.321215924658352,12.291528407886453,18.340353388983125,13.79090672316632,15.31763915848388,11.13780641338057,14.138090752943613,7.744519145961159,17.515188436193565,15.699729872387133,14.831795062570675,19.087554568707628,15.1120909106808,18.044225654664967,16.32203738010385,18.340853281370368,11.939605738680134,13.512886257458307,9.662194980513886,12.189703865100956,6.552857142857143,17.641186614703702,13.470891878370272,12.122419233546246,16.924248819604934,12.523272894149617,15.419285567958822,13.640400896844415,2620.7825142124784,2249.349698643221,18.340353388983125,606.7998958193181,122.54111326787104,89.10245130704456,876.561626682504,54.21163402172811,17.515188436193565,15.699729872387133,59.3271802502827,57.26266370612289,377.80227276702004,162.3980308919847,163.2203738010385,18.340853281370368,525.3426525019258,108.10309005966646,77.29755984411109,755.7616396362592,45.87,17.641186614703702,13.470891878370272,48.489676934184985,50.7727464588148,313.08182235374045,138.77357011162943,136.40400896844415,5.423641877989621,11286.598748096401
2014-12-01,3069.424598646087,1057.7264831873863,397.54658164175225,194.3061222509926,74.3880856051204,52.42364376465741,294.2056141429264,182.00042664649004,15.029307104994414,,2594.9672030141314,0.0,240.033325220808,474.4573956319555,,561.765009080959,66.0,78239.0,27668.0,,,105907.0,,,,,,,,61091.0,297173.647,84243.455,33678.299100000004,50565.1559,-212930.192,17815.38,2963.567,1048.508,0.0,4.045,2295.54,3297.027,9035.736,385.028,1840.311,1340.91,2623.159,5.871,1896.228,1503.352,174.403,624.1030000000001,25021.667999999994,4472.162,2950.759,717.466,0.0,4.045,1453.289,3258.5260000000003,7084.493,290.287,1254.371,988.846,2193.496,5.871,1517.088,1161.783,147.861,284.207,19640.118,0.0,8.546,4741.216,0.0,1318.066,3541.376,4994.0521,941.87,15.188,0.11,10402.526,7715.349,218.019,88.459,0.15,258.169,1083.676,889.4010000000001,4776.962,400.513,107352.424,7977.008,3.953,5735.664,2054.07,2732.612,50035.194,437.383,308.72700000000003,1847.166,4737.171,0.0,60.629,8.165000000000001,586.087,5492.944,68300.148,59358.7,31984.103,91342.803,8580.575,12144.445,20725.02,29699.557,141767.38,55470.841,7670.662,10738.331,12193.698,2774.734,7208.182,19292.501,115348.949,34259.022,4351.233,38610.255,1447.063,297173.64700000006,13343.218,12.808,331.04200000000003,0.0,0.0,842.251,38.501,1951.243,94.741,585.94,352.064,429.663,0.0,379.14,341.569,26.542,339.896,5381.550000000001,1403.074,10233.0829,11636.156900000002,4151.167,2499.538,6650.705,6989.1630000000005,25276.024900000004,23888.951,11.507,86.122,157.69400000000002,32.023,13.739,435.722,24625.758000000005,288.02,274.384,562.404,100.969,50565.155900000005,2884394.0,1732073.0,56846193.0,71764789.0,1.1532,1.2329190476190477,1.5644285714285715,,,4732.701363636364,,,39.386153,3.974848,62.33500000000001,49.0,6.0,,,17.0,19.0,22.0,9.0,7.0,33.0,100.0,,,53.0,,29.0,21.0,17.0,32.0,39.0,10.0,10.0,9.0,18.0,17.0,32.0,29.0,,,13.0,25.695652173913043,,,,,,,,,,,,,,,,34.6,729.5999999999999,299.7,-153.39999999999986,302.0,214.5,13.5,22.6,0.2,15.3,7.1,22.6,61.100000000000136,5.7,52.5,0.0,10.0,31.5,106.0,86.4,7.6,299.7,0.0,23.3,0.0,62.9,24.2,0.0,2.2,302.0,189.4,777.6999999999999,624.3000000000001,624.3000000000001,2.5,3.5,0.0,1.7,0.0,2.0,0.75,2.0,2.5,7.65,8.07,6.372014106006317,7.02,7.08,2.55,7.0,1.67,5.0,6.96,0.0,0.1,4.75,0.91,1.25,0.41,0.5,0.03,0.75,13.43694,217494.36783,5630007.93343,0.0,1067466.96800202,271106.8503641,7186089.556566121,574801.20045,840141.3005699998,2552542.06583,340893.08235,0.0,1539138.0890000002,2795.8876541,10492.47118,4218.626700000001,1427.16074,0.0,1319639.67209202,7186089.556566119,9176.374220000002,244849.28433,271462.08661,208434.3828,109943.89421,790.69636,18.36013,35828.23163,41025.6446,641752.04574,2748.00109,21386.53073,10368.27358,2914.0349100000003,1600697.84094,241675.8981141,1842373.7390541,0.0,13.43694,13.43694,173066.30383000002,44428.064,217494.36783,240084.73931,363350.41104,1600697.84094,3425874.94214,5630007.93343,5847515.7382000005,1338573.81836612,7186089.55656612,861724.2064400001,942551.80109,960358.93425,0.0,36339.796030000005,154349.10020000002,557710.66386,0.0,276592.09984000004,281118.56402,0.0,18094.83232,176057.40868000002,17807.13316,54127.87616000001,0.0,26538.14508,161.57341,861724.2064400002,686101.33852,898912.9038099999,811985.0163799999,32800.01127,54127.87616000001,1585014.2423299998,669162.1597299997,816053.23945,252500.0,416883.4213000001,191584.0,0.0,7892.956,-52807.13785,0.0,-4399.54987,811653.68958,0.0,8514.19073,-159.17277,-200641.54095,-3796.8004200000055,53591.79355999971,92.65262020529444,,15.12233610625557,12.791530454670063,20.3421066766642,14.37470861164517,15.708367058426687,11.69727993057734,15.345694363487103,8.521461410146744,20.083004139830543,16.86861966007733,15.28569553897541,20.61503088774491,15.795337389033095,17.930340739329743,16.803376553761865,17.198283720107515,12.480903174376829,13.31011567016574,10.29002257435932,13.017651155305236,6.902764976958526,17.977741935483873,13.89906960999991,11.855641105752632,16.973892137873335,12.897503746554822,15.46110778555951,13.84686012720785,2767.3875074447697,2340.850073204622,20.3421066766642,632.4871789123874,125.66693646741349,93.57823944461872,951.4330505362005,59.65022987102721,20.083004139830543,16.86861966007733,61.14278215590164,61.84509266323474,394.8834347258274,161.3730666539677,168.03376553761868,17.198283720107515,549.1597396725805,106.48092536132592,82.32018059487456,807.0943716289246,48.31935483870968,17.977741935483873,13.89906960999991,47.42256442301053,50.92167641362,322.43759366387053,139.14997007003555,138.4686012720785,5.704378967429439,11870.812631220662
2015-01-01,,,,,,,,,,,,,,,,,66.0,78239.0,27668.0,,,105907.0,6475.0,5509.0,15498.0,17906.0,4181.0,1308.0,5248.0,56125.0,253319.85900000003,74429.35,38366.43946,36062.91054,-178890.50900000002,14567.641,781.644,1554.118,10.914,199.139,3765.788,4615.411,5631.4130000000005,788.667,1416.942,1755.866,3166.183,152.245,2164.144,493.674,16.383,1096.061,25062.777,6901.610000000001,717.797,1364.273,10.831,1.644,3053.317,4435.354,4988.02,613.124,1126.917,1391.243,2668.079,142.565,1872.352,493.674,16.271,688.239,21489.155,0.0,0.0,6506.503,0.0,1333.326,4559.782,6040.92646,1547.076,49.858,40.44,13037.014,5251.514,555.967,102.396,0.0,329.3,851.7570000000001,631.644,2459.474,320.976,74867.713,5815.4580000000005,0.269,5512.979,1852.765,1026.811,37881.294,15.773,88.269,990.957,8849.395,0.0,33.141,15.635,89.022,8648.731,59491.79300000001,41194.323,20496.549,61690.872,7898.049,7416.024,15314.073,14238.629,91243.574,74049.023,7404.503,9425.253,9141.22,2967.42,4746.897,16913.801,124648.117,31783.974,4470.522,36254.496,1173.672,253319.859,7666.031,63.847,189.845,0.083,197.495,712.471,180.05700000000002,643.393,175.543,290.02500000000003,364.623,498.104,9.68,291.79200000000003,0.0,0.112,407.822,3573.622,1256.584,8563.811539999999,9820.39554,16.38,130.409,146.789,4703.1320000000005,14670.31654,20127.727,34.205,53.042,98.973,9.791,2.166,396.891,20722.79500000001,494.389,172.66,667.049,2.75,36062.91054,2437091.0,677106.0,190333744.0,160837437.0,1.2122,1.1614900000000001,1.5142200000000001,,,4673.7015,,,65.109977,2.645987,47.7595,46.0,,4.0,,20.0,29.0,15.0,7.0,5.0,30.0,,,,50.0,,46.0,28.0,27.0,59.0,55.0,16.0,18.0,16.0,19.0,28.0,63.0,44.0,4.0,,22.0,28.304347826086957,,,,,,,,,,,,,,,,,,,,,,,,,,,,,,,,,,,,,,,,,,,,,,,,,,2.5,3.5,0.0,1.7,0.0,2.0,0.75,2.0,2.51,7.65,8.07,6.366392460955661,7.05,7.15,3.04,7.0,1.67,5.0,6.88,0.0,0.1,4.75,0.6,1.0,0.38,0.5,0.03,0.75,22.18482,217014.86749,5553619.0642,0.0,1066819.28125922,264327.1187241,7101802.51649332,501753.10259,835007.52328,2555879.95587,338357.33756,0.0,1539658.19721,416.9977041,10489.31379,4207.29428,1523.8621,0.0,1314508.9321092202,7101802.516493319,8827.83485,247138.74956,268101.48833,205192.15083,115883.01919,778.2787099999999,13.22639,35315.97538,41752.3787,637292.5635599999,2602.31813,21326.71931,10442.49907,2851.10277,1597518.30478,238226.6595541,1835744.9643341,0.0,22.18482,22.18482,172007.77471,45007.09278,217014.86749,163938.26757,362580.24201,1597518.30478,3429582.24984,5553619.0642,5770656.11651,1331146.3999833202,7101802.51649332,874942.09423,956013.43883,975952.32228,0.0,42001.72249,155673.48494,564185.9904,0.0,276965.22166000004,287220.76874,0.0,18094.83232,176057.40868000002,19938.883450000005,53703.67863,0.0,27206.09256,161.57341,874942.0942300002,625686.77302,974445.35535,888041.66545,32700.01127,53703.67863,1600132.12837,671486.3555099998,830038.81677,250510.0,417421.4453,204284.0,0.0,7892.956,-50069.58453000001,0.0,-298.6685900000001,829740.14818,0.0,8514.19073,-1374.09751,-200641.54095,-2805.5287500000018,38053.1838099997,91.139924365208,,14.815892473646649,12.501404483994937,22.254164043582584,14.036253657895557,16.28142558646463,11.9872891187723,14.803387317139117,7.070068021990061,19.47524403038204,16.736854156027974,15.37024404517654,19.484150771265057,15.467656356880278,18.15331492835341,17.179202026979944,18.424051562616484,12.06872431160394,13.279273722110183,9.977983870967742,12.533580628939761,6.908755760368664,16.467741935483872,13.805663208673748,11.940137930232924,16.57232241302269,12.752802887581348,15.705669859776956,13.888572420473087,2711.3083226773365,2287.757020571074,22.254164043582584,617.5951609474046,130.25140469171703,95.8983129501784,917.8100136626252,49.49047615393043,19.47524403038204,16.736854156027974,61.48097618070616,58.45245231379518,386.69140892200693,163.3798343551807,171.79202026979942,18.424051562616484,531.0238697105734,106.23418977688146,79.82387096774194,777.0819989942652,48.36129032258064,16.467741935483872,13.805663208673748,47.760551720931694,49.71696723906806,318.8200721895337,141.35102873799258,138.88572420473085,5.725115473852593,11913.965301087246
2015-02-01,,,,,,,,,,,,,,,,,57.0,68281.0,24518.0,,,92799.0,6110.0,5532.0,19797.0,19104.0,3575.0,1132.0,2539.0,57789.0,228809.372,74032.71900000001,35956.20508,38076.513920000005,-154776.653,18233.114,705.751,1456.172,0.0,4.807,4040.281,5495.281,5605.577,333.288,1600.167,2069.114,2441.998,3.448,1636.847,869.197,343.028,534.057,24972.283000000003,7540.793000000001,671.404,1197.906,0.0,4.807,3174.1620000000003,5394.747,3205.351,273.403,1391.238,1237.282,1736.344,3.448,1401.166,687.335,343.028,119.457,18966.961,188.545,0.155,4857.668,0.0,1622.163,3889.976,6400.64408,1648.51,33.705,0.5,15062.474,2251.865,226.942,131.355,0.0,252.318,594.468,840.792,1.231,204.759,90122.573,4743.997,0.366,5197.226,1564.583,1514.184,34495.713,288.065,133.13,1473.038,10587.965,0.0,34.275,0.083,224.523,7.361,50322.92,47538.952,23230.743,70769.695,7365.607,6337.287,13702.894,16650.361,101122.95,36744.624,4979.537,8103.493,9798.923,2058.812,9109.512,14293.753,85088.65400000001,32970.846,8539.122,41509.96799999999,1087.8,228809.372,10692.321,34.347,258.266,0.0,0.0,866.119,100.534,2400.226,59.885,208.929,831.832,705.654,0.0,235.681,181.862,0.0,414.6,6005.322,1106.296,11601.74692,12708.04292,0.0,91.618,91.618,5546.024,18345.68492,17696.383,14.254,21.264,121.973,6.1930000000000005,5.245,598.1750000000001,18463.487,615.4250000000001,590.767,1206.192,61.15,38076.513920000005,12606640.0,553821.0,83369098.0,34693968.0,1.2499,1.1350263157894738,1.5329263157894737,,,4854.255789473685,,,37.605391,9.257504,58.0955,63.0,,5.0,,21.0,30.0,19.0,4.0,,,,,,42.0,,37.0,25.0,20.0,46.0,44.0,14.0,19.0,21.0,20.0,22.0,44.0,38.0,,,20.0,27.7,,,,,,,,,,,,,,,,,,,,,,,,,,,,,,,,,,,,,,,,,,,,,,,,,,2.5,3.5,0.0,1.7,0.0,2.0,0.75,2.0,2.51,7.65,8.07,6.362997605970589,7.05,7.16,3.1,7.0,1.7,5.0,6.88,0.0,0.16,4.75,0.56,1.0,0.34,0.5,0.02,0.75,83.4983400000095,217894.52362,5578438.84127,0.0,1066884.58310922,262008.1095941,7125309.55593332,520440.50528,832421.2443000001,2561358.58733,336807.4709,0.0,1545389.05542,154.76177410000005,10225.09675,4195.89644,1315.60327,0.0,1313001.33446922,7125309.555933321,8036.25479,245888.97128,277292.26526,206641.98554,110396.1395,769.846,16.81372,35421.87302000001,40414.98741,651119.4089400001,2727.90466,20871.90831,10219.62823,3027.6881200000003,1612845.6747800002,236677.6218241,1849523.2966041,0.0,83.4983400000095,83.4983400000095,172007.44099,45887.08263,217894.52362,175179.32666999998,356561.16159,1612845.67478,3433852.67823,5578438.84127,5796416.86323,1328892.69270332,7125309.55593332,828732.5211800002,908309.8180000002,924535.7924000002,0.0,51795.39875,111769.88111,550592.29714,0.0,277232.40168,273359.89546,0.0,18094.83232,176057.40868000002,16225.9744,53152.08724,0.0,26261.721780000003,163.4878,828732.5211800002,610876.8076599999,1037782.68419,951930.58568,32700.01127,53152.08724,1648659.49185,766774.8834299998,933482.93253,252110.0,417421.4453,257384.0,0.0,7892.956,-1325.46877,0.0,-853.1710399999998,932629.76149,0.0,8514.19073,-1335.72285,-200641.54095,-1964.6443500000016,29572.839359999776,89.84332793084819,,14.695860747013834,12.411504810942832,15.577367047086913,13.79256633058469,15.663792394839335,11.80311848601506,14.914018153088488,8.66563696819148,20.040386288703097,20.528909861372625,16.583264143543456,18.99652806489357,14.64973169881554,18.30269350862593,16.69688888281041,16.15142857142857,11.981656157443181,13.212124582440449,9.444107142857144,12.410643537611366,6.669387755102041,15.676428571428572,13.762855750991971,12.267113548025744,17.097395200978834,12.71622498474126,16.101171168756597,13.794952422880923,2689.342516703531,2271.3053804025385,15.577367047086913,606.8729185457263,125.31033915871468,94.42494788812049,924.6691254914862,60.65945877734036,20.040386288703097,20.528909861372625,66.33305657417382,56.98958419468072,366.2432924703885,164.72424157763336,166.9688888281041,16.15142857142857,527.1928709274999,105.69699665952359,75.55285714285715,769.4598993319048,46.68571428571429,15.676428571428572,13.762855750991971,49.068454192102976,51.2921856029365,317.9056246185315,144.91054051880937,137.94952422880922,5.578687280855697,11609.248231460706
2015-03-01,3019.5748321736323,1021.3485693940776,408.9823897240496,189.2760659242921,73.25206872185201,58.66496771885235,299.3148859067139,177.05539273518994,15.55699792330965,,2498.123846385689,0.0,285.73062533390123,521.4509857879435,,490.39286879139416,59.0,70619.0,19748.0,,,90367.0,5273.0,5599.0,20651.0,20063.0,3127.0,740.0,1932.0,57385.0,264098.75,77921.63500000001,42464.7758,35456.859200000006,-186177.115,15571.486,1689.91,4790.192,1.674,3.5,3290.1040000000003,2769.714,6436.0380000000005,595.093,1510.347,2298.303,3389.755,21.19,1754.078,1205.169,298.505,532.528,24100.824000000004,7194.862,1671.642,4464.174,1.674,3.5,2876.527,2693.4120000000003,5733.506,476.317,1209.441,1841.321,2367.1240000000003,9.215,1463.416,840.269,298.505,297.403,20106.456,0.0,0.0,6849.381,0.0,1465.994,5043.551,5629.2058,1653.04,24.076,1.33,14471.595,7326.603000000001,639.998,83.655,0.0,377.051,630.575,1833.164,3112.168,649.992,88453.683,8351.941,0.2,4796.562,1191.336,2319.264,41850.49,157.983,192.823,1830.093,733.769,0.0,24.133,34.724000000000004,132.929,8809.219000000001,57276.76299999999,52725.738,27755.081,80480.819,8131.453,7547.933,15679.386,22187.023,118347.228,53875.121,5231.135,9454.804,9509.392,2203.199,3578.048,17789.069,101640.76799999998,38660.592,4635.384,43295.976,814.778,264098.75,8376.624,18.268,326.01800000000003,0.0,0.0,413.577,76.302,702.532,118.776,300.906,456.982,1022.631,11.975,290.662,364.9,0.0,235.125,3994.368,622.955,8870.1572,9493.1122,149.292,123.831,273.123,5234.339,15000.5742,18914.856,37.711,42.672,124.512,46.568,4.129,452.239,19622.687,641.369,180.109,821.4780000000001,12.12,35456.8592,4199743.0,730124.0,149587394.0,43993378.0,1.2618,1.0819454545454545,1.4958045454545454,,,4938.010454545454,,,32.755785,3.917596,55.88545454545454,54.0,,3.0,,21.0,27.0,17.0,8.0,5.0,32.0,,,,49.0,,32.0,23.0,22.0,40.0,35.0,14.0,15.0,17.0,19.0,19.0,40.0,37.0,,,15.0,24.727272727272727,,,,,,,,,,,,,,,,94.6,821.3,209.2,-212.0,354.4,126.3,-1.6,138.7,55.0,81.5,2.2,138.7,-85.69999999999999,13.1,37.7,0.0,7.1,13.6,68.9,63.9,4.9,209.2,0.0,56.5,0.0,67.1,24.4,0.0,2.8,354.4,203.6,914.3,702.3,702.3,2.5,3.5,0.0,1.7,0.0,2.0,0.75,2.0,2.5,7.65,8.07,6.349578865070603,6.99,7.14,3.34,7.0,1.73,5.0,7.0,0.0,0.11,4.75,0.54,1.0,0.43,0.5,0.03,0.75,188.77835,217412.11215,5490043.444970001,0.0,1066017.1489492198,328876.46640409995,7102537.95082332,449961.15402,820723.1476899999,2563841.55295,332431.70992000005,0.0,1540686.7708899998,2.0589941,10143.93391,3344.3588,1645.29205,0.0,1379757.9715992198,7102537.95082332,8148.061559999999,237242.80234,270363.14728,206214.04277,98588.38159,780.0368599999999,136.07003,34988.004369999995,41954.575950000006,653325.87449,2914.95261,21029.01908,10857.17094,2815.61292,1589357.75279,303206.6925541,1892564.4453441,0.0,188.77835,188.77835,172007.37986000002,45404.73229,217412.11215,123958.8328,347962.64654000005,1589357.75279,3428764.21284,5490043.444970001,5707644.335470001,1394893.6153533198,7102537.950823321,950700.48574,1035451.1703100002,1051071.2026300002,0.0,64646.09778,211600.77294000005,565054.22478,0.0,280432.16644,284622.05834000005,0.0,18094.83232,176055.24249,15620.032319999998,53088.80171,0.0,31498.39506,163.4878,950700.48574,633127.6322100001,1104203.00046,1018414.18748,32700.01127,53088.80171,1737330.6326700002,733541.3452199999,888440.9300500001,229710.0,417421.4453,260684.0,0.0,7892.956,-27267.47125,0.0,-4332.870809999999,884108.0592400001,0.0,8514.19073,-950.64293,-200641.54095,-1222.9518400000009,43734.23096999979,89.08698001080496,,15.491174373626356,13.097458283514886,17.790313669457433,15.143572301125685,15.787234107422895,12.164149637610377,15.694416420830454,9.091073970046082,20.381985776893117,18.231351540425173,15.25546705536756,18.299293300549035,15.638962610657178,18.881293643531716,17.503621611390823,18.128064516129033,12.863133979880253,13.566786644193519,10.142008033086917,13.290139413753034,6.92552995391705,16.934877318781353,13.834876061612812,12.523873451818947,17.506610618590194,13.283475947999987,15.764661985647129,14.32372598897488,2834.8849103736234,2396.834865883224,17.790313669457433,666.3171812495302,126.29787285938316,97.31319710088302,973.0538180914881,63.63751779032258,20.381985776893117,18.231351540425173,61.02186822147024,54.8978799016471,390.9740652664294,169.93164279178544,175.03621611390824,18.128064516129033,565.977895114731,108.53429315354815,81.13606426469534,823.988643652688,48.47870967741935,16.934877318781353,13.834876061612812,50.09549380727579,52.51983185577058,332.08689869999967,141.88195787082415,143.2372598897488,5.953056683491601,12388.310958346023
2015-04-01,,,,,,,,,,,,,,,,,35.0,60331.0,3294.0,,,63625.0,4354.0,4265.0,19873.0,18439.0,2594.0,532.0,1659.0,51716.0,239379.45400000003,72366.793,32754.65586,39612.137140000006,-167012.66100000002,25822.439,1195.151,1898.431,0.0,53.796,3217.799,2962.306,3323.391,674.551,1648.173,2088.813,2919.3250000000003,136.851,1615.077,948.043,294.648,570.868,20399.845,7014.474,1178.044,1718.12,0.0,2.0,2379.869,2872.552,2893.811,597.846,1285.812,1754.151,2535.135,16.885,1292.996,813.788,280.8,239.302,16962.947,0.0,0.0,6054.703,0.0,1601.894,4617.954,4767.593860000001,1710.796,70.535,0.0,10860.428,3070.7519999999995,269.148,74.94800000000001,0.0,384.772,1330.117,750.256,1.57,259.94100000000003,83433.30500000001,6247.712,0.511,7584.505,1730.912,2303.516,45278.467,179.009,91.492,1271.665,10177.522,0.0,19.493,0.839,417.629,3.788,61474.332,44778.636,21111.938,65890.574,8235.001,8401.004,16636.005,15138.36,97664.939,53469.079,4465.518,10447.93,12580.821,1842.565,3385.7960000000003,15375.618,101567.327,34192.337,5011.374,39203.711,943.477,239379.45400000003,18807.965,17.107,180.311,0.0,51.796,837.9300000000001,89.754,429.58,76.705,362.361,334.66200000000003,384.19,119.966,322.081,134.255,13.848,331.56600000000003,3436.898,503.275,9188.74414,9692.01914,96.796,103.864,200.66000000000005,12353.287,22245.96614,13642.386,35.807,21.593,477.763,59.289,3.182,1948.091,16188.111000000004,924.72,253.34,1178.06,0.0,39612.137140000006,3152785.0,838460.0,81334535.0,60170747.0,1.2337,1.0822045454545455,1.4967545454545457,,,4985.951428571429,,,39.216207,5.24997,59.52428571428571,48.0,,,,20.0,24.0,22.0,9.0,9.0,27.0,,,,45.0,,32.0,16.0,20.0,37.0,31.0,12.0,12.0,19.0,18.0,20.0,36.0,36.0,,,15.0,24.19047619047619,,,,,,,,,,,,,,,,,,,,,,,,,,,,,,,,,,,,,,,,,,,,,,,,,,0.0,3.5,0.0,1.7,0.0,2.0,0.75,2.0,1.79,7.65,8.07,6.34139863786162,6.99,7.17,2.89,7.0,1.73,5.0,6.61,0.0,0.04,4.75,0.66,1.0,0.43,0.5,0.02,0.75,182.67174,216455.95449,5430974.41369,0.0,1066025.62890595,331055.21794410003,7044693.886770049,437455.64041,770897.92651,2560976.48076,334226.15887000004,0.0,1544056.83337,4.4042441,10037.68601,6731.035500000001,951.981870000002,0.0,1379355.73922595,7044693.886770051,7007.01355,242032.86063,248646.24922,179376.77406,103277.52644,750.17042,141.14048,34724.340950000005,41380.92575,662556.55754,2823.66131,20552.18035,10780.59369,2806.57314,1556856.56753,306304.5041041,1863161.0716341,0.0,182.67174,182.67174,170928.38175,45527.57274,216455.95449,122480.08834,324863.23035,1556856.56753,3426774.52747,5430974.41369,5647613.03992,1397080.84685005,7044693.886770051,957179.07605,1033281.85015,1048847.03514,0.0,67245.09625999999,173784.4264,598102.25268,0.0,278707.10674,319395.14594,0.0,18094.83232,176055.24249,15565.18499,49957.00958,0.0,25982.27672,163.4878,957179.07605,619164.41428,1134094.60029,1051337.57944,32800.01127,49957.00958,1753259.01457,746122.9289400001,888085.4122,229010.0,417421.4453,260684.0,0.0,7892.956,-26922.9891,0.0,-1841.44845,886243.96375,0.0,8514.19073,-822.1015900000001,-200641.54095,55.461009999999774,52772.95599000001,89.73527822798486,,15.636821700099699,13.044590338669696,17.180451145106016,15.362094759315807,15.622898878924742,12.901265275841014,15.781059952589022,8.84031671291354,22.64776,22.865067405579115,15.770549664568367,18.791459068526372,15.559563930317669,19.006382807257562,17.49085564815116,17.30103989607407,12.814641804010101,13.317481173018484,10.6045,13.113939988266427,7.023761904761904,18.271333333333335,15.250438856814737,12.592482618842546,17.336248819604933,13.203732096228135,15.73880851937446,14.476526250962934,2861.538371118245,2387.1600319765544,17.180451145106016,675.9321694098957,124.98319103139794,103.21012220672812,978.4257170605193,61.88221699039478,22.64776,22.865067405579115,63.08219865827347,56.374377205579115,388.98909825794175,171.05744526531805,174.90855648151162,17.30103989607407,563.8442393764443,106.53984938414787,84.836,813.0642792725185,49.166333333333334,18.271333333333335,15.250438856814737,50.36993047537018,52.0087464588148,330.0933024057034,141.64927667437013,144.76526250962934,5.96015377848657,12403.080013030552
2015-05-01,,,,,,,,,,,,,,,,,7.0,22292.0,631.0,,,22923.0,3861.0,4317.0,15803.0,12846.0,2009.0,441.0,1716.0,40993.0,303298.63,63141.262,41516.38644,21624.87556,-240157.368,11502.032,1838.76,2219.361,1.887,550.958,3519.769,3926.363,8165.505,547.636,1090.74,1895.513,2605.83,12.888,1596.448,981.825,250.815,591.293,25184.625,8271.375,1804.503,2004.501,1.887,0.0,2715.164,3821.47,7427.701,428.008,687.428,1213.199,2198.799,12.095,1000.844,694.315,250.815,350.855,20800.693,327.086,0.08,8319.201000000001,0.0,1750.679,4314.5740000000005,5328.004440000001,1655.3,51.574,0.444,12493.01,7276.434,574.3580000000001,168.878,0.0,404.283,1130.272,757.945,3764.499,476.199,89245.253,5862.9710000000005,42.824,5418.502,1302.919,5647.408,72480.787,166.329,129.234,1095.363,9626.117,0.0,31.137,1.394,537.607,0.0,91018.295,57774.786,26882.904,84657.69,5702.613,7234.727,12937.34,15052.579,112647.609,91627.221,5142.814,8772.800000000001,11264.777,2141.086,6720.386,16766.263,142435.347,42207.211,5219.555,47426.766,788.908,303298.63,3230.657,34.257,214.86,0.0,550.958,804.605,104.893,737.804,119.628,403.312,682.314,407.031,0.793,595.604,287.51,0.0,240.438,4383.932000000001,335.92400000000004,7521.85856,7857.78256,327.274,29.709,356.983,2408.905,10623.67056,9235.668,35.161,30.743,170.415,32.584,1.201,396.596,9902.368,939.815,159.022,1098.837,0.0,21624.87556,15961398.0,1268644.0,41709866.0,21397034.0,1.2176,1.116735,1.5455999999999999,,,5029.431500000001,,,69.780813,3.650821,64.075,43.0,,4.0,,20.0,25.0,22.0,8.0,24.0,34.0,,,,39.0,,30.0,15.0,15.0,28.0,31.0,12.0,12.0,22.0,17.0,18.0,32.0,32.0,,,17.0,22.727272727272727,,,,,,,,,,,,,,,,,,,,,,,,,,,,,,,,,,,,,,,,,,,,,,,,,,0.0,3.5,0.0,1.7,0.5,1.5,0.5,1.75,1.57,7.65,8.07,6.329523210704092,6.98,7.09,3.07,7.0,1.83,5.0,6.57,0.0,0.6,4.75,0.63,1.0,0.45,0.5,0.02,0.75,78.39465,214441.50695,5471841.03083,0.0,1066017.96339595,293718.86478410003,7046097.7606100505,474028.40731,757583.2614900001,2561853.76597,335515.90137999994,0.0,1557379.5962800002,1.9573741,9873.736240000002,6694.65598,1668.97608,0.0,1341497.5025059497,7046097.7606100505,6993.99178,243097.70312,253425.47546,172504.04293,106486.71077,804.92341,11.64465,34493.45197,40930.08731,669286.73927,2449.58659,20161.21075,10954.74207,2642.89249,1564243.20257,268742.37216409994,1832985.5747341,0.0,78.39465,78.39465,169008.91467,45432.59228,214441.50695,141075.47282,334505.49003,1564243.20257,3432016.86541,5471841.03083,5686360.93243,1359736.82818005,7046097.76061005,968777.56873,1049117.77297,1064209.90136,0.0,29381.13197,234168.26238000003,591420.36714,0.0,273033.6068,318386.76034000004,0.0,18094.83232,176053.17916,15092.128390000002,53791.82793999999,0.0,26384.8885,163.4878,968777.5687300002,620642.5079900001,1165539.50054,1078947.66133,32800.01127,53791.82793999999,1786182.00853,763612.6118600001,916423.77927,253791.0,411436.3793,260684.0,0.0,7892.956,-17380.55603,0.0,-3104.6440800000005,913319.13519,0.0,8514.19073,-742.9265,-200641.54095,1316.570830000002,41847.18255999994,90.27552674230144,,14.078679414799844,12.116164469811576,17.68103565753828,13.506077721581997,15.562286375566941,11.896421207137097,13.86804105924613,7.5889907422119816,21.70972729032258,18.080630618370762,17.190107919389035,18.198516159589715,13.326706445768876,17.670028414217338,17.64944810336525,16.072903225806453,11.809736947860866,13.06128985114244,9.610080645161291,11.998485952133194,6.437695852534563,17.144516129032258,15.45762485100352,12.385125165295657,17.05290322580645,12.139086808835831,15.172158838064496,13.788785399129004,2576.3983329083712,2217.2580979755185,17.68103565753828,594.2674197496078,124.49829100453553,95.17136965709678,859.81854567326,53.12293519548387,21.70972729032258,18.080630618370762,68.76043167755614,54.59554847876914,333.1676611442219,159.03025572795607,176.49448103365253,16.072903225806453,519.6284257058782,104.49031880913952,76.88064516129033,743.906129032258,45.063870967741934,17.144516129032258,15.45762485100352,49.54050066118263,51.15870967741936,303.4771702208958,136.54942954258047,137.88785399129006,5.74897035899606,11963.607317070802
2015-06-01,2912.6613722998527,1040.8808526795456,357.25551554994195,189.49349319626012,75.92095432982951,54.39066307235175,271.5856906933105,190.87990124508397,16.459349407296084,,2461.2792592276096,12.228977693305351,193.88257106150203,451.3821130722431,,509.6834033714258,7.0,23939.0,604.0,,,24543.0,4056.0,4408.0,14943.0,11816.0,1849.0,440.0,2175.0,39687.0,284405.152,72082.442,42889.15864,29193.28336,-212322.71,17091.662,1560.233,2588.429,7.628,1.0,3473.342,5081.3240000000005,8447.705,826.577,2585.023,2243.863,2387.776,67.912,2212.521,1494.548,265.081,733.926,29819.598,7060.342000000001,1496.973,1444.389,7.614,1.0,2986.235,4996.531,7243.959,652.448,2221.283,1886.837,2000.098,63.95,1661.189,1124.306,252.961,438.053,25527.849999999995,0.0,1.078,8400.43,0.0,1417.079,5431.812,7872.90364,1306.74,38.222,0.33,12039.214,6381.35,91.139,159.824,0.0,344.03000000000003,804.727,824.682,3583.884,573.064,102207.665,5870.71,0.0,6606.619,1947.315,2732.506,47706.926,8.396,98.654,1454.855,4734.942,0.0,27.888,0.069,108.917,0.228,58820.69600000002,52422.904,33831.555,86254.459,8931.073,7924.498,16855.571,16271.914,119381.944,53297.934,5253.717000000001,11796.082,11459.51,3046.802,8534.512,18501.253,111889.80999999998,48481.724,3698.814,52180.538,952.86,284405.152,10031.32,63.26,1144.04,0.014,0.0,487.107,84.793,1203.746,174.129,363.74,357.026,387.678,3.962,551.332,370.242,12.12,295.873,4291.748,1096.981,11072.87336,12169.85436,202.56,40.984,243.544,4862.3550000000005,17275.75336,9038.586,6.9270000000000005,101.75,111.147,72.245,8.539,642.218,9981.412000000002,1347.558,585.96,1933.518,2.6,29193.28336,3155902.0,1042804.0,59481669.0,43052931.0,1.2365,1.122559090909091,1.5575863636363636,,,5073.041818181818,,,46.532964,4.242074,61.47772727272727,39.0,,,,21.0,29.0,21.0,8.0,38.0,33.0,,,,46.0,,29.0,15.0,17.0,31.0,33.0,11.0,12.0,24.0,18.0,16.0,37.0,36.0,,,17.0,25.285714285714285,,,,,,,,,,,,,,,,27.9,729.0,224.325,-206.61800000000005,311.435,214.82,6.2,20.722,0.0,14.222,6.5,20.722,8.201999999999941,6.4,42.7,0.0,0.0,16.325,138.1,10.2,10.6,224.325,0.0,34.9,0.0,47.718,37.7,0.0,2.717,311.435,188.4,763.1,556.482,556.482,0.05,3.5,0.0,1.1,0.5,1.5,0.5,1.75,1.4,7.65,8.05,6.313280876331159,7.0,7.14,2.78,7.0,1.89,5.0,6.48,0.0,0.58,4.75,0.58,1.0,0.47,0.5,0.02,0.75,78.40793,215117.6876,5437021.10508,0.0,1057411.42496,294645.53113410005,7004274.156704099,455969.04481,749255.79013,2556792.77032,335248.73206,0.0,1554950.86329,1.9614641,9794.03021,8636.162600000001,1148.77782,0.0,1332476.024,7004274.156704101,6563.56931,245511.92291,235244.02411000003,167152.86526,99285.0229,781.61459,57.939910000000005,34090.41525,44833.85405,663295.2125,2330.84141,19968.50243,10979.0178,2812.34854,1532907.15097,270166.67082410003,1803073.8217941,0.0,78.40793,78.40793,169008.92204,46108.76556,215117.6876,136501.09843,343294.28263,1532907.15097,3424318.57305,5437021.10508,5652217.20061,1352056.9560941,7004274.1567041,853718.1489000001,935934.33682,958835.46781,0.0,29989.90561999999,137549.90599999996,592197.6169200001,0.0,276779.46098000003,315418.15594,0.0,16421.88247,159775.02581,22901.13099,53818.44804,0.0,28234.25208,163.4878,853718.1489,632225.9662799999,1194580.79028,1107442.33902,33320.00322,53818.44804,1826806.75656,919270.1596200002,1027508.84248,252891.0,451336.8193,317984.0,0.0,7892.956,-2595.9328200000004,0.0,-3793.22149,1023715.62099,0.0,8514.19073,-713.792,-182091.31462,-4655.399619999999,74500.85414000011,91.03187466234468,,13.789824421202868,11.815320567996958,20.186566204728113,12.890392623155703,15.353645487252505,11.23284902801536,13.624008766210247,6.967395225571428,20.451400034728113,16.00207467588634,19.213393555388254,18.54824006157604,13.254450808014136,17.187582697593793,17.502047765477425,14.963333333333333,11.386969696969697,12.752382878657377,9.159249999999998,11.569408602150537,6.249809523809524,16.073,19.50278635488887,12.46877605610181,16.678,11.992911864896287,14.86413599029216,14.07836897998516,2523.5378690801244,2162.203663943443,20.186566204728113,567.1772754188511,122.82916389802004,89.86279222412288,844.6885435050353,48.771766578999994,20.451400034728113,16.00207467588634,76.85357422155302,55.644720184728115,331.36127020035343,154.68824427834414,175.02047765477428,14.963333333333333,501.0266666666667,102.01906302925902,73.27399999999999,717.3033333333333,43.748666666666665,16.073,19.50278635488887,49.87510422440724,50.034,299.8227966224072,133.77722391262944,140.78368979985163,5.606488035935824,11667.101602782448
2015-07-01,,,,,,,,,,,,,,,,,7.0,24585.0,662.0,,,25247.0,4575.0,3769.0,15909.0,18708.0,5415.0,1662.0,3926.0,53964.0,268287.859,77820.957,48993.05538,28827.901620000004,-190466.902,31394.671,1655.289,1513.317,10.933,0.0,3056.571,3046.768,7099.201,888.7230000000001,1228.054,1486.421,3378.4,13.681,1946.823,788.946,43.155,934.941,23911.684,20816.747,1592.161,1338.27,10.846,0.0,2453.065,2998.201,6404.2880000000005,603.658,968.088,1301.908,2327.934,9.308,1191.051,502.442,43.155,576.916,19380.014,0.0,7.0280000000000005,8234.062,0.0,1334.278,4015.063,6170.44838,1358.544,6.817,4.01,20542.728,7320.077,307.146,125.224,0.0,361.925,1001.825,934.256,3247.135,1342.566,88051.84,6998.897,32.144,6105.972,2326.639,2005.805,40395.301,267.47700000000003,515.438,1398.231,8155.995,2.005,36.505,1.22,285.91,0.204,55390.73,54250.504,29301.061,83551.565,6426.337,9328.013,15754.350000000002,15497.316,114803.231,40853.471,6125.537,13894.976,12684.932,3177.676,3431.053,18488.505,98656.15,48275.206,5419.295,53694.501,1133.977,268287.85900000005,10577.924,63.128,175.047,0.087,0.0,603.506,48.567,694.913,285.065,259.966,184.513,1050.466,4.373,755.772,286.504,0.0,358.02500000000003,4531.67,483.608,9442.166620000002,9925.774620000002,45.0,21.317,66.31700000000001,7604.174,17596.265620000002,9441.164,3.003,30.463,85.21300000000001,78.294,4.748,854.743,10497.628,308.616,358.59000000000003,667.206,66.802,28827.90162,13794770.0,966951.0,165652630.0,105345232.0,1.2863,1.099740909090909,1.5560181818181817,,,5082.8099999999995,,,51.525046,17.219391,56.56130434782609,36.0,,4.0,,19.0,24.0,24.0,7.0,76.0,39.0,,,,34.0,,33.0,17.0,22.0,37.0,34.0,11.0,14.0,44.0,18.0,19.0,40.0,29.0,4.0,,18.0,26.217391304347824,,,,,,,,,,,,,,,,,,,,,,,,,,,,,,,,,,,,,,,,,,,,,,,,,,0.05,3.5,0.0,1.1,0.5,1.5,0.5,1.75,0.92,7.65,8.05,6.271834200738497,6.93,7.03,2.4,7.0,1.89,5.0,6.44,0.0,0.37,4.75,0.41,0.75,0.49,0.5,0.03,0.75,13.0123,216378.78265,5423977.9850200005,0.0,1057387.6301000002,296202.4315141,6993959.8415841,453873.1351200001,728823.40463,2553927.05872,335860.2373,0.0,1567885.9442000005,1172.9994641,9687.78243,7579.407700000001,942.1170200000032,0.0,1334207.755,6993959.841584099,6949.49387,246562.21494,227269.28727,172263.23456,99361.99002,420.28799,3.416,33786.11778,44794.62873,657635.37349,2342.0073500000003,19088.78639,11516.72305,2919.30569,1524912.86713,272997.1658241,1797910.0329541,0.0,13.0123,13.0123,167921.00294,48457.77971,216378.78265,134625.43729,333443.74085,1524912.86713,3430995.93975,5423977.9850200005,5640369.7799700005,1353590.0616141,6993959.8415841,884922.6465700001,960448.38972,975587.19078,0.0,27149.533190000013,162790.32844999997,594311.6198,0.0,277136.98826,317174.63154000003,0.0,16421.88247,159775.02581,15138.801060000002,49398.31297,0.0,25963.94238,163.4878,884922.6465700001,641538.86723,1198209.1117300002,1115460.79554,33350.00322,49398.31297,1839747.97896,905427.0194199998,1038573.65991,252920.0,461311.9293,326864.0,0.0,7892.956,-10415.22539,0.0,-2373.58174,1036200.07817,0.0,8899.969630000001,-673.3426700000001,-182091.31462,-3658.33244,46749.96135000003,91.08589951377633,,14.2044697520876,11.927117551830888,19.023625557835594,13.602381228077254,15.354445785354738,11.955199370161289,13.834724842504112,7.171414263133641,22.34062570967742,18.0835862688628,18.49968453490672,18.196033003050395,14.707689604419091,17.164610314667268,16.42747816476766,16.175019304551967,11.586517595307917,12.731468889686349,9.462298387096775,11.682299687825182,6.5126728110599075,16.010967741935485,20.25390957684587,12.393996133037591,16.369045127765826,12.09133610519282,14.949064914492213,13.746630585562698,2599.417964632031,2182.662511985053,19.023625557835594,598.5047740353991,122.8355662828379,95.64159496129031,857.752940235255,50.19989984193549,22.34062570967742,18.0835862688628,73.99873813962688,54.588099009151186,367.6922401104772,154.48149283200542,164.2747816476766,16.175019304551967,509.8067741935484,101.85175111749079,75.6983870967742,724.3025806451614,45.58870967741935,16.010967741935485,20.25390957684587,49.575984532150365,49.10713538329748,302.28340262982056,134.54158423042992,137.46630585562698,5.733289175734389,11930.974774703263
2015-08-01,,,,,,,,,,,,,,,,,10.0,21000.0,614.0,,,21614.0,4146.0,3433.0,14332.0,14474.0,3296.0,664.0,2582.0,42927.0,249146.261,81110.917,40485.74104,40625.17596,-168035.34399999998,29390.889,2090.199,895.572,1.202,2.0,2748.9700000000003,4662.982,6911.1720000000005,654.634,986.5,1753.844,2587.863,10.139,1121.016,868.606,313.70300000000003,692.093,23311.522,7341.37,2090.199,764.722,1.202,2.0,2116.163,4649.157,5860.4310000000005,323.266,853.111,1302.686,2233.761,7.147,835.0600000000001,742.737,289.463,389.343,19602.325000000004,1300.567,2.567,6093.906,0.0,1506.87,4771.738,4481.76004,1058.295,11.155,1.525,14185.345,7072.013,185.59,121.29,0.0,274.853,1460.702,813.59,2788.607,1427.381,95075.428,7072.752,3.512,5019.021,1428.621,1499.892,37583.88,301.345,67.246,1701.999,7172.775000000001,0.0,29.54,0.0,318.551,2.21,50106.059,56123.954,23464.575,79588.529,6183.597,11168.858,17352.455,15168.222,112109.206,33888.668,3908.281,12791.79,11794.627,263.936,8396.914,19441.937,90486.153,41420.926,3804.223,45225.149,1325.753,249146.261,22049.519,0.0,130.85,0.0,0.0,632.807,13.825,1050.741,331.368,133.389,451.158,354.10200000000003,2.992,285.956,125.869,24.24,302.75,3709.197,194.909,14138.07696,14332.98596,65.232,22.384,87.616,15901.805,30322.40696,8620.219000000001,20.097,60.548,36.819,89.744,116.652,720.558,9664.637000000002,347.724,290.408,638.1320000000001,0.0,40625.17596,3795035.0,974541.0,150876708.0,91893994.0,1.3147,1.1136142857142857,1.5577571428571428,,,4934.622857142857,,,50.892989,4.353404,46.515,43.0,,,,21.0,28.0,23.0,10.0,52.0,34.0,,,,47.0,,33.0,18.0,18.0,35.0,37.0,12.0,50.0,89.0,17.0,20.0,37.0,34.0,,,27.0,32.61904761904762,,,,,,,,,,,,,,,,,,,,,,,,,,,,,,,,,,,,,,,,,,,,,,,,,,0.0,3.5,0.0,2.0,0.5,1.5,0.5,1.75,0.75,7.65,8.05,6.251670737486419,6.94,6.97,3.11,7.0,1.92,5.0,6.35,0.0,0.4,4.75,0.37,0.75,0.46,0.5,0.07,0.75,155.35901,216828.06584,5437962.346546711,0.0,1057661.92108,294311.2691341,7006918.96161081,467727.32166,724775.3158667099,2553643.37475,341879.3792699999,0.0,1566920.37985,2.3604441,9523.81203,7524.78068,980.16095,0.0,1333942.07611,7006918.961610809,6706.50664,247417.17186,235849.35913,172589.23652,110883.06295,402.18183,137.87258,19666.53838,45553.736520000006,662011.807464931,2717.43047,20676.21079,11585.40533,3014.68057,1539211.2010349312,271889.1592041,1811100.3602390315,0.0,155.35901,155.35901,167920.02995,48908.03589,216828.06584,146829.46628999998,317137.18345,1539211.20103493,3434784.49577178,5437962.346546711,5654945.771396711,1351973.1902141,7006918.961610811,885019.14408,939760.67161,955444.82494,0.0,33342.78388000001,137457.70259999996,592767.121,0.0,276230.81906,316536.3019400001,0.0,16421.88247,159771.18166,15684.15333,29320.33423,0.0,25257.7055,163.4878,885019.1440800001,628220.70528,1195104.47788,1132184.42799,33599.71566,29320.33423,1823325.18316,908985.7048499996,1052540.51949,228373.0,506199.9243,338064.0,0.0,7892.956,-27989.36081,0.0,-829.5975499999997,1051710.92194,0.0,11656.96963,-768.2933099999999,-182091.31462,-2723.9909199999984,31201.41212999988,91.19394921663964,,14.619084807790403,12.391996232661333,19.654748977190437,14.013720468216176,16.140005390844927,11.6617039464007,14.39997531471221,7.847049222701122,22.433499002699573,18.602950627750868,17.912386753989896,19.27282228046975,15.010220468629646,17.69260447363164,16.38991660116665,16.138387096774196,12.110428729859889,13.28620764965051,9.758208058230286,12.212270961253322,6.654101382488479,16.863870967741935,16.409057159354777,12.914621989775945,17.263776310561525,12.666623837070958,15.580581777132595,13.70296474893904,2675.2925198256435,2267.735310577024,19.654748977190437,616.6037006015118,129.1200431267594,93.2936315712056,892.798469512157,54.92934455890785,22.433499002699573,18.602950627750868,71.64954701595958,57.81846684140925,375.25551171574114,159.23344026268478,163.8991660116665,16.138387096774196,532.8588641138351,106.28966119720408,78.06566446584229,757.160799597706,46.578709677419354,16.863870967741935,16.409057159354777,51.65848795910378,51.79132893168458,316.6655959267739,140.22523599419335,137.0296474893904,5.69907230007738,11859.769456461028
2015-09-01,2911.886865432266,1029.400933128382,375.3103369459446,204.2737992631144,77.04650948416612,46.73442091507276,270.3953674674856,176.80659197307614,18.945240238914565,,2486.7776887778414,0.0,201.5681637662758,425.1091766544247,,511.4055022498343,8.0,22937.0,518.0,,,23455.0,3746.0,3562.0,11875.0,9441.0,1411.0,366.0,1752.0,32153.0,253950.968,78067.429,41554.33416,36513.094840000005,-175883.539,27352.202,1290.509,1877.436,3.651,0.0,3428.77,5737.17,7257.343,918.523,1621.496,2292.625,3056.6620000000003,60.328,1583.132,1090.688,244.441,520.082,27811.26,8117.573,1282.645,1749.032,3.612,0.0,3136.192,5613.974,6290.405,554.9110000000001,1243.87,1871.244,2468.195,60.328,1222.056,642.267,244.441,229.409,23577.292,0.0,0.0,7256.366,0.0,1461.93,5780.858,5814.36516,1530.908,7.406000000000001,0.67,12832.234,6869.597,292.6,120.067,0.2,525.0790000000001,1416.605,713.49,2754.485,1047.071,95302.84,6168.7,0.455,4821.613,1584.644,2807.279,38154.484,128.394,335.791,1345.627,4563.461,0.0,82.339,12.481,280.493,0.0,49294.99300000001,50739.04,24510.481,75249.52100000001,5167.595,9655.597,14823.192,16530.209,106602.922,45581.289,5177.542,13872.258,11987.254,4371.136,9310.872,16748.262,107048.613,34159.132,4551.246,38710.378,1589.055,253950.968,19234.629,7.864,128.404,0.039,0.0,292.57800000000003,123.196,966.938,363.612,377.626,421.381,588.467,0.0,361.076,448.421,0.0,290.673,4233.968,844.356,8437.87384,9282.22984,45.0,42.856,87.856,17643.149,27013.23484,8115.144,9.879,25.379,92.915,139.824,5.471,581.4060000000001,8970.018000000002,313.397,215.327,528.7239999999999,1.118,36513.094840000005,3694010.0,763462.0,140425617.0,100647125.0,1.3266,1.1228523809523812,1.5338380952380952,,,4748.004285714285,,,57.890926,4.27753,47.62318181818182,44.0,,,,23.0,24.0,31.0,10.0,,34.0,,,,47.0,,29.0,14.0,18.0,30.0,32.0,12.0,14.0,15.0,12.0,18.0,30.0,28.0,4.0,,23.0,23.428571428571427,,,,,,,,,,,,,,,,20.6,650.153,270.625,-6.025999999999954,323.57300000000004,106.253,1.3,71.829,17.043,51.086,3.7,71.829,100.22700000000005,6.3,30.8,0.0,0.0,16.125,105.6,104.5,7.3,270.625,0.0,37.9,0.0,59.273,27.5,0.0,2.6,323.57300000000004,196.3,672.053,666.027,666.027,0.0,3.5,0.0,2.0,0.5,1.5,0.5,1.75,0.56,7.65,8.05,6.197220091583305,6.85,6.78,2.03,7.0,1.9,5.0,6.2,0.0,0.52,4.75,0.43,0.75,0.45,0.5,0.02,0.75,55.30189,212587.31722,5487348.24337,0.0,1057679.34069,295186.0195941,7052856.222764101,503040.52817,723358.07864,2558413.90018,342775.99632000003,0.0,1572402.3591699998,2.4661041,7692.70617,7467.375739999999,1117.70673,0.0,1336585.10554,7052856.2227641,6860.21075,253217.47815,249833.29104,172920.81798,115682.534,461.81544,0.05061,19302.4633,45175.31871,662379.38901,2475.07898,22115.19435,11919.90876,3153.62334,1565497.17442,272668.44258409995,1838165.6170041,0.0,55.30189,55.30189,166824.63854,45762.67868,212587.31722,165982.72584,311349.67296,1565497.17442,3444518.67015,5487348.24337,5699990.86248,1352865.3602841,7052856.2227641,876985.7742500001,932261.26524,947474.21821,0.0,32283.115780000007,155427.24404999998,568357.84128,0.0,279084.37654,289273.46474,0.0,16421.88247,159771.18166,15212.95297,27751.964950000005,0.0,27360.03824,163.4878,876985.7742499999,632384.30068,1235275.93434,1173924.25373,33599.71566,27751.964950000005,1867660.23502,962922.4958199998,1124687.95979,157179.66953,665801.6843,338064.0,0.0,7892.956,-44250.35004,0.0,1207.5319,1125895.49169,0.0,11656.96963,-716.41123,-182091.31462,-3937.616749999997,12115.377099999903,91.24797406807131,,13.862231113971001,11.875438078839702,18.38392759503534,13.151272424099497,15.467933141856172,11.233286943341016,13.647661731072024,7.103437384476191,20.419261434728114,18.654375392789557,16.296576809223893,19.151229718526373,14.221770748147469,16.732870820900846,16.240579059011683,15.881333333333334,11.428727565128787,13.038534584296269,9.200208333333334,11.658020425916964,6.314333333333334,16.24266666666667,17.831199480370337,13.081699480370336,15.873173316012345,12.165358248268138,14.92815071850203,13.704478245766639,2536.7882938566927,2173.2051684276653,18.38392759503534,578.655986660378,123.74346513484937,89.86629554672813,846.1550273264654,49.72406169133333,20.419261434728114,18.654375392789557,65.18630723689557,57.45368915557911,355.5442687036867,150.5958373881076,162.40579059011682,15.881333333333334,502.86401286566667,104.30827667437015,73.60166666666667,722.7972664068518,44.20033333333333,16.24266666666667,17.831199480370337,52.326797921481344,47.61951994803703,304.13395620670343,134.35335646651828,137.04478245766637,5.355410860880444,11144.610001492205
2015-10-01,,,,,,,,,,,,,,,,,14.0,35626.0,543.0,,,36169.0,4052.0,4510.0,15412.0,13218.0,2087.0,474.0,1935.0,41688.0,278065.81200000003,116795.99,41384.60886000001,75411.38114,-161269.82200000004,61097.416000000005,1143.739,1858.284,1.365,0.0,5032.987,4804.153,5716.193,905.007,2085.21,2495.645,3251.797,79.549,1814.804,3306.426,334.396,668.017,30494.184,4737.312,1138.294,1644.696,1.365,0.0,3923.428,4784.907,4631.149,452.637,1449.324,2098.2580000000003,2173.647,58.959,1386.416,3168.457,334.396,317.335,24778.913,185.407,1.917,5103.5560000000005,0.0,1969.896,5353.1050000000005,8386.53686,1284.345,8.103,0.0,16540.617000000002,2551.126,159.786,184.726,0.004,496.304,522.104,707.367,0.0,480.835,102029.053,6288.01,19.087,4468.284,2114.126,1058.775,46014.034,8.584,281.737,1821.519,4803.073,0.0,15.459,0.358,281.753,3.124,56402.542,52318.681,30539.973,82858.65400000001,4390.0560000000005,13281.258,17671.314,21312.284,121842.252,45519.245,4269.12,11529.524,14293.236,4525.284,4798.139,19778.028,104712.576,41860.126,8114.808,49974.934,1536.05,278065.812,56360.104,5.445,213.588,0.0,0.0,1109.559,19.246,1085.044,452.37,635.886,397.387,1078.15,20.59,428.388,137.969,0.0,350.682,5715.271,407.259,8185.129140000001,8592.388140000001,13276.468,1128.005,14404.473000000002,25116.864,48113.72514,9027.658,2687.373,36.507,220.229,210.498,8.048,1040.233,13230.545999999998,13634.493,432.467,14066.96,0.15,75411.38114,3129901.0,1108586.0,48998395.0,62590517.0,1.3072,1.1227952380952382,1.5342619047619048,,,4879.0368181818185,,,47.547116,5.273264,48.43,43.0,,,,22.0,31.0,23.0,11.0,,33.0,,,,46.0,,27.0,18.0,16.0,28.0,35.0,11.0,13.0,12.0,13.0,17.0,31.0,24.0,,,22.0,23.8,,,,,,,,,,,,,,,,,,,,,,,,,,,,,,,,,,,,,,,,,,,,,,,,,,0.0,3.5,0.0,2.0,0.5,1.5,0.5,1.75,0.52,7.65,8.05,6.151368509723395,6.84,6.87,3.08,7.0,1.92,5.0,6.13,0.0,0.86,4.75,0.41,0.75,0.48,0.5,0.02,0.75,48.21183,213715.80144,5486273.40775,0.0,1057871.465,297004.8829141,7054913.7689341,507651.02327000006,706274.31856,2579665.33732,342630.47772,0.0,1563816.2641500002,2.5828341,7692.70617,8297.507389999999,1072.6104400000002,0.0,1337810.9410799998,7054913.768934101,7402.38695,257533.31481,220342.96249,158389.67906,117656.27432,535.28571,37.3899,19002.76835,45706.65931,659922.2486599999,2635.97502,21986.91348,12183.993,2163.10232,1525498.95338,274607.7130441,1800106.6664241,0.0,48.21183,48.21183,166829.82636,46885.97508,213715.80144,190311.90649,305093.10586,1525498.95338,3465369.44202,5486273.40775,5700037.42102,1354876.3479140997,7054913.7689341,822631.0751,885411.95615,900473.38417,0.0,32405.31616,120341.2184,556472.35746,0.0,278989.96072,277482.39674,0.0,16421.88247,159771.18166,15061.42802,29342.84676,0.0,33274.0767,163.95759,822631.0751,622843.9439500001,1277221.11607,1213978.55365,33899.71566,29342.84676,1900065.06002,1048091.13816,1213196.28839,253220.0,615926.1342999999,338064.0,0.0,7892.956,-1906.80191,0.0,-3684.303180000001,1209511.98521,0.0,11656.96963,-755.32802,-182091.31462,-4710.798100000004,14479.624060000062,90.70772555375471,,14.146555179708761,11.948321901707104,18.291897817478816,13.296158422132857,15.547359690745138,11.933852205982607,13.908841920756483,7.253962813364056,23.00355803360785,16.559663369686355,16.6052307805478,19.2616040219781,14.516819203929481,17.42666681641611,16.899165750370457,16.44677419354839,11.5919436927289,13.281860906886175,9.63891129032258,11.879053692446526,6.225069124423963,17.646129032258063,17.66636068688168,12.21548324238347,16.461410719163677,11.911847550845867,14.342260412269976,13.61724336307165,2588.8195978867034,2186.5429080124,18.291897817478816,585.0309705738457,124.3788775259611,95.47081764786086,862.348199086902,50.77773969354839,23.00355803360785,16.559663369686355,66.4209231221912,57.78481206593431,362.920480098237,156.840001347745,168.9916575037046,16.44677419354839,510.04552248007167,106.2548872550894,77.11129032258064,736.5013289316846,43.575483870967744,17.646129032258063,17.66636068688168,48.86193296953388,49.38423215749103,297.7961887711466,129.0803437104298,136.17243363071648,5.385944104865855,11208.149682225845
2015-11-01,,,,,,,,,,,,,,,,,52.0,72438.0,20772.0,,,93210.0,5252.0,5632.0,19133.0,17041.0,2736.0,645.0,2548.0,52987.0,256740.431,76208.37900000002,42702.95218000001,33505.42682,-180532.052,17947.435,836.266,6411.475,0.0,2.0,4409.291,3433.031,7220.537,1053.793,1449.992,2283.323,3327.718,29.456,2143.866,1814.895,443.782,708.481,28318.165,4152.173,833.924,6123.59,0.0,2.0,3330.64,3391.061,6579.607,939.798,1238.402,1595.587,2747.248,17.586000000000002,1829.667,1462.369,403.786,533.179,24068.93,5200.786,0.115,3482.906,0.0,1846.153,5727.56,6731.95218,1195.43,16.31,0.408,12506.691,5994.6410000000005,90.589,65.899,0.0,281.214,520.0310000000001,336.401,4130.434,570.073,103870.204,6670.328,2.5380000000000003,4564.078,1830.227,3523.506,23907.879,21.85,200.26,1820.852,3869.653,3.553,45.755,84.18900000000001,785.0840000000001,1.401,36094.209,52746.987,30206.067,82953.054,6967.578,9864.585,16832.163,25716.268,125501.485,23414.533,4399.776,18088.506,13359.885,4317.152,4833.464,18333.486,86746.80200000001,39460.359,3745.307,43205.666000000005,1286.478,256740.431,13795.262,2.342,287.885,0.0,0.0,1078.651,41.97,640.9300000000001,113.995,211.59,687.736,580.47,11.87,314.199,352.526,39.996,175.302,4249.235000000001,428.663,10800.53182,11229.19482,248.0,50.029,298.029,9885.34,21412.563820000003,10546.836,16.65,14.398,178.723,26.281,1.277,412.614,11196.779,422.596,472.938,895.534,0.55,33505.42682000001,3573656.0,816492.0,118070729.0,26585952.0,1.3279,1.0726578947368421,1.519436842105263,,,5082.5075,,,54.725119,2.716868,44.26761904761905,43.0,,,,22.0,26.0,28.0,9.0,9.0,36.0,,,,73.0,,33.0,18.0,16.0,27.0,37.0,12.0,12.0,13.0,12.0,17.0,29.0,26.0,,,18.0,24.571428571428573,,,,,,,,,,,,,,,,,,,,,,,,,,,,,,,,,,,,,,,,,,,,,,,,,,0.0,3.5,0.0,2.0,0.5,1.5,0.5,1.75,0.42,7.65,8.05,6.136087797595217,6.84,6.85,3.26,7.0,1.92,5.0,6.15,0.0,0.86,4.75,0.48,0.75,0.48,0.5,0.12,0.75,24.265400000000003,209495.75502,5530535.80734,0.0,1057801.82514,328559.3673541,7126417.020254099,525380.2357399999,708676.83178,2589816.5928700003,350589.67221999995,0.0,1565592.49515,3.6621541,7532.908079999999,8242.10879,1089.81593,0.0,1369492.69754,7126417.020254101,7311.048940000001,255918.00298,229238.46015,153869.39229,123426.59725,527.3198000000001,145.96245000000002,18742.93041,47261.80026,665175.60278,2562.00767,22881.04986,12185.40334,2206.24865,1541451.82683,306581.9936341,1848033.8204641,0.0,24.265400000000003,24.265400000000003,164795.13824,44700.61678,209495.75502,202086.46309,299894.86749000003,1541451.82683,3487102.64993,5530535.80734,5740055.82776,1386361.1924941,7126417.0202541,807617.10894,875702.00099,890803.70875,0.0,24722.1902,119329.94668,555459.58904,0.0,279288.2683,276171.32074,0.0,16421.88247,159768.3926,15101.70776,27100.6852,0.0,40820.24926,163.95759,807617.1089400001,628127.48338,1253219.28306,1192418.8822,33699.71566,27100.6852,1881346.76644,1046628.9723,1217090.4428100002,252910.0,620141.7519400001,338064.0,0.0,7892.956,-1918.26513,0.0,-837.9116299999998,1216252.5311800002,0.0,11656.96963,-466.77641000000006,-182091.31462,-4245.31674,5522.87926000011,90.54565099945974,,14.964407040164565,12.30205989701011,19.439127670851004,13.986742892103477,15.645870100696783,11.904946613265361,15.203458778016849,7.7093586163421115,22.94126375139478,15.336231104325687,16.12634018518895,22.476358279637484,15.50106311993942,17.88787840280254,16.791477110447786,15.749666666666666,11.870675441554713,13.591141244467565,9.651833333333334,12.432077842757467,6.681047619047619,16.603666666666665,14.901625471518438,11.86671588722217,16.902004288555545,12.399664296382207,15.044352061415601,13.464867433603667,2738.4864883501155,2251.27696115285,19.439127670851004,615.416687252553,125.16696080557426,95.23957290612289,942.6144442370445,53.96551031439478,22.94126375139478,15.336231104325687,64.5053607407558,67.42907483891244,387.5265779984855,160.99090562522284,167.91477110447786,15.749666666666666,522.3097194284074,108.72912995574052,77.21466666666667,770.7888262509629,46.76733333333333,16.603666666666665,14.901625471518438,47.46686354888868,50.70601286566664,309.9916074095552,135.39916855274043,134.64867433603666,5.847195652289116,12168.014152413652
2015-12-01,3114.808439933286,1031.4777256407456,402.9381064743169,195.9861100903457,77.18446660727886,57.47339343850452,302.89354196681074,193.78013172039488,16.179699956632437,,2620.6047872037643,0.0,242.9501275706224,494.20365272952176,,593.9451364676343,73.0,82403.0,25213.0,,,107616.0,6527.0,5338.0,17796.0,22734.0,6267.0,1659.0,4137.0,64458.0,356681.59800000006,101859.854,37280.9249,64578.92910000001,-254821.7440000001,40333.431,2606.799,1029.259,93.111,1.1,4514.3820000000005,4824.659,7793.173,981.167,1773.093,2448.826,3229.41,49.896,1384.068,733.037,395.355,1097.527,29224.593,4279.965,2568.757,784.296,93.111,1.1,3694.555,4747.589,5277.8640000000005,875.3960000000001,1300.189,1799.854,2863.612,23.008,1148.543,484.513,388.016,684.1990000000001,23287.338000000007,0.0,0.05,5102.282,0.0,1300.313,5128.603,6323.267900000001,1053.096,47.147,8.547,12030.045,6287.574,115.368,69.318,0.43,280.723,840.73,2042.578,2105.839,832.588,135435.92,6386.941,20.401,8941.221,2799.541,2451.299,45042.897,18.509,327.862,1814.257,8310.729,0.0,36.16,137.219,295.963,0.687,61235.12300000001,58411.314,34217.274,92628.588,8841.106,12814.339,21655.445,40671.612,154955.645,51270.646,4027.098,11438.502,14618.853,3184.932,10373.996,18180.283,113094.31,82243.454,4868.345,87111.799,1519.844,356681.59799999994,36053.466,38.042,244.963,0.0,0.0,819.827,77.07000000000001,2515.309,105.771,472.904,648.972,365.798,26.888,235.525,248.524,7.339,413.328,5937.255,1678.014,19987.4641,21665.4781,25.0,81.408,106.408,22843.227,44615.1131,16764.594,24.174,88.2,113.199,160.594,0.645,2261.21,19412.616,253.8,279.79,533.59,17.61,64578.9291,2276530.0,1556201.0,53443071.0,7170626.0,1.3713,1.0888681818181818,1.4980772727272729,,,5040.54,,,41.839328,5.36969,38.00545454545455,53.0,5.0,,,19.0,24.0,29.0,17.0,,39.0,,,,71.0,,34.0,22.0,17.0,32.0,36.0,11.0,14.0,12.0,14.0,17.0,33.0,32.0,4.0,,20.0,25.227272727272727,,,,,,,,,,,,,,,,123.6,788.201,128.52499999999998,-457.22600000000006,316.022,218.931,10.5,20.528,0.0,13.316,7.212,20.528,-238.29500000000004,9.9,43.9,0.0,0.0,17.525,40.3,8.8,8.1,128.52499999999998,0.0,29.1,0.0,48.122,33.9,0.0,2.8,316.022,202.1,922.301,465.075,465.075,0.5,3.5,0.0,2.0,0.5,0.5,0.5,1.2,0.42,7.65,8.05,6.118235874271393,6.84,6.77,1.76,7.0,1.92,5.0,5.96,0.0,0.97,4.75,0.52,0.75,0.46,0.5,0.23,0.87,10025.33314,208913.97347,5545830.3969,0.0,1049652.86709,328454.5655741,7142877.1361741,552357.0628399999,698129.8195,2591636.6932,348630.64188,0.0,1574015.48609,3.6778841,7484.24736,8181.75184,716.37841,0.0,1361721.37717,7142877.1361741,5706.74423,252616.69884,228512.34955,146303.29288,113201.62981,515.29228,129.43592999999998,18450.64997,48071.79248,663691.84808,2591.58331,23175.74077,12178.62611,2253.53627,1517399.22051,306829.6743841001,1824228.8948941005,0.0,10025.33314,10025.33314,163993.72288999998,44920.25058,208913.97347,250231.06243,290755.32927999995,1517399.22051,3487444.78468,5545830.3969,5764769.703509999,1378107.4326641,7142877.1361741,821439.08366,878036.21696,894285.90454,0.0,23599.07637000001,166993.24918,511252.80169,0.0,279057.30255,232195.49914,0.0,16421.88247,159769.20725,16249.687579999998,30705.26089,0.0,25727.91482,163.95759,821439.0836600001,668425.32758,1321327.9615599995,1256722.9850099997,33899.71566,30705.26089,1989753.28914,1137608.9445899993,1292930.50011,232072.0,731641.40035,338064.0,0.0,7892.956,-16739.85624,0.0,-1534.49564,1291396.0044699998,0.0,19763.96963,-412.0689300000001,-182091.31462,-5121.2360699999945,14073.590109999655,90.3295515937331,,14.87188208644735,12.459452910783819,16.580740906520006,14.196198451052847,15.094086821843515,11.754602154006802,14.925947214992497,7.6518372421658984,22.156544081994948,14.974598041843356,15.510325464092103,21.633419184145485,15.30906519518823,18.50595700329684,17.322690479350094,15.776774193548386,12.150732231778264,13.170043120949792,9.559198374525089,12.682144825594285,6.629815668202765,15.697277369068097,12.745598441111007,11.964376627338657,16.501057829844665,12.63938816583511,15.111324222727962,13.734509149408566,2721.554421819865,2280.079882673439,16.580740906520006,624.6327318463253,120.75269457474812,94.03681723205442,925.4087273295347,53.56286069516129,22.156544081994948,14.974598041843356,62.04130185636841,64.90025755243646,382.72662987970574,166.55361302967154,173.22690479350092,15.776774193548386,534.6322181982437,105.36034496759834,76.47358699620071,786.2929791868457,46.40870967741936,15.697277369068097,12.745598441111007,47.85750650935463,49.503173489534,315.98470414587774,136.00191800455167,137.34509149408566,5.856070202268686,12186.482090921138
2016-01-01,,,,,,,,,,,,,,,,,81.0,114225.0,32756.0,,,146981.0,7036.0,6097.0,18239.0,19886.0,4182.0,1427.0,5471.0,62338.0,207612.473,75580.788,35946.90826,39633.87974,-132031.685,20489.543,1185.772,2139.069,19.27,48.501,3015.4500000000003,2314.853,6648.956,440.626,1295.709,1366.969,2525.406,12.595,1980.388,1455.74,210.673,558.601,21825.966,6249.82,1132.784,1330.995,19.22,3.501,2740.116,2307.063,4420.446,328.648,1087.551,903.195,1931.446,8.445,1435.331,1033.927,210.673,297.457,16704.297999999995,185.13,0.0,5743.861,0.0,1418.952,3600.514,4577.03226,1379.987,19.083,39.627,13854.273,5128.4490000000005,189.397,167.996,0.0,301.434,1103.05,731.155,1994.353,641.064,75032.14,4497.001,0.0,7238.203,721.835,1239.683,29982.002,8.833,132.254,789.486,5148.732,0.0,40.893,15.952,215.597,0.32,38295.58699999999,38740.094,18679.143,57419.237,9481.651,5974.064,15455.715,18624.468,91499.41999999998,31289.578,4729.942,7128.586,8550.97,1639.608,3277.189,15334.662,71950.535,37200.269,5752.586,42952.855,1209.663,207612.473,14239.723,52.988,808.0740000000001,0.05,45.0,275.334,7.79,2228.51,111.978,208.158,463.774,593.96,4.15,545.057,421.813,0.0,261.144,5121.668000000001,292.509,7546.747740000001,7839.256740000001,497.56,28.209,525.769,11555.436,19920.46174,14674.749,5.098,25.738,94.289,42.354,42.516,2441.128,17325.872,2169.178,218.368,2387.546,0.0,39633.87974,2741868.0,708024.0,18874153.0,2327859.0,1.4208,1.0855052631578948,1.4391578947368422,,,4610.7142105263165,,,33.566386,2.542945,30.6995,53.0,5.0,,,22.0,28.0,17.0,9.0,,43.0,56.0,,,59.0,,52.0,26.0,27.0,55.0,51.0,16.0,19.0,17.0,19.0,31.0,57.0,40.0,,,37.0,33.59090909090909,,,,,,,,,,,,,,,,,,,,,,,,,,,,,,,,,,,,,,,,,,,,,,,,,,0.5,3.5,0.0,1.5,0.5,0.5,0.5,1.0,0.42,7.65,8.05,6.093867586624792,6.748398774881881,6.697203522119886,3.44,7.0,1.92,5.0,5.94,0.0,1.01,4.75,0.48,0.75,0.48,0.5,0.26,1.0,26.48803,208285.19302,5542250.131630001,0.0,1049668.2873,326382.5301741,7126612.6301541,545944.33616,689353.44083,2595998.41412,342926.88859,0.0,1576338.73298,3.3939841,7449.985369999999,8128.272919999999,807.48561,0.0,1359661.67959,7126612.6301541,5694.02974,242677.88494,228282.3231,137124.69272,120135.30777,496.91448,135.58467000000002,18384.04515,45041.09496,679300.34243,2472.65731,23677.72509,13395.92102,1069.0346599999998,1517887.5580399998,305742.0224841,1823629.5805241,0.0,26.48803,26.48803,163992.48122,44292.7118,208285.19302,248884.77893,284316.63915,1517887.55804,3491161.1555100004,5542250.131630001,5750561.81268,1376050.8174740998,7126612.6301541,808640.7546699999,882716.6782099999,899312.92733,0.0,35998.36894000001,158393.48203000004,512133.73752,0.0,276470.71296,235663.02456,0.0,16421.88247,159769.20725,16596.24912,43305.89011000001,0.0,30606.07584,163.95759,808640.75467,641594.98438,1363232.5739,1285776.96813,34149.71566,43305.89011000001,2004827.55828,1152880.9134999998,1320218.0461,236772.0,701361.4213500001,385064.0,0.0,7892.956,-10872.331250000005,0.0,1169.8640400000002,1321387.9101399998,0.0,19763.96963,-1205.72373,-182091.31462,-5952.50024,978.5723199999333,89.73527822798486,,14.507433421920576,12.317888112026745,18.84641072264904,13.599496172036028,16.267142450482158,11.434528174754906,14.575775636980152,7.240390575576037,21.405975939533228,15.81576997327787,15.18977343139982,20.359055775543332,14.668503754015047,18.503663480207795,16.933831325824595,17.197741935483872,11.920657163036005,13.694496353042087,9.48616935483871,12.361549403347206,6.233778801843318,16.483225806451614,13.773263158387005,11.966776677625397,16.81461493642771,12.331252956120416,15.60277092387094,13.969532440587782,2654.860316211465,2254.1735245008945,18.84641072264904,598.3778315695853,130.13713960385726,91.47622539803925,903.6980894927694,50.682734029032254,21.405975939533228,15.81576997327787,60.75909372559928,61.07716732663,366.71259385037615,166.53297132187015,169.33831325824596,17.197741935483872,524.5089151735841,109.5559708243367,75.88935483870968,766.4160630075268,43.63645161290323,16.483225806451614,13.773263158387005,47.86710671050159,50.44384480928313,308.28132390301045,140.42493831483844,139.6953244058778,5.623319177376202,11702.127208119879
2016-02-01,,,,,,,,,,,,,,,,,61.0,78037.0,25801.0,,,103838.0,5801.0,5828.0,22082.0,19983.0,3721.0,996.0,2558.0,60969.0,304786.941,150228.695,50361.80292,99866.89208,-154558.24599999998,86838.897,1842.107,1437.758,11.905,19.247,4117.256,5641.24,5385.173,869.751,1740.719,2377.076,3221.579,13.186,1935.537,1453.125,273.372,902.87,27930.884,8007.844,1715.339,1167.308,6.905,0.061,3065.341,5553.621,4172.962,706.703,1454.024,2032.729,2708.987,12.716,1551.143,1205.884,273.372,593.6750000000001,23331.157,0.0,0.08,8545.224,0.0,1634.321,4743.646,7979.91592,1584.117,46.227,3.232,21733.801,4091.239,168.846,148.473,1.928,280.47,1760.775,551.263,8.957,1170.527,109750.719,5794.761,0.173,5595.002,1802.406,3913.727,34803.997,311.837,180.062,1450.513,5259.613,0.14,79.849,21.257,66.331,4.4350000000000005,47894.167,52522.22,27255.08,79777.3,9124.866,8053.897,17178.763,78166.304,175122.367,37755.956,4640.441,7806.443,11121.496,2182.17,6985.329,18825.235,89317.06999999999,35990.47,3768.844,39759.314,588.19,304786.941,78831.053,126.768,270.45,5.0,19.186,1051.915,87.619,1212.211,163.048,286.695,344.347,512.592,0.47,384.394,247.241,0.0,309.195,4599.727,699.064,7366.80508,8065.86908,0.0,27.589,27.589,77532.361,85625.81908,12808.483,42.045,72.20700000000001,98.267,74.85300000000001,100.957,256.922,13453.734,567.04,215.299,782.3389999999999,5.0,99866.89208,3965198.0,827349.0,53303780.0,66113728.0,1.3797,1.10923,1.429005,,,4463.206,,,40.449334,4.064578,32.1815,53.0,6.0,4.0,,22.0,21.0,19.0,5.0,7.0,38.0,,,,46.0,,41.0,24.0,19.0,39.0,43.0,15.0,21.0,23.0,16.0,21.0,42.0,33.0,,,30.0,25.565217391304348,,,,,,,,,,,,,,,,,,,,,,,,,,,,,,,,,,,,,,,,,,,,,,,,,,0.5,3.0,0.0,1.5,0.0,0.5,0.0,1.0,0.44,7.65,8.05,6.073523952280421,6.811774352541216,6.889891863049066,3.58,7.0,1.92,5.0,6.0,0.0,1.15,4.75,0.46,0.75,0.47,0.5,0.31,1.0,175.96731,208180.26461,5527414.44324,0.0,1049576.28166515,324317.647768038,7109664.6045931885,552511.67875,683476.65449,2587548.02224,338023.80785000004,0.0,1574210.5118300002,3.455238838,7254.05385,8028.253790337001,820.702091526,0.0,1357787.464462487,7109664.604593188,5109.085389999999,240609.99052,235463.62445,136093.37628,122497.611,490.77056,30.3626,18269.48439,44457.92702,651375.3518099999,2489.09245,25881.42283,11461.87183,4906.42401,1499136.3951400002,304218.943819725,1803355.338959725,0.0,175.96731,175.96731,163993.08441,44187.1802,208180.26461,259307.2384,284171.98032,1499136.3951400002,3484798.82938,5527414.44324,5735770.67516,1373893.929433188,7109664.604593188,821889.1275400001,884265.6575200001,899330.0707200001,0.0,36475.361680000016,173815.80323,516878.84168,0.0,280435.82072,236443.02096,0.0,16421.88247,140673.76846000002,15064.4132,34009.21369,0.0,28203.358700000004,163.95759,821889.1275400001,640305.92645,1409683.26257,1341524.33322,34149.71566,34009.21369,2049989.18902,1194090.84779,1352435.51637,253172.0,544750.98126,573464.0,0.0,7892.956,-26844.42089,0.0,-3250.01075,1349185.5056200002,0.0,23763.96963,-1216.36438,-182091.31462,-6576.599360000001,11025.650900000095,89.08698001080496,,14.220559505649016,12.128420101332614,20.780233421007473,13.675750949011311,16.848728158398625,11.495212191308994,14.40900090250747,7.121761374926108,22.08378438075322,15.46341323575404,15.02200826262515,18.767440766666667,13.653093386046912,17.01050677305225,16.152775740300658,16.92448275862069,11.738096549280739,13.630432362179093,9.457696545004788,12.047353945363984,6.31807881773399,17.44,15.226619614559315,11.846216542567003,16.774841343473817,11.956122325794626,15.949389781485722,13.740904402923343,2602.3623895337696,2219.5008785438686,20.780233421007473,601.7330417564978,134.789825267189,91.96169753047195,893.3580559554633,49.852329624482756,22.08378438075322,15.46341323575404,60.0880330505006,56.3023223,341.3273346511728,153.0945609574703,161.5277574030066,16.92448275862069,516.4762481683524,109.04345889743274,75.6615723600383,746.935944612567,44.22655172413793,17.44,15.226619614559315,47.38486617026801,50.32452403042144,298.9030581448656,143.5445080333715,137.40904402923343,5.410490776911593,11259.231306753023
2016-03-01,3114.578224674655,1031.0183179953942,425.5485946589744,177.2943085275822,74.3080814655364,55.93801265769845,314.1807122835238,174.73478621560523,14.46616178562637,,2580.956072084518,2.4758810524323964,300.4734726644009,533.622152590137,,544.1398953678807,57.0,62750.0,21587.0,,,84337.0,5304.0,5768.0,21989.0,21352.0,3533.0,602.0,2053.0,60601.0,267622.943,84823.05399999999,38862.60092,45960.45307999999,-182799.889,26203.564,1326.582,1133.942,1.65,2.02,4782.612,4190.945,4181.081,962.84,2023.301,2431.89,3628.105,60.096,2956.8,1055.721,414.425,704.691,27392.507,5215.068,1275.927,892.2620000000001,1.65,2.02,4432.066,4106.796,2865.388,796.765,1562.695,1933.888,2301.986,55.676,2108.719,881.527,414.425,373.631,21833.562,0.0,0.11,4929.317,0.0,1488.793,4877.819,6583.44492,883.763,23.553,0.398,17121.904,2953.499,215.151,319.313,0.03,231.216,1060.847,544.4350000000001,4.338,578.169,92908.529,4839.578,0.15,5514.969,1830.032,1691.793,40658.66,189.854,336.223,1185.287,5133.75,2.262,53.263,0.48,424.257,6.58,51512.441,51902.631,27940.121,79842.75200000001,3828.315,7364.684,11192.999,27675.304,118711.055,41312.778,15872.001,10541.425,11175.117,2381.7490000000003,8034.445000000001,17883.916,107201.431,36247.669,3898.796,40146.465,1563.992,267622.943,20988.496,50.655,241.68,0.0,0.0,350.546,84.149,1315.693,166.07500000000002,460.606,498.002,1326.119,4.42,848.081,174.19400000000002,0.0,331.06,5558.945000000001,496.218,10765.43008,11261.64808,0.0,75.69500000000001,75.69500000000001,17913.035,29250.37808,14161.126,166.253,56.278,84.828,107.561,25.202,528.686,15129.934,1145.058,434.798,1579.856,0.285,45960.45308000001,2980488.0,1066279.0,87594025.0,5021771.0,1.3226,1.1133521739130434,1.4249304347826088,,,4754.479090909091,,,42.052436,3.861264,38.210454545454546,50.0,5.0,4.0,20.0,19.0,21.0,18.0,7.0,13.0,44.0,,,,46.0,,34.0,21.0,18.0,32.0,34.0,11.0,13.0,19.0,16.0,18.0,32.0,31.0,5.0,,27.0,22.32,,,,,,,,,,,,,,,,44.5,918.123,252.12500000000009,-193.49799999999996,439.69999999999993,132.523,1.6999999999999995,78.99999999999999,1.1,68.89999999999999,9.0,78.99999999999999,-60.97499999999994,6.4,97.8,0.0,0.0,15.525,112.8,9.299999999999995,10.3,252.12500000000009,0.0,67.1,0.0,76.5,19.5,0.0,2.0,439.69999999999993,274.6,964.323,770.825,770.825,0.5,3.5,0.0,1.5,0.0,0.5,0.0,1.0,0.41,7.65,8.05,6.058869166273976,6.745067946408158,6.840017930094954,3.18,7.0,1.91,5.0,5.75,0.0,1.15,4.75,0.44,0.75,0.45,0.5,0.29,1.0,188.99393,208210.94695,5500724.5601,0.0,1049637.4516617102,334366.8020551549,7093128.754696866,437482.57476,669589.24246,2585551.52078,332385.29435999994,0.0,1684115.86862,3.675759405,7158.01507,7970.935814438,610.648270463,0.0,1368260.978802562,7093128.754696867,4842.70366,229348.85788,229869.37531,136801.541,118072.60824,596.11014,35.916160000000005,17630.82832,44713.68709000001,657290.9738200001,1250.2188600000002,26716.70175,11502.17278,5149.37657,1483821.07158,314466.289600954,1798287.361180954,0.0,188.99393,188.99393,162918.77109,45292.17586,208210.94695,248987.28091,284812.85874,1483821.07158,3483103.34887,5500724.5601,5709124.50098,1384004.253716865,7093128.754696865,836684.2679599999,915514.95021,931775.04965,0.0,42786.9657,196571.24968,519061.0839,0.0,282489.21574,236571.86816,0.0,16421.88247,140673.76846000002,16260.09944,50725.13176,0.0,27941.5929,163.95759,836684.2679600001,662926.4169,1340998.03892,1256363.1915,33909.71566,50725.13176,2003924.45582,1116515.0560999997,1314627.19397,209172.0,550519.55481,573464.0,0.0,7892.956,-26421.316840000003,0.0,-4389.95127,1310237.2427,0.0,24063.96963,-1078.7542,-182091.31462,-8047.311850000002,-26568.77556000018,89.08698001080496,,14.94448409723881,12.518195835516572,19.770672042530116,14.317365430596173,15.882377612950247,11.984669456320054,15.103226932581892,8.182443802764977,23.55181769302215,18.531489436902053,16.100801194851723,18.774751994997278,14.430423514083666,19.303248785825623,17.119169099350092,17.50516129032258,12.29997330692571,13.738268927401405,9.655120967741935,12.464422054676263,6.485529953917051,17.061935483870965,17.30349607017916,12.503163837258018,16.60009880739545,12.395785625419343,15.926768101186756,13.937191800455166,2734.8405897947027,2290.829837899533,19.770672042530116,629.9640789462317,127.05902090360198,95.87735565056043,936.4000698200773,57.27710661935484,23.55181769302215,18.531489436902053,64.40320477940689,56.32425598499184,360.7605878520917,173.72923907243057,171.1916909935009,17.50516129032258,541.1988255047312,109.90615141921124,77.24096774193548,772.7941673899284,45.398709677419355,17.061935483870965,17.30349607017916,50.01265534903207,49.800296422186356,309.8946406354836,143.34091291068077,139.37191800455167,5.74546004761571,11956.302359088291
2016-04-01,,,,,,,,,,,,,,,,,28.0,45531.0,3236.0,,,48767.0,4703.0,4925.0,19680.0,15477.0,2162.0,496.0,1805.0,49248.0,257047.8,78251.867,41252.30668,36999.56032,-178795.933,26930.767,1608.565,3923.971,7.601,0.0,2448.655,4784.936,6767.731,486.55,1977.213,1849.67,3575.435,16.852,1950.788,1039.182,245.567,570.287,25712.866,7279.558,1541.637,3655.941,7.601,0.0,2130.475,4707.543,5538.829,207.324,1593.809,880.188,3091.052,6.158,1488.891,925.542,207.113,381.27,21158.194000000003,138.824,0.0,7967.367,0.0,1281.123,4692.1140000000005,5365.25968,1168.996,48.598,0.378,14296.001,6293.646,99.587,72.299,0.525,309.397,2917.909,576.556,2010.119,307.254,93339.554,5901.206,0.196,6540.915,1891.583,2469.299,30359.489,12.341,114.998,1080.315,5465.322,0.0,47.336,0.0,411.891,2.488,41855.062000000005,51955.243,26412.236,78367.479,7987.904,8038.196,16026.1,24337.463,118731.04200000002,36165.29,3625.557,10030.075,11006.025,2066.266,4024.724,18195.223,85113.16,45057.351,7355.808,52413.159,790.439,257047.80000000005,19651.209,66.928,268.03000000000003,0.0,0.0,318.18,77.393,1228.902,279.226,383.404,969.482,484.383,10.694,461.897,113.64,38.454,189.017,4554.6720000000005,446.788,8459.94132,8906.72932,0.0,54.967,54.967,14692.523,23654.219320000004,8709.267,20.548,54.046,117.918,132.713,3.401,462.419,9500.312,3179.483,665.246,3844.729,0.3,36999.56032,3391430.0,1193579.0,70679004.0,49647549.0,1.2818,1.1345666666666667,1.4318619047619048,,,4892.1695238095235,,,41.748375,3.579477,41.583333333333336,45.0,,5.0,,22.0,29.0,18.0,7.0,15.0,40.0,,,,43.0,,31.0,14.0,14.0,32.0,30.0,11.0,13.0,21.0,14.0,17.0,34.0,29.0,,,20.0,22.90909090909091,,,,,,,,,,,,,,,,,,,,,,,,,,,,,,,,,,,,,,,,,,,,,,,,,,0.5,3.0,0.0,1.5,0.0,0.5,0.0,1.0,0.4,7.65,8.05,6.037089816543432,6.7364132965209285,6.800247157396008,3.45,7.0,1.91,5.0,5.65,0.0,1.15,4.75,0.55,0.75,0.45,0.5,0.23,1.0,88.58496000000001,207198.10966,5503480.24198,0.0,1049603.28263864,333295.955956539,7093666.17519518,417841.1420599999,675765.5985900001,2607960.87751,334715.54016,0.0,1674483.77828,3.662360576,7158.01507,7725.015527887,680.43786805,0.0,1367332.107768663,7093666.175195176,5073.8217,225764.63788,231721.46505,132091.76903,115745.31804,542.90979,55.96117,17499.60986,44847.64473,652180.41342,1028.48835,27919.19783,11570.01356,5069.12579,1471110.3761999998,313553.810930689,1784664.1871306887,0.0,88.58496000000001,88.58496000000001,162843.61417,44354.49549,207198.10966,234850.89852,288418.89447000006,1471110.3762,3509100.07279,5503480.24198,5710766.9366,1382899.2385951793,7093666.175195179,826632.5546099999,908823.26112,931482.24426,0.0,50933.41799999999,189299.70639,511494.4858,0.0,281206.11244,230288.37336,0.0,16421.88247,140673.76846000002,22658.98314,50898.28718,0.0,31128.46174,163.95759,826632.55461,644794.3831900001,1442902.62509,1357594.62225,34409.71566,50898.28718,2087697.00828,1210166.16649,1425130.50201,263000.0,590285.9798099999,573464.0,0.0,7892.956,-9512.4338,0.0,-3315.86135,1421814.64066,0.0,24248.89904,-1010.99906,-182091.31462,-9273.952250000002,-43521.107279999975,89.46515397082658,,14.353725537806042,12.101212487748223,21.227270025035338,13.756395262454756,15.293416701369825,11.597352923439708,13.956805252925871,8.083749481151635,19.987523238061446,16.875097595957016,15.545332302186642,20.40649049870763,14.28486083826188,20.016262729530474,16.56574757363104,18.301666666666666,11.675155756394782,13.793946263953677,9.68875,11.877138705486857,7.103074278291005,15.267333333333333,14.033625471518437,12.604796004138844,15.894213212086411,12.261082469207395,15.624571424600795,13.399668850077745,2626.731773418506,2214.5218852579246,21.227270025035338,605.2813915480092,122.3473336109586,92.77882338751766,865.3219256814041,56.586246368061445,19.987523238061446,16.875097595957016,62.18132920874657,61.21947149612289,357.12152095654693,180.14636456577426,165.6574757363104,18.301666666666666,513.7068532813704,110.35157011162941,77.51,736.3825997401852,49.72151994803703,15.267333333333333,14.033625471518437,50.41918401655538,47.68263963625923,306.52706173018487,140.62114282140718,133.99668850077745,5.878166636530787,12232.464770620569
2016-05-01,,,,,,,,,,,,,,,,,12.0,19912.0,822.0,,,20734.0,4276.0,5115.0,18440.0,13052.0,2005.0,406.0,1641.0,44935.0,282929.438,91958.828,45460.08434000001,46498.74366,-190970.61,34858.244,1701.846,1454.658,36.603,0.0,3556.65,3540.6240000000003,10241.715,1125.957,1836.786,2467.051,3482.165,41.469,2018.714,1385.836,180.092,1049.334,30926.393,9657.168,1634.226,1044.089,36.603,0.0,2932.756,3518.63,6590.197,805.773,1608.643,1953.497,2419.019,30.597,1298.6,943.056,180.092,861.114,23141.974,0.0,9.803,8037.649,0.0,2247.389,5177.893,7336.35234,1201.853,60.344,0.0,15863.2,5525.601,167.088,142.674,1.59,328.08,1020.711,555.567,2606.303,703.588,107926.262,6543.1630000000005,0.997,7296.487,2330.346,2643.093,37452.581,27.572,91.15,1354.028,5962.927,0.252,46.125,0.0,396.723,1.495,50306.292,54237.021,36258.61,90495.631,6855.062,7986.776,14841.838,35724.424,141061.89299999998,38007.097,3769.535,11573.916,12998.007,2194.543,6411.796,16871.222,91826.116,41062.59,8182.242,49244.832,796.597,282929.438,25201.076,67.62,410.569,0.0,0.0,623.894,21.994,3651.518,320.184,228.143,513.554,1063.146,10.872,720.114,442.78,0.0,188.22,7784.419,650.322,7810.215660000001,8460.53766,60.0,80.553,140.553,25110.304,33711.39466,8141.005,23.945,477.111,834.395,100.068,91.345,1998.994,11666.863,547.721,539.201,1086.922,33.564,46498.74365999999,4156802.0,712111.0,131987659.0,48621757.0,1.2945,1.1312047619047618,1.4524428571428571,2083.46,17756.533333333333,4788.235238095238,,,34.236363,3.564358,46.742380952380955,39.0,5.0,,,22.0,23.0,20.0,8.0,28.0,,,,,41.0,,30.0,16.0,14.0,29.0,29.0,9.0,14.0,22.0,12.0,17.0,33.0,24.0,,,27.0,22.0,,,,,,,,,,,,,,,,,,,,,,,,,,,,,,,,,,,,,,,,,,,,,,,,,,0.5,3.0,0.0,1.5,0.0,0.5,0.0,1.0,0.39,7.65,8.05,6.023219521180798,6.73818918876036,6.800582315822117,3.48,7.0,1.87,5.0,5.8,0.0,1.2,4.75,0.53,0.75,0.44,0.5,0.27,1.0,56.47231,203060.11915,5456354.85967,0.0,1049569.80285202,334599.14288256504,7043640.396864586,411230.01241,667583.9175299999,2583753.49326,335111.79074,0.0,1661792.23719,3.543489415,6965.37051,9921.174183975,724.837544725,0.0,1366554.020006475,7043640.39686459,4714.682049999999,225683.65702,226969.25702,132481.81955,114818.78629,574.7084699999999,55.39728,17359.23591,44719.628240000005,646366.90358,1075.59065,29217.99871,11575.3721,4894.19904,1460507.23591,313035.848696577,1773543.0846065772,0.0,56.47231,56.47231,160672.68218,42387.43697,203060.11915,232872.53777,275932.50975,1460507.23591,3487042.57624,5456354.85967,5659471.45113,1384168.9457345852,7043640.396864586,849599.25898,931343.12956,946599.29505,0.0,22153.442619999994,239167.50217,512935.09618,0.0,282903.12642000004,230031.96976,0.0,16421.88247,140665.20612000002,15256.16549,54149.15387000001,0.0,27430.75912,163.95759,849599.25898,656592.28113,1484013.72686,1395454.85733,34409.71566,54149.15387000001,2140606.00799,1236857.5951400003,1483108.62711,253500.0,644928.6048099999,581364.0,0.0,7892.956,-4576.9337000000005,0.0,-847.1782499999999,1482261.44886,0.0,24248.89904,-870.49131,-182091.31462,-11508.902570000002,-75182.04425999975,91.57212317666126,,15.149516761556109,12.465286470718208,21.795148810500972,14.26510224198373,16.216234228222838,12.012998983401964,14.70231715914605,8.224416307142857,21.31897658199495,21.95080441297162,15.544983963011752,22.462579646511077,15.82461685138041,20.88971440473053,17.14931694832973,17.30483870967742,12.074371539394752,13.865656055604813,9.927903225806451,12.251776684458319,6.852718894009217,16.42967741935484,16.23378004172039,13.51945104717738,17.00573753383512,12.722835419802138,15.778307796734339,13.680844683566276,2772.361567364768,2281.147424141432,21.795148810500972,627.6644986472842,129.7298738257827,96.10399186721571,911.5436638670551,57.57091415,21.31897658199495,21.95080441297162,62.17993585204701,67.38773893953324,395.61542128451026,188.00742964257478,171.49316948329727,17.30483870967742,531.2723477333691,110.9252484448385,79.42322580645161,759.6101544364158,47.969032258064516,16.42967741935484,16.23378004172039,54.07780418870952,51.017212601505356,318.07088549505346,142.00477017060905,136.80844683566278,5.862701645991072,12200.28212530742
2016-06-01,2940.758077707369,1020.600734121007,366.8760947176824,188.19707958707545,75.86706581851621,71.14436132934792,272.2476806926753,184.1593605262209,16.499643453361124,,2492.545457152457,6.246970395458978,186.66192830388408,448.21262055491184,,552.2571587621394,12.0,19588.0,1238.0,,,20826.0,4117.0,4761.0,16249.0,12525.0,2082.0,528.0,2303.0,42565.0,253808.694,71944.937,37714.845,34230.092,-181863.757,24128.857,1211.883,1832.668,91.693,0.0,4136.6320000000005,4136.4220000000005,4197.902,823.308,1356.767,1716.36,2993.328,63.291,1750.139,848.8100000000001,402.553,784.077,23209.589000000004,8725.665,1167.606,762.726,60.622,0.0,3437.558,4082.768,3726.056,637.611,1186.251,1393.195,2381.387,55.774,1175.272,749.589,402.553,626.4010000000001,19854.415000000005,3.186,2.506,4788.4130000000005,0.0,1063.524,4360.853,5393.513,1258.875,35.025,32.001,17102.736,3674.213,181.613,158.392,0.0,327.074,1723.662,659.703,83.179,540.59,88116.869,8220.598,0.218,7595.683,2149.071,1355.945,32497.627,42.595,177.588,1444.01,4421.87,0.0,53.25,3.1590000000000003,126.47,8.354000000000001,42279.939000000006,46737.901,27756.785,74494.686,7589.083,7628.307,15217.39,27884.617,117596.693,32977.743,3991.5,13623.312,11902.592,2936.528,4463.89,17127.446,87023.011,44070.645,4377.262,48447.90700000001,741.083,253808.694,15403.192,44.277,1069.942,31.071,0.0,699.0740000000001,53.654,471.846,185.697,170.516,323.165,611.941,7.517,574.867,99.221,0.0,157.67600000000002,3355.174,559.326,11741.744,12301.07,852.446,139.252,991.698,10911.263,24204.031000000003,8503.624,68.128,31.397,303.89,135.48,12.041,556.2860000000001,9610.846,310.38100000000003,84.755,395.136,20.079,34230.092,3298396.0,1201628.0,102329355.0,16010339.0,1.2894,1.1231772727272729,1.4197363636363638,2083.8913636363636,17754.86772727273,4856.232272727273,,,45.682433,4.561798,48.24727272727273,46.0,8.0,,,22.0,21.0,21.0,9.0,42.0,32.0,75.0,,,45.0,,34.0,18.0,15.0,34.0,28.0,11.0,15.0,29.0,11.0,18.0,33.0,25.0,5.0,,23.0,25.833333333333332,,,,,,,,,,,,,,,,62.98,745.3899999999999,215.95,-222.24,336.11999999999995,229.77,6.2,40.26,0.0,32.96,7.3,40.26,7.529999999999973,14.05,47.46,0.0,0.0,19.24,125.41,6.57,3.22,215.95,0.0,39.55,0.0,56.34,36.56,0.0,2.17,336.11999999999995,201.5,814.5699999999999,592.3299999999999,592.3299999999999,0.5,3.0,0.0,0.5,0.0,0.6,0.0,1.0,0.38,7.65,8.05,5.995207971613715,6.706038601513035,6.756357833590468,3.16,7.0,1.89,5.0,5.86,0.0,1.2,4.75,0.49,0.75,0.4,0.5,0.27,1.0,46.97265,203084.17364,5451833.60214,0.0,1041223.07614743,331821.82685381,7028009.651431239,411126.74738,665711.47858,2586991.51642,335202.71843000007,0.0,1655932.28762,3.739354197,6873.25789,8075.44534,642.3114243499999,0.0,1357450.148992688,7028009.651431236,4874.4795300000005,231638.10073,236062.90919,134878.97282,110915.34013,575.703,87.66755,19499.45245,43826.88521,640949.15283,1282.19953,29597.98563,11204.27685,4991.52766,1470384.65311,311897.128054447,1782281.781164447,0.0,46.97265,46.97265,159532.17019,43552.00345,203084.17364,225791.43786,273435.38933,1470384.6531099998,3482222.12184,5451833.60214,5654964.74843,1373044.90300124,7028009.65143124,808361.92447,894442.02321,910808.4514,0.0,22778.459290000013,216231.96935,477890.40392,0.0,282603.60696000006,195286.79695999995,0.0,35790.87408,141750.31657,16366.42819,60575.33816,0.0,25340.80299,163.95759,808361.9244700001,652734.31946,1549734.41116,1454749.35734,34409.71566,60575.33816,2202468.73062,1333531.46799,1611711.37518,263700.0,769114.6048099999,592064.0,0.0,7892.956,-21060.18563,0.0,1071.5441500000004,1612782.91933,0.0,24248.89904,-722.78362,-183504.22317,-15372.941030000004,-103900.40256000018,91.62614802809291,,14.527740617477157,12.157254248591979,20.25586087503534,13.764575568346494,15.986881370845628,11.184516804166666,14.340730419719018,8.188617160675443,20.615804333333333,18.24607294177268,16.297600740504617,19.578553473617,14.717209647325717,19.100879993096783,16.623645378964373,16.192333333333334,11.846520299487374,13.718857943611084,9.376916666666666,11.893417631894264,6.604285714285714,16.781,19.300453021555533,12.952332683796252,17.079915486271602,12.269061156659246,15.334044040288038,13.508675542725895,2658.5765329983196,2224.777527492332,20.25586087503534,605.6413250072458,127.89505096676503,89.47613443333333,889.1252860225792,57.32032012472811,20.615804333333333,18.24607294177268,65.19040296201847,58.735660420851005,367.9302411831429,171.90791993787104,166.23645378964372,16.192333333333334,521.2468931774445,109.75086354888867,75.01533333333333,737.3918931774444,46.230000000000004,16.781,19.300453021555533,51.80933073518501,51.2397464588148,306.7265289164812,138.00639636259237,135.08675542725896,5.679661233271325,11819.375026437627
2016-07-01,,,,,,,,,,,,,,,,,11.0,17580.0,904.0,,,18484.0,4567.0,4153.0,17757.0,19596.0,5115.0,1534.0,3948.0,56670.0,272352.66900000005,65255.38100000001,41614.175780000005,23641.20522,-207097.2880000001,11023.194,1625.388,1554.263,10.929,10.1,3183.582,2678.417,7231.371,563.616,2281.342,2423.019,3471.217,79.218,4621.3330000000005,514.678,167.219,1283.903,28498.915000000005,6927.0070000000005,1591.284,1224.281,10.929,10.1,2810.467,2633.51,6743.939,368.885,1729.187,2177.108,2431.491,74.395,1039.205,390.658,142.979,1066.517,21608.341,183.946,0.18,6412.423,0.0,1461.23,5949.182,5525.81078,1141.73,23.576,0.0,12857.707,8058.391,78.81,120.239,0.0,441.398,3358.732,347.76,2700.937,1010.515,91674.421,5815.27,32.83,7624.667,1902.209,2955.321,40405.497,75.934,124.986,1215.844,6801.207,0.035,27.789,4.601,588.338,2.746,54104.507000000005,52743.703,26549.06,79292.763,8216.416000000001,9202.713,17419.129,15718.939,112430.831,52002.507,3277.707,14365.699,11250.978,3671.662,6652.532,17597.419,108818.50400000002,39183.871,10181.36,49365.231,1738.103,272352.669,4096.187,34.104,329.982,0.0,0.0,373.115,44.907,487.432,194.731,552.155,245.911,1039.726,4.823,3582.128,124.02,24.24,217.386,6890.5740000000005,278.134,7436.40022,7714.53422,251.422,24.664,276.086,2243.778,10234.39822,8097.787,5.047,32.147,79.828,213.4,1.462,1289.712,9719.382999999998,3523.7490000000003,163.375,3687.124,0.3,23641.20522,3393288.0,593976.0,60197962.0,7676719.0,1.3052,1.105495,1.31341,2148.902,18341.1825,5023.989,,,32.174482,2.941142,44.951904761904764,52.0,,,,19.0,24.0,18.0,8.0,91.0,36.0,,,,47.0,,35.0,14.0,15.0,34.0,33.0,13.0,17.0,44.0,11.0,20.0,37.0,27.0,,,28.0,29.666666666666668,,,,,,,,,,,,,,,,,,,,,,,,,,,,,,,,,,,,,,,,,,,,,,,,,,0.5,3.0,0.0,0.5,0.0,0.6,0.0,1.0,0.3317943487244257,7.65,8.05,5.992115210649816,6.684822455751744,6.765939525832677,3.22,7.0,1.89,5.0,5.77,0.0,1.19,4.75,0.53,0.75,0.37,0.5,0.3,1.0,44.61311,204245.68245,5474072.18914,0.0,1041197.03637417,332196.370911662,7051755.891985834,405616.49265999993,674931.52494,2596404.5671200003,338397.38624,0.0,1663012.51374,3.865377712,6862.61104,10018.68142,413.901517975,0.0,1356094.34793015,7051755.891985837,5144.36501,230257.18027,235516.38168,134804.67621,111893.44341,577.28645,20.62485,19077.56279,46240.50128,646470.65523,1266.70308,29758.35143,10800.54717,4591.878019999999,1476420.15688,311589.406436674,1788009.563316674,0.0,44.61311,44.61311,159532.99061,44712.69184000001,204245.68245,231830.37399,273857.73389,1476420.15688,3491963.92438,5474072.18914,5678362.484700001,1373393.407285832,7051755.891985833,781807.8496,862832.38509,877746.16634,0.0,25212.23489000001,182683.87403,477388.7267,0.0,282288.40974000003,195100.31695999997,0.0,35790.87408,141756.67539,14913.78125,51190.35771,0.0,29669.75093,164.42685,781807.8496,678747.54516,1569146.0329599995,1483545.95959,34409.71566,51190.35771,2247893.57812,1414895.3708100005,1681256.25297,254100.0,848520.6048099999,592064.0,0.0,7892.956,-21321.30784,0.0,-2547.69039,1678708.56258,0.0,24248.89904,-834.87374,-183504.22317,-18022.46933,-85700.52456999994,93.7331172339276,,14.058866286999422,11.777582267397412,20.37337989437194,13.233393812835521,15.816325667372908,11.017819236475807,13.790584695826592,7.9246533464976965,21.009005258064516,18.535785333905167,15.417275690562667,18.346532857088352,14.310756078078196,18.850680843524113,16.12893175950796,16.44709677419355,11.166166849598403,13.535736700766103,9.029153225806452,11.573834948980227,6.664746543778802,16.197741935483872,17.181148336810033,12.425089668853003,15.629548303285539,11.897887306861637,15.682366695432076,13.423262793340474,2572.7725305208937,2155.297554933726,20.37337989437194,582.2693277647629,126.53060533898326,88.14255389180646,855.0162511412487,55.47257342548387,21.009005258064516,18.535785333905167,61.66910276225067,55.03959857126506,357.7689019519549,169.65612759171705,161.2893175950796,16.44709677419355,491.3113413823297,108.28589360612882,72.23322580645161,717.5777668367741,46.653225806451616,16.197741935483872,17.181148336810033,49.70035867541201,46.888644909856616,297.44718267154093,141.1413002588887,134.23262793340473,5.5317927810211565,11511.660777305027
2016-08-01,,,,,,,,,,,,,,,,,9.0,19764.0,889.0,,,20653.0,4570.0,3811.0,15024.0,14678.0,3221.0,825.0,2678.0,44807.0,268255.037,61876.656,41239.87526,20636.78074,-206378.381,8623.12,1812.288,2835.93,0.2,2.0,2789.399,4611.363,7728.38,702.593,1784.697,1976.655,2935.284,156.966,1446.492,1779.562,171.798,2237.619,28320.808,5158.644,1804.641,2140.2580000000003,0.2,2.0,2228.29,4516.0160000000005,6633.503,556.588,1354.245,1721.533,2327.586,148.985,1021.414,1551.168,165.918,1879.044,24104.290000000008,0.0,0.05,5200.404,0.0,1354.074,6871.887,4773.54426,1250.139,10.522,2.648,13986.137,7790.469999999999,269.586,148.192,14.1,286.553,2460.159,560.774,2736.805,1314.301,92611.386,7074.827,0.0,10127.074,1917.99,2372.217,30662.483,22.768,51.054,1497.499,7492.254,0.0,26.668,21.048,354.65500000000003,1.564,44420.2,47978.79,24482.096,72460.886,11980.224,13053.324,25033.548000000003,20624.625,118119.059,38324.838,3892.038,13820.942,11651.249,4123.17,4297.818,20623.82,96733.875,47977.753,4331.579,52309.332,1092.771,268255.037,3464.476,7.647,695.672,0.0,0.0,561.109,95.347,1094.877,146.005,430.452,255.122,607.698,7.981,425.078,228.394,5.88,358.575,4216.518,522.64,6327.69574,6850.33574,81.569,18.518,100.087,4150.34,11100.762740000002,8054.955,4.235,34.792,196.668,40.105,3.093,365.591,8699.439,126.03,710.049,836.079,0.5,20636.78074000001,4658920.0,905770.0,44157624.0,14235040.0,1.2998,1.1206521739130435,1.3101478260869566,2177.4821739130434,18495.18739130435,5217.038260869565,,,37.165836,3.431203,45.843043478260874,45.0,,,20.0,19.0,29.0,32.0,7.0,46.0,,,,,33.0,,36.0,14.0,15.0,31.0,33.0,13.0,19.0,38.0,13.0,20.0,38.0,23.0,5.0,,28.0,25.318181818181817,,,,,,,,,,,,,,,,,,,,,,,,,,,,,,,,,,,,,,,,,,,,,,,,,,0.25,1.25,0.0,0.5,0.0,0.6,0.0,1.0,0.28,7.65,8.05,5.961240340218925,6.692390419080635,6.793073378748746,3.35,7.0,1.85,5.0,5.73,0.0,1.19,4.75,0.51,0.75,0.23,0.2841,0.3,1.0,29.19749,206183.23589,5489544.987439999,0.0,1041302.17670396,331436.266265837,7068495.863789797,410927.97398,683857.32392,2595713.26475,342522.29406999995,0.0,1662736.5641,3.852047925,6762.5124,9949.75974,706.452054638,0.0,1355315.8667272371,7068495.863789801,5350.48369,230887.64479,242236.86751,140518.7674,109962.94297,597.01913,1.3696400000000002,18840.95349,46668.6779,662101.27678,1134.40794,29540.75581,10275.09776,4829.90989,1502946.1747,311107.565041187,1814053.739741187,0.0,29.19749,29.19749,159532.53825,46650.69764,206183.23589,219211.10238,270574.9287,1502946.1747,3496812.78166,5489544.987439999,5695757.42082,1372738.442969797,7068495.863789797,748348.115,827439.39305,843066.9766599999,0.0,30092.89051,117034.92265,502766.12846,0.0,279601.4579,223164.67056,0.0,35790.87408,141754.57735,15627.58361,51222.67674,0.0,27704.17446,164.42685,748348.1150000001,662255.31479,1617011.98613,1531379.59373,34409.71566,51222.67674,2279267.3009200003,1479696.5091800003,1737230.45264,254500.0,893186.4798099999,603764.0,0.0,7892.956,-22112.98317,0.0,-1234.62429,1735995.82835,0.0,24248.89904,-814.13172,-183504.22317,-21467.7181,-74762.14521999979,93.46299297676931,,14.146479166629083,12.17400708534304,19.058853116952584,13.670206156998594,15.374243256482654,11.630643929604208,13.746804877595464,7.410916095768863,20.94816173360785,15.707845036307422,16.225310273238822,19.286141653237205,14.24874738074851,18.608663793136454,16.492801941871274,15.278890272293904,11.88074397912675,13.00737373468187,9.64342741935484,11.984786881357959,6.601935483870967,17.309032258064516,15.93251587759855,13.019012324928276,17.173586996200708,12.172170131491027,15.7758391080406,13.620976331670223,2588.805687493122,2227.8432966177766,19.058853116952584,601.4890709079382,122.99394605186123,93.04515143683366,852.3019024109188,51.876412670382045,20.94816173360785,15.707845036307422,64.90124109295529,57.85842495971161,356.2186845187128,167.4779741382281,164.92801941871275,15.278890272293904,522.752735081577,104.05898987745496,77.14741935483872,743.0567866441935,46.21354838709677,17.309032258064516,15.93251587759855,52.076049299713105,51.520760988602134,304.3042532872756,141.9825519723654,136.2097633167022,5.550735655623632,11551.080899352777
2016-09-01,2942.587467042595,1028.1880213610095,384.399454620021,206.10410701578135,77.70911079980026,44.2942049528685,269.7089469049102,182.65949034487085,15.495421614297571,,2527.3712295560454,0.0,188.2625421888104,415.21623748654974,,545.7661672402252,6.0,16134.0,694.0,,,16828.0,4115.0,4135.0,13568.0,9649.0,1514.0,402.0,2154.0,35537.0,227972.56,77498.68299999999,37169.28021999999,40329.40278,-150473.877,31902.428,1355.689,1884.832,3.651,0.0,3828.458,5706.997,10255.138,685.207,1547.259,2387.743,2789.735,78.672,1554.086,1009.171,244.441,393.891,30480.797999999995,8117.573,1282.645,1749.032,3.612,0.0,3136.192,5613.974,6290.405,554.9110000000001,1243.87,1871.244,2468.195,60.328,1222.056,642.267,244.441,229.409,23577.292,0.002,0.164,5169.1140000000005,0.0,1176.856,7190.945,5286.852220000001,1306.608,14.803,10.6,13922.579,3090.757,344.351,133.869,0.0,213.799,1279.423,451.57,38.446,629.299,91089.988,5931.42,0.0,7314.7,1708.367,1278.107,30425.899,10.887,140.185,1265.435,3274.5260000000003,0.0,3.745,2.0,238.455,3.059,38350.665,47878.253,20971.792,68850.04500000001,9795.222,7881.732,17676.953999999998,14690.122,101217.121,29068.944,3915.258,11785.083,12012.67,3393.76,7186.196,17387.384000000002,84749.295,35928.019,4791.717000000001,40719.736,1286.408,227972.56000000003,23784.855,73.044,135.8,0.039,0.0,692.266,93.023,3964.733,130.296,303.389,516.499,321.54,18.344,332.03000000000003,366.904,0.0,164.482,6903.505999999999,1560.043,6952.085779999999,8512.12878,0.0,17.798000000000002,17.798000000000002,20289.8,28819.72678,6476.335,94.346,30.082,150.17000000000002,25.494,0.839,565.073,7342.339000000001,3932.044,231.893,4163.937,3.4,40329.40278,3180531.0,875017.0,46712231.0,21217662.0,1.3108,1.1217809523809525,1.3140142857142858,2157.6909523809527,18267.402857142857,5254.154285714286,,,44.186971,2.808629,46.567727272727275,47.0,,,,21.0,28.0,28.0,8.0,,,,51.0,,45.0,,33.0,16.0,15.0,28.0,31.0,14.0,14.0,12.0,8.0,18.0,32.0,19.0,,,28.0,24.8,,,,,,,,,,,,,,,,37.66,673.88,154.68,-181.9699999999999,355.59000000000003,126.51,1.3,20.6,0.0,16.6,4.0,20.6,-55.45999999999991,4.62,26.82,0.0,0.0,12.820000000000002,102.03,8.39,0.0,154.68,0.0,43.28,0.0,64.29,27.87,1.91,2.3,355.59000000000003,215.94,712.8399999999999,530.87,530.87,0.25,1.25,0.0,0.5,0.0,0.6,0.0,1.0,0.28,7.65,8.05,5.942330586598287,6.670510058215126,6.74724702657629,3.1,7.0,1.85,5.0,5.86,0.0,1.16,4.75,0.51,0.75,0.21,0.25,0.29,1.0,90.15556,205773.93501,5476697.1156,0.0,1041236.08347249,327793.477811675,7051590.767454165,413709.23047,672037.1834499999,2596688.00031,339594.01711,0.0,1660532.77483,2.4544268,6670.322159999999,9880.65398,993.302158913,0.0,1351482.82855845,7051590.767454162,6392.61951,233400.54977,248031.52024,140475.03814,109056.37946,562.2145300000001,58.45877,18622.70412,41720.19522,644313.53117,1142.47371,29571.40706,10778.60607,4757.51957,1488883.2173400002,307264.73893035,1796147.95627035,0.0,90.15556,90.15556,158378.39728,47395.53773,205773.93501,232436.15446,261826.33844,1488883.21734,3493551.40536,5476697.1156,5682561.20617,1369029.561284165,7051590.767454165,797822.33133,864498.13023,879390.54786,0.0,33397.28947,145406.80789000003,508148.58144,0.0,284870.31728,223278.26416,0.0,35790.87408,141754.57735,14892.417630000002,35201.58567,0.0,31309.78638,164.42685,797822.3313300001,655235.6554400001,1779581.58282,1709970.28149,34409.71566,35201.58567,2434817.23826,1601793.321260001,1878598.139,264000.0,1025683.33141,603764.0,0.0,7892.956,-22742.14841,0.0,-4240.32568,1874357.81332,0.0,24248.89904,-849.03916,-183504.22317,-24822.446030000003,-87637.68273999929,93.7331172339276,,14.41169372996787,12.176891398543404,20.559885891702002,13.678911625959538,15.787950591426853,11.53356672938268,14.094715036048957,8.200092260255651,22.193776953333334,15.33582272564979,16.555699311217367,17.857789177880186,14.891954860494504,18.893880828626052,16.53932750994072,16.514746458814802,11.808756054701178,12.854097807208298,9.4135,11.922146448260454,6.949857142857143,17.016000000000002,18.435826250962933,12.274232618842545,17.122817673851845,12.33501101501184,15.94296853669545,13.852904886451823,2637.3399525841205,2228.371125933443,20.559885891702002,601.8721115422196,126.30360473141482,92.26853383506143,873.8723322350354,57.40064582178956,22.193776953333334,15.33582272564979,66.22279724486947,53.57336753364056,372.2988715123626,170.0449274576345,165.3932750994072,16.514746458814802,519.5852664068518,102.83278245766638,75.308,739.1730797921481,48.649,17.016000000000002,18.435826250962933,49.09693047537018,51.36845302155553,308.375275375296,143.48671683025904,138.52904886451822,5.661475998494163,11781.531552866352
2016-10-01,,,,,,,,,,,,,,,,,8.0,14936.0,636.0,,,15572.0,4255.0,4635.0,17075.0,13099.0,1770.0,417.0,2147.0,43398.0,278611.741,74108.188,54247.20416,19860.98384,-204503.553,9970.938,1279.755,1831.901,1.365,0.0,4173.496,4784.907,5260.823,745.21,1489.554,2904.3540000000003,2492.893,68.766,1892.741,3387.578,347.621,508.38,28056.323,4737.312,1138.294,1644.696,1.365,0.0,3923.428,4784.907,4631.149,452.637,1449.324,2098.2580000000003,2173.647,58.959,1386.416,3168.457,334.396,317.335,24778.913,6432.244,0.068,7341.672,0.0,2082.172,6661.318,7271.139160000001,1417.482,18.724,0.1,13209.721,9812.564,254.627,117.846,0.1,412.599,1940.502,616.2330000000001,5886.693,583.964,100121.473,6821.1140000000005,0.0,7064.433,2057.0,2295.0660000000003,37141.337,30.255,131.988,1423.277,7433.681,0.0,50.969,0.05,399.27,35.279,50998.17199999999,54179.228,26756.854,80936.082,10645.674,10347.399,20993.073,20571.321,122500.476,40622.423,3226.771,10759.89,12227.064,3998.429,8294.525,19053.82,98182.922,49735.85,7248.377,56984.227,944.116,278611.741,5233.626,141.461,187.205,0.0,0.0,250.068,0.0,629.674,292.573,40.23,806.096,319.246,9.807,506.325,219.121,13.225,191.045,3277.41,221.272,8089.59084,8310.86284,0.0,30.413,30.413,1282.248,9623.52384,8467.133,38.528,13.038,228.987,135.8,7.172,842.494,9733.152,424.619,79.68900000000001,504.3080000000001,0.0,19860.98384,4759951.0,1039037.0,38881475.0,8027922.0,1.3251,1.10144,1.23299,2143.0209523809526,18184.546666666665,5255.989047619048,,,41.353955,10.515712,49.522380952380956,51.0,,,,20.0,24.0,23.0,11.0,7.0,29.0,68.0,,,51.0,,30.0,24.0,17.0,30.0,34.0,16.0,10.0,11.0,13.0,20.0,31.0,22.0,,,27.0,25.863636363636363,,,,,,,,,,,,,,,,,,,,,,,,,,,,,,,,,,,,,,,,,,,,,,,,,,0.25,1.25,0.0,0.5,0.0,0.6,0.0,1.0,0.28,7.65,8.05,5.922130996270819,6.678285712270074,6.698767527483147,3.33,7.0,1.85,5.0,5.7,0.0,1.2,4.75,0.49,0.75,0.17,0.25,0.33,1.0,553.3685300000001,203112.21195,5499804.6217,0.0,1041220.65138997,327423.479662687,7072114.333232656,409408.99878,670956.85734,2576191.98352,346552.20673000003,0.0,1700360.15581,2.136406775,6636.28466,10148.69288,834.544907475,0.0,1351022.472198412,7072114.333232662,6389.2298200000005,233169.0691,271119.66663,142463.1511,115623.40134,502.72274,32.39621,29588.92327,39760.42464,655099.6227000001,1159.96404,29243.498420000004,10910.36437,4927.7799,1539990.2142800002,306668.956506412,1846659.170786412,0.0,553.3685300000001,553.3685300000001,158378.19541,44734.01654,203112.21195,220540.78953,257913.4197,1539990.21428,3481360.19819,5499804.6217,5703470.20218,1368644.131052657,7072114.333232657,777871.5038000001,841162.7964100001,855994.0771000001,0.0,36980.811479999975,120546.49584,506090.03766,0.0,284078.05110000004,222011.98656,0.0,35790.87408,141754.57735,14831.28069,35115.58158,0.0,28011.28418,164.42685,777871.5038000001,651218.91631,1764822.33612,1695297.03888,34409.71566,35115.58158,2416041.2524300003,1603054.1670500005,1853837.01761,247930.0,1025683.33141,603764.0,0.0,7892.956,-31433.2698,0.0,-6379.71326,1847457.30435,0.0,24998.89904,-805.67078,-183504.22317,-27514.398870000005,-57577.74351999974,93.24689357104268,,14.126052285109996,11.908240461940764,16.37102889661367,13.231521291146601,14.518717694895397,11.249663675403225,13.612009208621924,8.25558408156682,19.599351338709678,16.77957254095141,16.508082511414493,18.95775620997176,15.000452184611627,19.308948179132525,17.055253121743135,19.322580645161292,11.501627848951612,13.197644626993691,9.108812896939964,11.477335686309978,7.078709677419355,15.32548387096774,17.34805080831536,13.21168326752684,16.88068377039426,12.16624705282006,15.366180231692525,13.560224058519683,2585.067568175129,2179.20800453516,16.37102889661367,582.1869368104504,116.14974155916317,89.9973094032258,843.9445709345592,57.78908857096774,19.599351338709678,16.77957254095141,66.03233004565797,56.873268629915266,375.01130461529067,173.78053361219273,170.55253121743135,19.322580645161292,506.0716253538709,105.58115701594953,72.87050317551972,711.5948125512186,49.55096774193548,15.32548387096774,17.34805080831536,52.84673307010736,50.642051311182776,304.15617632050146,138.29562208523274,135.60224058519685,5.686286704756545,11833.162632598369
2016-11-01,,,,,,,,,,,,,,,,,54.0,69010.0,21192.0,,,90202.0,5957.0,6359.0,19971.0,21312.0,4446.0,1096.0,3661.0,62802.0,311863.958,98843.583,45526.71618,53316.86682,-213020.375,27235.961,2284.876,4169.042,55.192,40.01,3876.747,3987.064,4145.265,1143.592,1418.063,3055.016,4444.47,252.948,1919.668,1913.753,332.137,643.095,27131.818000000007,7605.923,2233.448,3962.714,54.883,40.01,2543.026,3971.012,3188.186,890.658,1148.733,2837.172,3131.601,247.192,1606.036,1700.538,292.141,363.687,21919.982,0.0,0.0,7664.259,0.0,2102.9,5794.831,7471.22118,1605.832,41.508,0.005,13397.548,7448.612,190.083,172.57,0.2,407.28,5648.236,400.683,194.163,435.397,121224.028,6726.484,4.029,7795.156,4326.311,2779.688,47301.701,14.26,314.767,1417.896,520.42,0.0,38.812,73.629,341.931,208.739,57338.154,53513.553,30742.735,84256.288,7243.123,11280.624,18523.747,32436.689,135216.72400000002,69328.802,3370.3160000000003,13279.214,13659.487,4356.234,4546.932,21951.538,130492.523,39292.918,5921.633,45214.551,940.16,311863.9579999999,19630.038,51.428,206.328,0.309,0.0,1333.721,16.052,957.079,252.934,269.33,217.844,1312.869,5.756,313.632,213.215,39.996,279.408,5211.836,1537.125,17838.65482,19375.77982,91.027,151.244,242.271,11456.563,31074.61382,17075.898,11.602,59.937000000000005,231.02,184.968,38.815,3514.587,21116.827,819.356,294.86400000000003,1114.22,11.206,53316.86682,3907334.0,1145491.0,72812624.0,36827759.0,1.3434,1.07918,1.24319,2164.985714285714,18697.326666666668,5260.565238095238,,,42.876743,4.697796,44.73409090909091,51.0,,,,22.0,24.0,29.0,9.0,5.0,58.0,,34.0,,87.0,,33.0,24.0,21.0,31.0,39.0,16.0,12.0,11.0,11.0,18.0,29.0,26.0,,,37.0,28.5,,,,,,,,,,,,,,,,,,,,,,,,,,,,,,,,,,,,,,,,,,,,,,,,,,0.25,1.25,0.0,0.5,0.0,0.6,0.0,1.0,0.28,7.65,8.05,5.905675302854983,6.6464608787872015,6.58991010216943,3.46,7.0,1.68,5.0,5.7,0.0,0.65,4.75,0.51,0.75,0.14,0.25,0.45,1.0,107.89968,199955.95371,5509563.97744,0.0,1041243.25529852,333431.003372462,7084302.089500982,402697.00072000007,665018.62314,2578309.17692,349985.40150000004,0.0,1713617.62855,2.450796925,6479.2755,10092.486,886.869583525,0.0,1357213.176790537,7084302.089500988,6579.92797,232782.61413,261173.14585,141605.69203,118650.31739,514.95039,98.94019,29321.87067,40753.29805,647857.7918,1260.27051,30000.87152,10815.83498,4818.597,1526234.12248,313218.160824075,1839452.2833040748,0.0,107.89968,107.89968,156178.30769,43777.64602,199955.95371,218699.86401,257947.38123,1526234.12248,3506682.60972,5509563.97744,5709627.830829999,1374674.258670982,7084302.089500981,762440.1120799999,829318.1879099999,844200.8119299999,0.0,41737.83926999999,110144.87272,499893.02332,0.0,281989.00636,217904.01696,0.0,35790.87408,141751.57852,14882.62402,37312.70582,0.0,29400.943160000003,164.42685,762440.11208,679687.11574,1691979.3615000003,1620672.9400200003,33993.71566,37312.70582,2371666.4772400004,1571913.659340001,1826383.61248,222430.0,1025683.33141,603764.0,0.0,7892.956,-33386.67493,0.0,-6355.73443,1820027.87805,0.0,25211.893,-704.31902,-183504.22317,-31105.367809999992,-58012.201709999325,94.1112911939492,,14.075710797841475,12.089233178212094,15.496238466808018,13.305539372372609,14.092393654889802,11.430700829166666,13.918829873522075,9.181890791484967,19.942342633333336,16.54446383751767,14.761170347824896,17.237671070464923,14.336960229226424,18.544563316180586,17.092008493274054,20.635333333333335,11.682481513970538,13.178326088578665,9.692916666666667,11.617145161290322,7.366190476190477,16.598,20.393866147037002,11.950575926194395,18.184742170259256,12.288193408776284,15.39087215379421,13.779779532333302,2575.8550760049898,2212.329671612813,15.496238466808018,585.4437323843947,112.73914923911842,91.44560663333333,862.9674521583687,64.27323554039478,19.942342633333336,16.54446383751767,59.044681391299584,51.71301321139478,358.4240057306606,166.90106984562527,170.9200849327405,20.635333333333335,514.0291866147037,105.42660870862932,77.54333333333334,720.263,51.56333333333334,16.598,20.393866147037002,47.80230370477758,54.55422651077777,307.2048352194071,138.51784938414787,137.79779532333302,5.837678175396051,12148.208282999183
2016-12-01,3127.9784312435013,1018.840412937054,426.17867495923326,193.19415968117437,77.90959630612822,52.93483071551945,267.74653703726864,199.2451401662057,14.676033522689533,,2626.960264659348,0.0,248.83819570242835,501.0181665841535,,628.4148502157993,85.0,116629.0,25794.0,,,142423.0,7019.0,5630.0,19914.0,23114.0,6517.0,1638.0,3811.0,67643.0,310212.083,103295.243,35198.056580000004,68097.18642,-206916.84,40463.022,889.418,1820.959,0.098,0.02,4833.879,2789.252,4311.531,661.464,2302.184,1842.802,2574.841,73.27,1999.887,1450.028,284.495,226.352,23349.985,6238.704,883.792,1605.029,0.047,0.02,2387.169,2779.01,2614.904,512.628,1532.309,1293.393,1820.678,70.273,1287.978,1028.986,284.495,20.683,15632.506000000005,138.671,0.0,5769.584,0.0,1142.649,5192.012,4678.64458,829.2760000000001,4.0360000000000005,0.097,14564.914,2878.173,360.963,51.194,0.0,170.894,1059.94,268.41,234.0,732.772,116906.057,5130.609,0.518,6958.783,4073.681,2983.323,43753.019,45.266,341.285,1894.685,614.742,0.0,49.774,13.251,770.1510000000001,0.843,54540.02,58903.754,30000.31,88904.064,9480.029,9745.016,19225.045,25006.366,133135.475,56077.384,7539.145,14203.312,11823.424,2553.949,8339.443,17702.144,118238.801,53502.28,4430.63,57932.91,904.897,310212.083,34224.318,5.626,215.93,0.051,0.0,2446.71,10.242,1696.627,148.836,769.875,549.409,754.163,2.997,711.909,421.042,0.0,205.669,7717.478999999999,2666.381,21522.43942,24188.820420000004,0.0,160.177,160.177,17898.806,42247.80342,20668.716,19.783,30.404,198.718,150.893,244.23,3641.614,24954.358,566.034,318.291,884.325,10.7,68097.18642,2573974.0,1521200.0,95105255.0,51189901.0,1.3339,1.0544619047619048,1.248252380952381,2246.6290476190475,19712.42380952381,5413.116666666667,,,46.385839,3.098879,53.3085,72.0,,,,21.0,20.0,40.0,11.0,,77.0,,,,70.0,,36.0,22.0,18.0,35.0,41.0,13.0,12.0,11.0,13.0,17.0,34.0,28.0,,,28.0,30.95,,19.581071107390684,18.404414367361703,24.10875593708733,10.674935075261214,6.96400781501594,65.2807240809326,38.56619484211086,1.9146279345887232,11.593868079857756,69.19414655307085,60.94088344391804,31.419239830621716,46.11470438755298,41.3338938102069,38.85,749.23,269.04,-191.92999999999995,311.35,232.67,10.5,26.26,9.0,14.56,2.7,26.26,40.74000000000007,4.04,46.17,0.0,0.0,15.08,98.01,105.74,0.0,269.04,0.0,25.51,0.0,47.94,26.91,10.04,2.06,311.35,198.89,798.58,606.6500000000001,606.6500000000001,0.2,1.25,0.0,0.1,0.0,0.5,0.1,1.0,0.28,7.65,8.05,5.889494921225428,6.72700710854614,6.582051206388844,3.1,7.0,1.68,5.0,5.68,0.0,0.65,4.75,0.48,0.75,0.14,0.25,0.51,1.14,593.34279,197968.1071,5542383.69984,0.0,1041280.06552547,320770.0520616,7102995.26731707,411136.9626399999,666143.2424599999,2575896.43182,346210.4257,0.0,1741558.08711,4.713092988,6479.2755,10093.25954,845.645357975,0.0,1344627.224096112,7102995.267317075,6391.83134,235458.67375,266181.75852000003,139669.54119,117607.59076,532.4936700000001,58.85025,40333.0641,41698.08477,637550.9600900001,1136.28899,32085.34604,10705.57091,5346.2481,1534756.30248,300514.102937588,1835270.405417588,0.0,593.34279,593.34279,155004.02545,42964.08165,197968.1071,229182.37264,257452.05945,1534756.30248,3520992.96527,5542383.69984,5740945.14973,1362050.11758707,7102995.26731707,574935.92074,639825.35887,656820.78118,0.0,34108.4645,56679.77157,371494.67020000005,0.0,280913.37324000004,90581.29696,0.0,35790.87408,141751.57852,16995.422309999998,37220.10922,0.0,27504.90206,164.42685,574935.92074,730326.50185,1751145.24377,1679931.41889,33993.71566,37220.10922,2481471.74562,1869315.7156600005,2024737.4903,264430.0,1136313.80691,636164.0,0.0,7892.956,-20063.27261,0.0,-4413.624070000001,2020323.86623,0.0,25341.705,-912.59069,-183504.22317,-32192.17775,40259.1360400002,93.78714208535926,,15.010369488510971,12.678253542620785,19.05802956991527,14.314672746463033,14.907241179198206,11.84961334560168,15.172717795489794,7.240545727758925,21.32277702017839,16.19998465460979,15.096979369208798,22.78146080224964,15.324383233881973,19.306902707422502,16.942005959791597,17.593548387096774,12.449523714807752,12.97792844138885,9.929699993714157,12.789060120538212,6.822350230414746,17.838064516129034,18.481986543620035,11.607989467706036,17.11758251074072,12.354961313045145,16.20374295570686,14.199612400358388,2746.8976163975076,2320.120398299604,19.05802956991527,629.8456008443734,119.25792943358564,94.79690676481344,940.7085033203672,50.68382009431247,21.32277702017839,16.19998465460979,60.38791747683519,68.34438240674893,383.1095808470493,173.76212436680254,169.420059597916,17.593548387096774,547.779043451541,103.8234275311108,79.43759994971326,792.9217274733691,47.75645161290323,17.838064516129034,18.481986543620035,46.43195787082414,51.35274753222216,308.8740328261286,145.83368660136176,141.99612400358387,5.854232749415342,12182.658351533326
2017-01-01,,,,,,,,,,,,,,,,,81.0,119148.0,28597.0,,,147745.0,6867.0,5951.0,19505.0,18983.0,4156.0,1345.0,5411.0,62218.0,258512.74100000004,93937.625,36926.78376,57010.84124,-164575.11600000004,27844.119,846.471,1356.688,9.003,8.24,6927.828,4612.821,6584.919,485.632,1253.241,2497.8,2156.106,140.267,1150.366,1477.045,64.661,1047.659,28398.344999999998,6380.49,823.0,1065.793,8.822000000000001,8.24,3061.868,4583.865,6200.867,344.236,1009.786,1426.993,1689.547,140.267,735.265,1257.707,64.661,762.599,21277.661,0.02,0.015,5084.301,0.0,1376.885,4007.74,4792.88076,1581.443,19.679,32.018,13627.081,6404.7210000000005,283.482,133.098,0.196,204.032,913.757,1121.735,3265.116,483.305,83117.93000000001,4555.322,32.544000000000004,9757.792,2367.78,1016.138,42459.857,47.018,42.065,1446.085,618.164,0.0,24.696,0.724,11.724,103.9,48138.151000000005,49590.02,22783.943,72373.963,10569.97,6944.3330000000005,17514.303,15780.03,105668.296,59744.398,2813.139,9230.688,9192.902,2701.983,3613.292,15315.331,102611.73300000002,44157.443,5208.648,49366.091,866.621,258512.74100000007,21463.629,23.471,290.895,0.181,0.0,3865.96,28.956,384.052,141.39600000000002,243.455,1070.807,466.559,0.0,415.101,219.338,0.0,285.06,7120.683999999999,4327.086,20851.047240000004,25178.133240000003,2.0,109.935,111.935,4492.28,29782.348240000003,23226.062,58.66,23.275,171.542,156.292,15.274,2119.308,25770.413000000008,1307.326,150.648,1457.974,0.106,57010.84124000001,2785697.0,669869.0,69347267.0,3641624.0,1.3183,1.0634947368421053,1.2366736842105264,2275.116,19908.1525,5561.4235,,,48.262731,4.024006,54.57666666666666,64.0,9.0,5.0,,21.0,27.0,30.0,7.0,5.0,67.0,,35.0,,56.0,,56.0,31.0,27.0,58.0,61.0,18.0,20.0,19.0,18.0,31.0,56.0,47.0,5.0,,67.0,33.6,,,,,,,,,,,,,,,,,,,,,,,,,,,,,,,,,,,,,,,,,,,,,,,,,,0.2,1.25,0.0,0.1,0.0,0.5,0.1,1.0,0.25,7.65,8.05,5.864803180979912,6.701828687578536,6.579824208632973,3.4,7.0,1.68,5.0,5.62,0.0,1.19,4.75,0.45,0.75,0.14,0.25,0.51,1.25,144.26191,197666.61664,5537931.08274,0.0,1033109.22730285,318974.3683472621,7087825.556940112,416131.94559,652219.386,2592812.33947,341029.66505,0.0,1733548.62518,4.9198099,6326.60009,10064.04842,758.79180285,0.0,1334929.235527362,7087825.556940111,6611.55246,233469.36884,282757.32743,142747.12908,119249.41549,520.97917,72.21896000000001,40204.3349,42970.58718,626395.2251,965.20232,32066.54606,14231.30672,5298.90974,1547560.10345,299898.90851502505,1847459.0119650248,0.0,144.26191,144.26191,155027.87862,42638.73802,197666.61664,226428.2713,249737.36343,1547560.10345,3514205.34456,5537931.08274,5735741.96129,1352083.595650112,7087825.556940112,542859.09143,611238.86214,626163.95181,0.0,11599.495420000005,79092.73012,343004.18399999995,0.0,281457.4872,61546.6968,0.0,35790.87408,141751.57852,14925.08967,37696.45551000001,0.0,30518.88835,164.42685,542859.0914299999,684897.9187,1722533.56353,1650843.39236,33993.71566,37696.45551000001,2407431.48223,1826875.9352900004,2023161.87713,242580.0,1161128.18191,636164.0,0.0,7892.956,-24603.26078,0.0,-2884.65453,2020277.2226,0.0,25341.705,-841.16803,-183504.22317,-35108.46336,710.86225,94.1112911939492,,14.507752559935199,12.456065417597642,16.799091827824896,14.059119195492132,15.901351724540909,11.458306381326805,14.621902108492,7.923734973723064,20.631472372245778,15.48299621789557,15.076425369114451,18.104340725374296,14.460375487678776,18.205997681751846,16.252048307869753,15.650666666666666,12.136978149931815,12.864699480370337,9.898069980513888,12.506012869701312,7.3033123735291,15.942853281370367,15.518732294074004,12.479305978157361,15.447995278419736,12.286562417244427,15.9006765289547,14.319118141840706,2654.9187184681414,2279.459971420368,16.799091827824896,618.6012446016538,127.21081379632727,91.66645105061444,906.5579307265039,55.46614481606145,20.631472372245778,15.48299621789557,60.305701476457806,54.31302217612289,361.50938719196944,163.85397913576662,162.52048307869754,15.650666666666666,534.0270385969999,102.9175958429627,79.1845598441111,775.3727979214814,51.123186614703705,15.942853281370367,15.518732294074004,49.917223912629446,46.343985835259204,307.16406043111067,143.10608876059229,143.19118141840707,5.921091923564445,12321.79229293761
2017-02-01,,,,,,,,,,,,,,,,,71.0,95874.0,25810.0,,,121684.0,6105.0,5980.0,23700.0,20251.0,3357.0,1194.0,2498.0,63085.0,266450.061,84859.603,38259.534,46600.069,-181590.458,20856.145,1160.135,1674.528,0.214,16.32,6026.698,4108.151,6209.5470000000005,653.713,1638.118,1975.283,2611.237,62.101,1523.788,645.395,313.404,1095.9,26863.335,6983.763,1148.106,1394.126,0.0,4.37,3403.1130000000003,2923.076,5730.165,535.173,1421.781,1570.207,2226.447,38.555,927.971,540.791,297.648,751.284,20366.211000000003,92.51,0.0,7438.351000000001,0.0,1168.531,4331.691,6220.676,1653.544,29.663,0.86,11505.116,5818.592000000001,335.38800000000003,108.577,2.38,149.818,1216.535,482.923,3098.808,424.163,84474.33,14683.299,1.216,9567.476,2299.015,1955.585,56136.942,30.364,121.789,1272.121,7165.151,2.773,61.655,20.653,98.173,0.0,69164.221,44842.452,25743.951,70586.40299999999,10607.077,6642.7480000000005,17249.825,15384.112,103220.34,68309.796,3621.458,12307.771,10411.633,2226.187,4576.591,15562.4,117015.836,38285.385,6968.692,45254.077000000005,959.808,266450.061,13872.382,12.029,280.402,0.214,11.95,2623.585,1185.075,479.382,118.54,216.337,405.076,384.79,23.546,595.817,104.604,15.756,344.616,6497.124000000001,3186.781,16588.86,19775.641,43.5,127.919,171.41899999999998,4558.094,24505.154,19042.358,21.217,69.36,251.748,112.181,4.4750000000000005,1738.986,21240.325,679.802,158.788,838.59,16.0,46600.069,2581389.0,995339.0,45578940.0,28212144.0,1.3109,1.0650210526315789,1.2494631578947368,2329.9105263157894,20424.144210526316,5764.702105263158,,,43.661439,6.263642,54.8695,69.0,,,,22.0,34.0,26.0,7.0,8.0,55.0,53.0,,,60.0,,42.0,26.0,20.0,39.0,45.0,13.0,19.0,20.0,17.0,25.0,48.0,35.0,4.0,,42.0,31.695652173913043,,,,,,,,,,,,,,,,,,,,,,,,,,,,,,,,,,,,,,,,,,,,,,,,,,0.15,1.25,0.0,0.1,0.0,0.5,0.1,1.0,0.2598266223691683,4.0,8.05,5.855067757612118,6.667825076114484,6.5011049868053,3.46,7.0,1.54,5.0,5.92,0.0,1.01,4.75,0.47,0.75,0.11,0.25,0.52,1.25,79.8852,198357.58981000003,5568542.31323,0.0,1033128.06788986,313615.99291116395,7113723.849041024,432482.86471,665648.6458099999,2588345.9705900005,340840.66713,0.0,1739661.64,5.0378513510000005,6166.44781,9987.68102,844.634437363,0.0,1329740.259682313,7113723.849041028,6561.98867,216566.05772,303274.59433,140795.54945,123139.24174,471.81601,41.64418,51121.01082,44837.32869,641580.74177,1008.75412,32047.69514,14381.078710000002,5316.34591,1581143.8472599995,295006.665227051,1876150.5124870504,0.0,79.8852,79.8852,156893.39377000002,41464.19604,198357.58981000003,225911.75867,246923.54311000003,1581143.84726,3514563.16419,5568542.31323,5766979.788240001,1346744.060801024,7113723.849041024,551616.8214900001,617248.3123000001,637133.8177700001,0.0,24235.195830000004,71947.49955,343549.03924,0.0,282045.24244,61503.7968,0.0,35790.87408,141725.7036,19885.50547,37688.7864,0.0,27778.27756,164.42685,551616.82149,686514.87595,1731123.90431,1659441.40225,33993.71566,37688.7864,2417638.7802600004,1828333.1723700005,2010890.60657,220540.0,1161227.43941,636164.0,0.0,7892.956,-14933.78884,0.0,-75.28141999999986,2010815.32515,0.0,28841.705,-1230.86657,-183504.22317,-39204.85193,12616.083890000104,93.7331172339276,,14.399777141538573,12.530333415831244,21.236399379668892,14.292724639259065,16.604465053230083,11.712940264579707,14.380739685798938,7.425647119417989,20.16062563427889,18.428800854347163,15.938860975512045,16.30372921831712,13.669313162254722,18.003109330227772,15.990142942250909,17.164074074074076,12.147069017008043,13.541195834403261,10.09763888888889,12.60159904141179,6.545079365079364,18.092222222222222,16.115910187325042,12.399947440874438,17.227051813360763,12.299616986571179,16.050908205743,13.775285423617252,2635.159216901559,2293.0510150971177,21.236399379668892,628.8798841273989,132.83572042584066,93.70352211663766,891.6058605195342,51.97952983592592,20.16062563427889,18.428800854347163,63.75544390204818,48.911187654951355,341.7328290563681,162.02798397204992,159.9014294225091,17.164074074074076,534.4710367483539,108.32956667522609,80.78111111111112,781.2991405675309,45.815555555555555,18.092222222222222,16.115910187325042,49.59978976349775,51.68115544008229,307.49042466427954,144.45817385168698,137.7528542361725,5.751620696330709,11969.122669064205
2017-03-01,3194.887344607234,1038.9144799397354,433.7032865434242,188.08869332933352,74.01846964522508,56.38051060908693,317.3950505765198,184.2279776340725,14.972346192271475,,2646.640584916351,8.404877874195472,299.2333935735276,548.2467596908825,,579.5482586898414,76.0,86092.0,22748.0,,,108840.0,6024.0,7305.0,25589.0,20929.0,3107.0,799.0,1972.0,65725.0,266513.92100000003,81303.619,38674.981,42628.638,-185210.30200000005,21977.241,1874.143,1457.951,0.35,0.29,5880.005,3120.962,4248.612,672.11,1688.294,2636.401,2736.248,36.895,1995.44,1769.841,377.564,761.707,25924.079,6997.311,1855.869,1382.276,0.072,0.29,3388.645,2946.909,4008.886,354.205,1488.276,2181.475,2312.792,23.346,1528.229,1411.842,377.564,345.623,20367.792,0.0,11.043,7671.391,0.0,2149.448,5122.2660000000005,5954.405,1750.378,23.225,1.775,12294.23,3696.8200000000006,442.768,267.397,1.148,429.992,1414.295,514.086,43.946,583.188,104044.171,6161.433,0.0,6295.496,1924.427,1910.055,39323.858,6.056,185.958,1284.386,790.282,0.0,33.603,0.05,64.19,5047.0,50569.865,59081.336,28473.75,87555.08600000001,9135.896,8593.192000000001,17729.088000000003,17426.842,122711.01600000002,43092.972,5652.763,12227.822,12514.359,3014.259,7118.018,17653.845,101274.038,37117.031,4804.884,41921.915,606.952,266513.921,14979.93,18.274,75.675,0.278,0.0,2491.36,174.053,239.726,317.90500000000003,200.018,454.926,423.456,13.549,467.211,357.999,0.0,416.084,5556.287,2999.469,14482.007,17481.476,106.73,55.164,161.894,4042.141,21685.511,19207.339,17.704,24.281,99.974,100.638,355.285,563.029,20368.25,393.871,180.706,574.577,0.3,42628.638,3222325.0,979570.0,81862558.0,37741999.0,1.3387,1.069104347826087,1.2347304347826087,2366.822173913043,20823.05782608696,5864.963913043479,,,41.603743,4.62129,51.589130434782604,67.0,13.0,5.0,,23.0,31.0,25.0,6.0,10.0,67.0,,,,66.0,,41.0,22.0,21.0,44.0,45.0,14.0,18.0,22.0,14.0,22.0,41.0,35.0,4.0,,48.0,29.333333333333332,,19.626308461323152,18.432820160749618,22.816995283829016,10.780673305384902,6.728700323687793,65.70891630415916,40.07506521393381,1.3620210399796178,8.159032836360854,70.07194355981969,69.94049844704905,30.96794716529343,44.61987869971098,42.913665835311605,65.93,884.4499999999999,330.8040000000001,72.0740000000003,520.97,152.71,1.7,172.38000000000002,0.8,164.28,7.3,172.38000000000002,224.7840000000003,9.87,127.79700000000004,0.0,0.0,15.56,162.874,14.703000000000015,0.0,330.8040000000001,0.0,117.25,0.0,76.63,32.91,17.35,2.83,520.97,274.0,952.08,1024.1540000000002,1024.1540000000002,0.01,1.25,0.0,0.0,0.0,0.5,0.0,1.0,0.26,4.0,8.05,5.850694493100136,6.633818705194459,6.463250506988088,3.09,7.0,1.54,5.0,6.13,0.0,1.05,4.75,0.54,0.75,0.02,0.25,0.74,1.38,101.84239,197983.64672,5530164.433060001,0.0,1033095.10569326,307222.041120675,7068567.068983937,410006.16304,666905.94389,2570508.1945400005,331882.4781700001,0.0,1748947.14253,5.119623638,6085.97483,9929.87192,653.913742987,0.0,1323642.266697312,7068567.068983937,6751.43804,212556.60698,302062.02033,140294.15234,106832.77183,488.14392,60.18061,50982.34725,45144.36845,640176.61609,946.15579,32157.87328,14256.86577,5210.00024,1557919.5409199998,288807.409154688,1846726.950074688,0.0,101.84239,101.84239,155686.85329,42296.79343,197983.64672,217707.57597,243177.31214,1557919.54092,3511360.0040300004,5530164.433060001,5728249.92217,1340317.146813935,7068567.068983935,600602.7384300001,674000.8683000001,691728.0888100001,0.0,27057.03439,124713.86713,344697.13496000005,0.0,283190.53816000005,61506.5968,0.0,35790.87408,141741.95774,17727.22051,38232.13491,0.0,35001.56811,164.42685,600602.7384299999,670765.13825,1889048.58639,1816822.73582,33993.71566,38232.13491,2559813.72464,1920978.851300001,2097781.2374700005,225740.0,1249766.6136800002,636164.0,0.0,796.867,-14686.24321,0.0,-7499.034570000001,2090282.2029000008,0.0,28928.24701,-1138.7751200000002,-183504.22317,-29313.197620000003,15724.59730000019,93.40896812533764,,15.417017456950623,13.123036070802314,23.144857754483215,15.427299407847755,16.740447456803622,11.820014255543944,15.689588805186775,8.139589640315528,22.763364964285717,18.1531887901975,14.571068033694056,19.301219355065832,14.827919384344904,18.243554233687746,16.915837915334116,16.87142857142857,12.79947757336129,13.492315563397783,10.180164264836309,13.463697911899642,8.049977543066893,18.08341423003968,19.290685324563466,12.176509920922566,17.820504687671953,12.991896909023794,15.796818497059046,13.447776469194398,2821.3141946219644,2401.5156009568236,23.144857754483215,678.8011739453012,133.92357965442898,94.56011404435155,972.7545059215801,56.977127482208694,22.763364964285717,18.1531887901975,58.284272134776224,57.9036580651975,370.69798460862256,164.19198810318971,169.15837915334117,16.87142857142857,563.1770132278967,107.93852450718227,81.44131411869047,834.7492705377778,56.34984280146825,18.08341423003968,19.290685324563466,48.706039683690264,53.461514063015855,324.79742272559486,142.1713664735314,134.47776469194397,6.15227763543693,12802.889759344254
2017-04-01,,,,,,,,,,,,,,,,,55.0,76899.0,9499.0,,,86398.0,5061.0,5197.0,25576.0,19341.0,2618.0,561.0,1818.0,60172.0,241648.116,67230.134,42667.889,24562.245,-174417.98200000002,14186.772,1336.952,1436.498,175.525,5.0200000000000005,3250.9300000000003,4365.929,5072.155,764.815,2073.024,1175.056,3776.888,45.497,1452.451,1005.492,66.394,158.334,23206.965,9938.261,1311.93,1125.592,175.525,5.0200000000000005,2971.346,4068.099,4853.1810000000005,563.9,1677.364,972.102,2855.547,44.384,1003.352,551.78,66.394,49.49,19676.939,0.0,0.0,7165.682,0.0,1278.156,4073.666,3662.547,1619.407,29.604,0.194,17832.193,7006.4400000000005,331.55400000000003,113.718,0.0,215.189,2208.673,377.732,3168.38,591.194,87611.24,4679.889,0.197,6652.771,2293.675,2330.827,42272.666,9.144,129.2,988.275,559.824,0.067,25.227,0.0,570.606,10332.008,59511.519,51144.274,22442.307,73586.581,5032.578,7700.475,12733.053,15255.703,101575.337,55983.49,3854.135,10498.395,10900.178,1584.183,7508.964,13561.763,103891.108,31112.891,4422.8150000000005,35535.706,645.965,241648.116,4248.511,25.022,310.906,0.0,0.0,279.584,297.83,218.974,200.915,395.66,202.954,921.341,1.113,449.099,453.712,0.0,108.844,3530.026,969.425,4824.16,5793.585,0.0,33.42,33.42,2277.121,8104.126,14865.661,5.774,423.657,90.031,95.361,13.717,433.642,15927.843,399.999,129.977,529.976,0.3,24562.245,3243208.0,1022123.0,85758387.0,25745131.0,1.3437,1.07138,1.263925,2359.3094736842104,20684.693684210524,5912.169473684211,,,39.252787,3.664631,52.30789473684211,60.0,14.0,,,19.0,24.0,30.0,7.0,11.0,55.0,61.0,,,58.0,,36.0,21.0,17.0,37.0,35.0,15.0,13.0,15.0,15.0,20.0,37.0,33.0,,,33.0,28.956521739130434,,,,,,,,,,,,,,,,,,,,,,,,,,,,,,,,,,,,,,,,,,,,,,,,,,0.01,1.25,0.0,0.0,0.0,0.5,0.0,1.0,0.26,4.0,8.05,5.826927642388453,6.715167360725053,6.403889379264796,3.48,7.0,1.54,5.0,5.72,0.0,1.16,4.75,0.52,0.75,0.07,0.25,0.8,1.5,8.23745,199150.91373,5546349.6423700005,0.0,1033003.34449826,301941.826562314,7080453.964610575,405792.25896000006,669020.31883,2579609.66256,340058.01549,0.0,1751028.5377099998,5.561136526,5986.02483,9878.68498,839.864962987,0.0,1318235.035151063,7080453.964610575,6764.01516,209332.60132,307832.88573000004,141700.7698,101389.81481,481.56043,72.28356,50888.31885,47965.62798,643961.7830800001,919.90551,32744.51674,14005.42709,5055.31075,1563114.82081,283346.923169689,1846461.743979689,0.0,8.23745,8.23745,155686.86585,43464.047880000006,199150.91373,212123.96191,241855.99833,1563114.82081,3529254.86132,5546349.6423700005,5745508.7935500005,1334945.171060574,7080453.964610575,644012.7213300001,713773.2744300001,733059.4392200001,0.0,20082.21047,171382.30177999998,344775.93036,0.0,283118.73356,61657.1968,0.0,35790.87408,141741.95774,19286.16479,42334.128410000005,0.0,27261.997840000004,164.42685,644012.7213300001,686194.2785,1937571.22585,1861143.38178,34093.71566,42334.128410000005,2623765.50435,1937418.6546100008,2103361.36247,262280.0,1248621.18213,636164.0,0.0,796.867,-44500.68666,0.0,-2465.39985,2100895.96262,0.0,29035.640730000003,-1040.50352,-183504.22317,-32690.18053,24721.95848000026,92.92274446245273,,15.004671851956138,12.673857570609382,20.361255870851,14.403319333475702,15.864593879831423,11.932525081462751,15.32200987314801,8.203810554761905,21.265630260851005,17.572516016430118,14.940666336445478,20.23585828630415,14.67565845317346,17.941547338996426,17.430563079304772,15.078000000000001,12.528989674531143,13.12715620549534,9.909431627694442,12.704197616808242,7.369095238095238,18.029853281370368,17.845012865666636,12.097742592861062,17.515657656530855,12.505607256736281,15.814275128304498,13.764430110662925,2745.854948907973,2319.3159354215168,20.361255870851,633.7460506729309,126.91675103865138,95.46020065170201,949.9646121351767,57.426673883333336,21.265630260851005,17.572516016430118,59.76266534578191,60.70757485891245,366.8914613293365,161.47392605096783,174.30563079304775,15.078000000000001,551.2755456793703,105.01724964396271,79.27545302155553,787.660252242111,51.583666666666666,18.029853281370368,17.845012865666636,48.39097037144425,52.546972969592574,312.64018141840705,142.32847615474049,137.64430110662926,5.968959703223164,12421.405142407406
2017-05-01,,,,,,,,,,,,,,,,,16.0,20838.0,1099.0,,,21937.0,4152.0,5258.0,20185.0,14657.0,2120.0,471.0,1799.0,48642.0,269237.226,64432.264,42347.422,22084.842,-204804.96200000003,13365.296,1479.536,2156.699,165.68200000000002,81.14,3363.178,3360.7000000000003,5875.493,953.334,1966.099,1446.702,2702.681,106.473,1470.425,1584.393,625.869,881.48,24336.827,9602.713,1428.007,1972.998,165.68200000000002,81.14,2721.678,3300.381,4811.2210000000005,822.177,1333.45,1093.08,2031.864,84.074,1095.224,1486.152,585.873,529.034,19894.208,200.386,0.138,7773.392,0.0,1487.716,5572.412,6713.606,1159.445,17.68,0.525,16098.346,3323.7759999999994,274.684,145.494,11.982,120.906,1809.031,348.222,39.72,573.737,90731.958,6376.77,0.0,9180.771,2598.419,3920.885,40375.093,23.318,269.313,1440.121,661.748,0.0,47.849,0.3,374.876,5220.661,54932.583,58976.275,28428.473,87404.748,8568.987000000001,8382.765,16951.752,19002.984,123359.484,39663.268,3961.993,11636.369,13218.103,2992.731,6321.901,17265.718,95060.083,46226.42,3521.687,49748.107,1069.552,269237.226,3762.583,51.529,183.701,0.0,0.0,641.5,60.319,1064.272,131.157,632.649,353.622,670.817,22.399,375.201,98.241,39.996,352.446,4442.619,376.44,6669.3910000000005,7045.831,63.459,33.723,97.182,2738.893,9881.906,10010.366,22.964,207.972,99.305,77.063,1.413,1041.61,11460.693,561.958,171.485,733.443,8.8,22084.842,3446490.0,1297368.0,137452066.0,23366734.0,1.3606,1.1049863636363637,1.292890909090909,2395.345909090909,20936.811363636363,6124.878181818182,,,32.956455,4.555482,50.326521739130435,59.0,28.0,4.0,,21.0,28.0,31.0,12.0,22.0,,,36.0,,57.0,,36.0,18.0,20.0,33.0,36.0,13.0,13.0,24.0,9.0,19.0,36.0,28.0,,,38.0,27.0,,,,,,,,,,,,,,,,,,,,,,,,,,,,,,,,,,,,,,,,,,,,,,,,,,0.01,1.25,0.0,0.0,0.0,0.5,0.0,1.0,0.18,4.0,8.05,5.804912126012127,6.6951668609195485,6.408414991244276,3.27,7.0,1.54,5.0,5.65,0.0,1.14,4.75,0.52,0.75,0.06,0.25,0.89,1.5,196.52217,193410.88239,5540609.18138,0.0,1033107.44074326,296857.64331052604,7064181.669993786,409019.65411,667295.3476,2576114.43222,334231.6075200001,0.0,1747555.54449,5.19684445,5823.93442,9817.39298,849.204722987,0.0,1313469.3550863508,7064181.669993787,7007.62342,212195.33044,302784.44771,142224.31258000003,100457.23085,493.59253,26.67261,61405.31686,48565.90731,649004.8767,917.90231,31451.27201,14040.88671,5214.223099999999,1575789.5951400003,278875.578534401,1854665.1736744011,0.0,196.52217,196.52217,151363.43134,42047.45105,193410.88239,208290.22555,237588.20157,1575789.59514,3518941.15912,5540609.18138,5734216.58594,1329965.084053786,7064181.669993786,637466.73146,705997.12902,722621.98599,0.0,26531.91799,157073.87285999997,344878.36936,0.0,283150.77256,61727.5968,0.0,35790.87408,141722.09472999998,16624.85697,40525.82001,0.0,27840.1507,164.42685,637466.73146,688082.1474,2014379.46234,1939759.92667,34093.71566,40525.82001,2702461.60974,2024469.0582700004,2114837.4562,293790.0,1247447.91192,581064.0,0.0,796.867,-8261.32272,0.0,-2833.21442,2112004.24178,0.0,29091.53709,-843.05308,-183504.22317,-35968.04909000001,103688.60474000026,93.67909238249597,,15.029861615132187,12.750146537333757,21.60315347179129,14.714110112342764,17.124157124514277,11.862178566070686,15.075400463732,9.0872598640553,22.442572551086666,14.808138711027205,15.227850743809654,19.68514787314108,14.576359894416774,18.179171055143623,16.60252491163789,16.909535433584225,12.726464803669762,13.62128502500445,10.249279019686378,12.660688030054342,8.766154831525856,18.640645161290323,19.595380494301065,12.587805760170205,16.943388962353627,12.360157726291026,15.119923606455568,13.461190429673799,2750.46467556919,2333.276816332077,21.60315347179129,647.4208449430816,136.9932569961142,94.89742852856548,934.674828751384,63.6108190483871,22.442572551086666,14.808138711027205,60.911402975238616,59.05544361942323,364.4089973604193,163.61253949629264,166.0252491163789,16.909535433584225,559.9644513614695,108.9702802000356,81.99423215749103,784.9626578633691,61.363083820681,18.640645161290323,19.595380494301065,50.35122304068082,50.83016688706088,309.0039431572756,136.07931245810013,134.611904296738,6.143234304954954,12784.07058861126
2017-06-01,2961.268498151437,1017.0691706083662,372.9300078308436,200.10823197267345,76.8967832649093,60.58136629019963,273.7131314283391,183.6105427827532,15.02753955885361,,2510.4692105338654,5.360585250995328,201.2467932936238,450.7992876175719,,554.7243458698803,11.0,21683.0,654.0,,,22337.0,4041.0,4834.0,18654.0,12709.0,2021.0,435.0,2263.0,44957.0,269815.547,76015.263,48659.104,27356.159,-193800.284,15697.009,1102.337,2950.246,0.0,0.0,5311.251,2662.876,6656.104,594.439,1085.165,2023.168,2885.356,65.96000000000001,1931.621,1307.998,426.781,1087.483,26038.202,5951.385,1090.868,2524.676,0.0,0.0,3536.539,2585.51,6310.982,535.953,905.143,1037.217,2520.314,55.663,1400.025,1133.359,426.531,575.4350000000001,21022.671,0.0,0.0,6350.497,0.0,1640.983,4761.008,7617.847,1365.206,13.326,3.2,11711.334,15195.703,162.395,126.868,0.12,345.54200000000003,10607.061,319.716,3104.24,529.761,108431.716,6192.301,1.344,7911.136,2955.227,1917.409,34771.067,9.556,230.762,1074.282,589.668,0.0,40.168,0.148,244.438,6826.236,48658.961,56754.828,25163.742,81918.57,7195.411,9430.33,16625.741,16579.498,115123.809,38903.14,4258.465,13866.491,13454.057,2326.605,7605.31,19952.761,100366.82899999998,48924.67,4288.094,53212.764,1112.145,269815.547,9745.624,11.469,425.57,0.0,0.0,1774.712,77.366,345.122,58.486,180.022,985.951,365.042,10.297,531.596,174.639,0.25,512.048,5015.530999999999,2474.997,8117.778,10592.775,264.74,35.186,299.926,7459.992,18352.693,7993.353,4.922,28.202,111.137,66.019,0.45,306.76,8510.843,296.46500000000003,190.46,486.92500000000007,5.698,27356.159,4204943.0,1303465.0,110894350.0,80709815.0,1.3295,1.1233,1.281031818181818,2433.9854545454546,21317.795454545456,6224.28590909091,,,49.184099,3.702579,46.36818181818182,54.0,16.0,,,26.0,34.0,32.0,5.0,31.0,50.0,,32.0,,50.0,,35.0,17.0,17.0,35.0,34.0,14.0,13.0,22.0,11.0,17.0,40.0,29.0,4.0,,33.0,27.125,,19.80068541148967,18.594309967225108,22.80820378932521,10.816269084458884,6.764159597222733,65.87219560053235,39.73296936903791,1.5356857139409703,9.06726480478688,69.90860411756135,67.96385851459047,30.657654558659495,44.994941832426,41.15787503474711,50.0,756.5999999999999,236.50000000000003,-135.4999999999999,417.7,239.5,6.2,23.1,0.0,19.1,4.0,23.1,104.00000000000011,10.8,78.9,0.0,0.0,10.4,131.8,4.6,0.0,236.50000000000003,0.0,67.1,0.0,64.0,35.0,13.8,1.8,417.7,236.0,812.8,677.3000000000001,677.3000000000001,0.01,1.25,0.0,0.0,0.0,0.5,0.0,0.4,0.18,4.0,8.05,5.786089929408136,6.675999804973049,6.389569500840999,3.09,7.0,1.54,5.0,5.65,0.0,1.2,4.75,0.65,0.75,0.08,0.25,0.98,1.63,17.75571,190246.5687,5546901.57123,0.0,1024783.66508076,291877.31124075205,7053826.871961512,414020.46905,671190.45951,2573781.16519,333635.6137,0.0,1744538.18819,5.490614326,5743.31984,9763.09182,753.605162987,0.0,1300395.468884201,7053826.871961513,7301.77901,216252.74165,313437.09175,143649.19298,100044.76948,476.50742,2.2320100000000003,61421.80777000001,50231.57429,646118.2049,865.7174,31545.95632,13918.345039999998,5317.29194,1590583.2119600002,274875.692595826,1865458.9045558264,0.0,17.75571,17.75571,150162.51883000002,40084.04987,190246.5687,201417.8467,233448.98739,1590583.21196,3521451.52518,5546901.57123,5737165.89564,1316660.976321512,7053826.871961512,526841.84489,596328.8916,611961.45669,0.0,18516.98195,60361.35059999999,345723.08002000005,0.0,284226.58322000003,61496.4968,0.0,34621.56729,137105.91174,15632.56509,40679.04604,0.0,28643.57382,164.42685,526841.8448900002,673363.60199,1787892.51472,1713353.7530200002,33859.71566,40679.04604,2461256.11671,1893735.22578,2075852.30653,238700.0,1302138.79443,581064.0,0.0,796.867,-46847.354900000006,0.0,-3316.4687699999995,2072535.83776,0.0,29142.27944,-3585.295,-177509.04313,-41318.78794,14470.234649999857,94.16531604538088,,15.538778762511761,13.17332039669618,24.926963754047357,15.222387630906418,17.337978825499373,11.924560235395877,15.550464931021462,9.661543900698735,22.625016379310342,13.72824083480058,14.893743827842851,19.99351073471901,15.231056993306854,18.955717010572954,17.573790585287156,18.71502063590038,13.056412534298154,14.45002545890802,10.44996205552682,13.15105806104808,8.026748768472906,18.567241379310346,21.662303287011483,12.591954460162787,16.741121462796908,12.999538541451328,15.625004951864597,14.033348417218354,2843.5965135396527,2410.717632595401,24.926963754047357,669.7850557598823,138.703830603995,95.39648188316701,964.1288257233307,67.63080730489115,22.625016379310342,13.72824083480058,59.574975311371404,59.98053220415703,380.7764248326713,170.60145309515661,175.73790585287156,18.71502063590038,574.4821515091187,115.60020367126415,83.59969644421456,815.3655997849808,56.18724137931035,18.567241379310346,21.662303287011483,50.36781784065115,50.22336438839073,324.9884635362832,140.62504456678136,140.33348417218355,6.15891367616652,12816.69936010253
2017-07-01,,,,,,,,,,,,,,,,,6.0,13760.0,667.0,,,14427.0,4307.0,4233.0,17372.0,18025.0,5337.0,1473.0,4113.0,54860.0,227240.5,73312.629,43909.427,29403.202,-153927.87099999998,18828.892,2101.087,865.907,7.1240000000000006,3.676,4660.851,5044.946,10599.396,624.004,1395.433,2127.78,3005.703,13.982,3194.048,1178.527,446.331,916.032,33207.033,7157.377,2095.033,690.5070000000001,7.1240000000000006,3.676,2978.837,4831.253,9990.086,492.348,985.68,1479.043,2319.684,13.982,1515.231,1043.914,434.211,684.9970000000001,26769.266000000003,0.04,0.0,8455.434,0.0,2220.804,5649.856,4600.852,876.561,51.967,0.4,13503.685,8549.828000000001,110.664,101.864,22.822,366.49,546.123,351.18600000000004,6038.7970000000005,1011.882,74012.023,5164.534000000001,0.0,5764.656,2309.793,1150.667,38868.317,29.908,69.753,972.108,802.379,0.95,26.364,17.282,595.994,5090.142,49933.657,47242.242,26449.329,73691.571,6907.150000000001,7350.295,14257.445,14349.904,102298.92,41476.391,2790.6130000000003,13455.067,10559.949,2370.247,3188.264,15981.947,89822.478,30825.693,3623.648,34449.341,669.761,227240.5,11671.515,6.054,175.4,0.0,0.0,1682.014,213.693,609.3100000000001,131.656,409.753,648.737,686.019,0.0,1678.817,134.613,12.12,231.035,6437.767000000001,2600.466,14081.251,16681.717,269.336,60.497,329.833,1861.341,18872.891,8238.873,32.417,58.065,178.92600000000002,183.176,24.152,629.874,9345.482999999998,945.151,239.677,1184.828,0.0,29403.202,3288362.0,1142604.0,85691464.0,7719782.0,1.269,1.153015,1.2996349999999999,2454.1025,21581.251,6294.674,,,41.398027,3.780829,48.47857142857143,54.0,14.0,,,21.0,28.0,32.0,11.0,61.0,46.0,,,,61.0,,39.0,19.0,18.0,40.0,37.0,15.0,16.0,38.0,13.0,21.0,44.0,31.0,,,43.0,31.90909090909091,,,,,,,,,,,,,,,,,,,,,,,,,,,,,,,,,,,,,,,,,,,,,,,,,,0.01,1.25,0.0,0.0,0.0,0.5,0.0,0.4,0.1491286709417661,4.0,8.05,5.739353956514158,6.639753280999614,6.346420626409262,3.48,7.0,1.54,5.0,5.63,0.0,1.25,4.75,0.73,1.0,0.0,0.25,1.07,1.75,305.64774,187356.59561,5561526.77823,0.0,1024781.22783528,291262.656935602,7065232.906350883,408565.26578,679136.9099300001,2570656.191,332652.25785,0.0,1758178.39702,5.749290463,4933.22784,10263.1101,739.08152,0.0,1300102.716020414,7065232.906350877,6934.409269999999,216349.46121,319238.40936,139765.50048,97918.89059,493.57496,47.56331,61021.82798,49722.88665,665297.39061,737.54134,31678.746440000003,14899.4352,5373.30774,1609478.9451399995,273818.310363701,1883297.2555037008,0.0,305.64774,305.64774,150162.35761,37194.238,187356.59561,194550.97405,230911.15403,1609478.9451400002,3526585.70501,5561526.77823,5749189.02158,1316043.884770882,7065232.906350883,502882.18643000006,572840.98059,587879.2684200001,0.0,12403.64173,84295.39304999998,304414.4667800001,0.0,283452.46998000005,20961.9968,0.0,34621.56729,137105.91174,15038.28783,40894.20677,0.0,28900.16054,164.42685,502882.18643000006,705409.98543,1744375.15415,1669621.23172,33859.71566,40894.20677,2449785.13958,1906008.74638,2093378.89212,263800.0,1294198.19443,581064.0,0.0,796.867,-46480.169310000005,0.0,-594.2836499999999,2092784.60847,0.0,29194.7132,-3383.50982,-177509.04313,-46776.56697,11698.544629999877,95.35386277687736,,14.722382015328627,12.52791369248957,20.228149716430114,14.295673591485862,15.824422635812796,11.750746651038403,14.810748817885981,8.924189355151634,21.89737823612289,15.696966934869463,16.296075551846783,19.642517355839225,14.40144964789309,17.239610041365772,16.67220835580124,17.628853281370368,12.381624839037038,13.612742917629602,9.970546653675926,12.50846967239068,6.998095238095238,18.2681866147037,17.859532813703666,12.257492592861063,16.538759757506156,12.25992087336443,15.397955238004094,13.715616855274043,2694.1959088051385,2292.6082057255912,20.228149716430114,629.009638025378,126.59538108650237,94.00597320830722,918.2664267089309,62.46932548606144,21.89737823612289,15.696966934869463,65.18430220738713,58.927552067517674,360.0362411973273,155.15649037229193,166.7220835580124,17.628853281370368,544.7914929176296,108.90194334103681,79.76437322940741,775.5251196882222,48.986666666666665,18.2681866147037,17.859532813703666,49.02997037144425,49.61627927251847,306.4980218341108,138.58159714203686,137.1561685527404,5.652212294474977,11762.25378480243
2017-08-01,,,,,,,,,,,,,,,,,7.0,19558.0,854.0,,,20412.0,4051.0,3872.0,19674.0,18137.0,3275.0,691.0,2237.0,51937.0,261739.944,75332.02799999999,39673.657,35658.371,-186407.91600000003,26259.703,1081.642,821.285,3.019,0.02,4085.74,5025.817,3650.372,946.729,1270.636,1903.982,3007.329,124.231,1624.411,1069.305,418.047,685.192,23811.791,11035.801,1081.642,650.146,3.019,0.02,2325.114,4933.456,2906.303,643.004,925.323,1650.932,2395.382,124.231,1179.918,840.343,398.725,408.352,18731.083,160.048,0.04,6482.97,0.0,1279.5,4857.155,5000.303,879.846,7.761,2.45,13722.171,7281.413,214.72,119.396,0.0,499.361,5013.698,489.898,40.326,904.014,105563.642,4877.606,1.611,5383.111,2122.33,3828.758,44719.486,16.575,52.502,780.362,621.65,16.236,17.95,268.722,185.554,4509.991,57140.116,52366.245,25537.666,77903.91100000001,6219.299,12783.724,19003.023,17008.574,113915.508,47242.368,3580.487,15746.735,10288.647,3155.053,6660.845,17917.093,104591.228,37598.982,4842.689,42441.671,791.537,261739.944,15223.902,0.0,171.139,0.0,0.0,1760.626,92.361,744.069,303.725,345.313,253.05,611.947,0.0,444.493,228.962,19.322,276.84000000000003,5080.708000000001,2924.74,15322.204,18246.944,0.0,102.771,102.771,5555.754,23905.469,10005.358,13.398,49.422,171.709,267.26,21.023,782.093,11310.263,326.109,115.854,441.963,0.676,35658.37100000001,2274776.0,1381151.0,48765462.0,5368879.0,1.2608,1.1812913043478261,1.2951782608695652,2456.223043478261,21914.07695652174,6311.397391304348,,,51.049769,3.82032,51.70434782608696,64.0,26.0,4.0,,16.0,25.0,34.0,10.0,64.0,45.0,,,,61.0,,42.0,22.0,20.0,44.0,37.0,14.0,47.0,100.0,10.0,22.0,42.0,29.0,,,45.0,35.78260869565217,,,,,,,,,,,,,,,,,,,,,,,,,,,,,,,,,,,,,,,,,,,,,,,,,,0.01,1.25,0.0,0.0,0.0,0.5,0.0,0.4,0.1595183699971951,4.0,8.05,5.711930274279176,6.606187170868051,6.283530975518879,3.31,7.0,1.54,5.0,5.5,0.0,1.3,4.75,0.71,1.0,0.0,0.25,1.01,1.75,29.25244,187615.64651,5604228.32139,0.0,1024779.424905,299064.730033538,7115717.375278539,422951.3077,681258.4382600001,2593354.53349,333853.07621,0.0,1760455.86468,5.818535463,4774.37628,14207.54072,793.0099600000001,0.0,1304063.409443075,7115717.375278538,7099.66449,218213.51409,322849.47529000003,142888.89172,98741.40095,504.31214,-9.56041,60801.87976,50894.90371,688709.45125,1059.73171,31817.65185,14841.29667,5408.04686,1643820.66008,278087.615003613,1921908.275083613,0.0,29.25244,29.25244,150162.0447,37453.60181,187615.64651,192443.14873,228031.52991,1643820.6600799998,3539932.9826700003,5604228.32139,5791873.22034,1323844.154938538,7115717.375278538,473500.88617,541498.55918,559133.22422,0.0,12974.12736,76691.50305,280141.06526000006,0.0,280141.06846000004,-0.0031999999999999,0.0,34621.56729,137070.29622,17634.66504,37821.886190000005,0.0,30011.35997,164.42685,473500.88617000007,697305.89173,1730929.0358699998,1659247.4340199998,33859.71566,37821.886190000005,2428234.9276,1916912.15524,2100212.91336,264581.0,1294198.19443,581064.0,0.0,796.867,-40427.14807,0.0,-1638.74496,2098574.1684000003,0.0,29250.60956,-3176.02688,-177509.04313,-51630.02001,21402.467299999716,96.92058346839546,,14.56462071445567,12.46511893044059,19.01307093836867,14.057319499570209,15.67760749027113,11.578746807584487,14.479397502900724,8.362765111151635,21.34555117224578,15.404153680685129,15.477154014954314,20.02540645648541,14.477040133117669,17.722582563130917,17.331383980685416,15.950999999999999,12.27032543564983,13.417187898143489,9.636079954532404,12.426390957684587,7.019714285714286,17.838706562740736,16.677985835259204,12.038835900212913,17.34076876764197,12.283319277521468,15.36007221153084,14.12530887605923,2665.3255907453877,2281.116764270628,19.01307093836867,618.5220579810891,125.42085992216904,92.6299744606759,897.7226451798449,58.53935577806145,21.34555117224578,15.404153680685129,61.908616059817255,60.076219369456226,361.9260033279417,159.50324306817825,173.31383980685416,15.950999999999999,539.8943191685926,107.33750318514791,77.08863963625923,770.4362393764444,49.138000000000005,17.838706562740736,16.677985835259204,48.15534360085165,52.022306302925905,307.0829819380367,138.24064990377755,141.25308876059228,5.593735319169089,11640.563199190876
2017-09-01,2936.9755044155468,1024.7741840934557,356.3472498505302,202.2917961016236,76.30272366929898,44.25057782534928,298.5869896402423,181.82692351270748,16.88288131982317,,2513.632081453912,0.0,197.26592162357795,423.3434229616347,,538.4462567789383,4.0,8749.0,486.0,,,9235.0,4617.0,3769.0,12166.0,9503.0,1493.0,411.0,2388.0,34347.0,228090.42100000003,75774.201,37160.651,38613.55,-152316.22000000003,26091.605,2310.39,2552.914,38.929,1.5,4250.705,3222.967,4153.673,353.654,1736.788,1467.665,2956.356,39.675,1617.367,1580.69,172.953,593.932,22146.425,5982.307,2291.476,2314.1240000000003,38.929,1.5,3867.019,2975.568,3669.312,211.332,1414.129,1192.562,2308.486,17.447,1038.299,1367.68,148.713,257.70300000000003,18468.250000000004,0.02,0.02,7489.419,0.0,1324.756,5575.64,5074.609,1405.824,15.91,64.299,13034.489,3175.665,331.411,110.252,0.0,310.76,1179.654,431.62,114.612,697.356,70481.894,5752.706,13.994,6221.758,1701.173,1631.425,40444.768,3.039,60.561,934.117,659.5980000000001,2.229,28.928,272.563,50.1,7619.841,53408.342,39768.228,17975.644,57743.872,12513.794,10465.291,22979.085,14311.351,95034.308,51332.621,3452.656,7477.474,10617.746,2730.167,3553.004,13366.153,92529.821,34974.3,4509.432,39483.732,1042.56,228090.42100000003,20109.298,18.914,238.79,0.0,0.0,383.686,247.399,484.361,142.322,322.659,275.103,647.87,22.228,579.068,213.01,24.24,336.229,3678.175,670.874,5728.018,6398.892,0.0,94.4,94.4,17652.472,24145.764000000003,13187.137,0.463,56.897,98.453,215.39,3.817,677.251,14239.408,134.036,83.036,217.072,11.306,38613.55,3396058.0,791498.0,132372409.0,52232070.0,1.2279,1.191335,1.334,2492.841,22173.414,6428.079,,,36.676878,3.305443,56.152857142857144,57.0,20.0,,,18.0,22.0,32.0,12.0,,,,,,48.0,,36.0,15.0,17.0,37.0,33.0,13.0,15.0,13.0,11.0,20.0,34.0,27.0,,,43.0,26.15,,19.54772346995217,18.339847109498,16.899084179926792,10.790584655526036,5.660690737066148,67.38246169529604,47.17716383198841,1.472198345154088,8.720650502703448,70.28028861047821,68.4532832522228,29.59585950166201,43.636707105931976,41.88820864825608,26.2,704.9,168.9,-142.69999999999993,388.3,134.0,1.3,32.5,0.0,29.8,2.7,32.5,-8.699999999999932,11.6,31.8,0.0,0.0,11.9,105.1,8.5,0.0,168.9,0.0,57.9,0.0,42.8,27.8,41.9,2.8,388.3,215.1,732.4,589.7,589.7,0.01,1.25,0.0,0.0,0.0,0.5,0.0,0.4,0.1579115970591285,4.0,8.05,5.686570051374967,6.585733766848086,6.2536226688864165,3.13,7.0,1.54,5.0,4.98,0.0,0.95,4.75,0.99,1.25,0.0,0.25,1.03,1.75,27.21591,188617.27891,5655728.83728,0.0,1024778.37805451,301546.37036927603,7170698.080523785,440118.13534,682666.18389,2600532.78441,336644.73984000005,0.0,1784411.48862,4.396016226,4774.37628,15012.241419999998,906.16908,0.0,1305627.565627563,7170698.08052379,7274.19974,223344.95158,327107.98788,148736.93769999998,97017.16824,497.99005,8.303420000000001,60742.231490000006,47597.699850000005,712242.23413,966.46784,32121.46936,14648.55265,5385.33292,1677691.52685,279655.512524351,1957347.039374351,0.0,27.21591,27.21591,148877.62467,39739.65424,188617.27891,194614.26325,231743.35096,1677691.5268499998,3551679.69622,5655728.83728,5844373.332099999,1326324.748423786,7170698.080523785,448143.4267,516053.41796,534397.97457,0.0,9077.00283,51443.40156,283841.15006,0.0,283841.15326,-0.0031999999999999,0.0,34621.56729,137070.29622,18344.55661,37904.93767,0.0,29840.62674,164.42685,448143.42670000007,683292.9930700001,1750784.9342799997,1679020.2809499998,33859.71566,37904.93767,2434077.9273499995,1948029.56298,2141401.65677,290710.0,1293205.6194300002,581064.0,0.0,796.867,-24374.829660000003,0.0,-2627.9875200000006,2138773.6692500003,0.0,29306.29849,-2157.7037600000003,-177509.04313,-55849.43492,15465.777049999477,97.94705564559698,,14.701210682064984,12.50160930792804,23.29219589110929,14.371512669279317,16.268955481532267,11.946437514513661,14.726260854263895,7.2912575641326525,22.37305053720869,16.45044859708691,15.50235693649483,18.212565714783846,14.05191342638697,19.160601970418046,16.56788041787723,15.775,12.417167521079545,12.910420913581316,9.91435535018353,12.738872346638503,6.834795918367347,19.143214285714286,18.206685046190433,12.101945663045584,16.27061408157406,12.032519192511094,14.96140742306434,13.537709454388851,2690.3215548178923,2287.7945033508317,23.29219589110929,632.34655744829,130.15164385225813,95.57150011610929,913.0281729643614,51.03880294892857,22.37305053720869,16.45044859708691,62.00942774597932,54.63769714435155,351.2978356596742,172.44541773376244,165.6788041787723,15.775,546.3553709275,103.28336730865053,79.31484280146825,789.8100854915873,47.84357142857143,19.143214285714286,18.206685046190433,48.407782652182334,48.81184224472218,300.81297981277737,134.65266680757904,135.37709454388852,5.626328123653444,11708.388825322816
2017-10-01,,,,,,,,,,,,,,,,,12.0,21120.0,149.0,,,21269.0,4353.0,4760.0,17928.0,13407.0,1957.0,499.0,2283.0,45187.0,295978.822,86221.53600000001,42789.808000000005,43431.728,-209757.286,16575.36,1254.753,6285.637,4.534,3.3000000000000003,6316.827,3618.878,5171.755,419.558,1739.994,2375.725,3341.576,179.104,2044.68,1616.043,357.608,535.195,27716.943,7267.837,1236.553,2384.938,4.534,3.3000000000000003,3151.87,3541.15,4600.7480000000005,276.719,1494.204,2149.156,3015.748,179.104,1576.299,1358.205,345.488,305.355,21994.045999999995,160.076,0.0,6820.839,0.0,2135.638,4849.725,8887.484,1218.768,16.047,0.502,15788.738,2911.991,358.868,97.389,0.285,505.123,860.575,440.061,46.247,603.443,118246.649,6542.506,1.696,7612.022,2209.181,1953.705,34919.691,0.0,134.17600000000002,1512.477,451.942,1.09,22.048,8.232,366.848,5029.732,46609.122,56915.574,27584.25,84499.824,10246.633,14534.622,24781.255,18988.941,128270.02,46909.43,5590.57,12655.469,13778.71,4186.561,6847.828,20075.056,110043.624,51329.947,5284.021,56613.968,1051.21,295978.822,9307.523,18.2,3900.699,0.0,0.0,3164.957,77.72800000000001,571.0070000000001,142.839,245.79,226.569,325.82800000000003,0.0,468.381,257.838,12.12,229.84,5722.897000000001,2970.362,13953.057,16923.419,0.0,164.867,164.867,2225.025,19313.311,13543.795,11.939,281.195,239.225,196.208,0.809,885.731,15158.902,8473.981,482.116,8956.097,3.418,43431.728,2975691.0,1315275.0,47346760.0,6507076.0,1.2607,1.175547619047619,1.3201761904761906,2556.997272727273,23036.23727272727,6603.011363636364,,,50.686582,3.857706,57.50772727272727,59.0,25.0,,,23.0,36.0,31.0,9.0,,,,32.0,,60.0,,35.0,20.0,17.0,34.0,38.0,13.0,11.0,11.0,9.0,19.0,34.0,24.0,5.0,,47.0,26.90909090909091,,,,,,,,,,,,,,,,,,,,,,,,,,,,,,,,,,,,,,,,,,,,,,,,,,0.01,1.25,0.0,0.0,0.0,0.5,0.0,0.4,0.1607264390107996,4.0,8.05,5.670035655861742,6.604928313021502,6.2852928756838535,3.34,7.0,1.54,5.0,4.58,0.0,1.27,4.75,0.92,1.25,0.0,0.25,1.07,1.75,17.44332,187426.31861,5656628.27816,0.0,1024774.69013,297122.0121541,7165968.7423741,456756.31215,683799.47423,2603450.68023,344738.09903999994,0.0,1755327.47444,4.3736741,4693.4808,14934.5367,950.28088,0.0,1301314.03023,7165968.7423741,6945.1797400000005,226071.85685,341365.87225,152202.96162000002,99406.83402,502.50089,43.82316,60452.18094,49191.12199,684619.8889299999,860.5202800000001,32264.28433,15497.43824,5456.16021,1674880.6234499998,275109.94597410003,1949990.5694241,0.0,17.44332,17.44332,148877.86174000002,38548.45687,187426.31861,199059.36324,221661.87261,1674880.62345,3561026.41886,5656628.27816,5844072.04009,1321896.7022841,7165968.7423741,437703.43928,512530.56501,527212.18307,0.0,5257.984799999999,53520.60223999999,282060.11446000007,0.0,282060.11766000005,-0.0031999999999999,0.0,34621.56729,137070.29622,14681.61806,37747.89948000001,0.0,36914.7994,164.42685,437703.43928,699757.5578600001,1796055.74112,1724448.12598,33859.71566,37747.89948000001,2495813.29898,2020361.9602199995,2202841.4738700003,293820.0,1339856.64443,581064.0,0.0,796.867,-12696.03756,0.0,-6632.331410000001,2196209.14246,0.0,29359.06202,-1989.4939500000005,-177509.04313,-60111.80057,34404.09338999915,99.3517017828201,,14.595990419513713,12.814444850705108,22.61021476836867,14.109491564635807,15.986570953642213,12.037413699137097,14.569102761194591,8.140003094,22.407735902789558,18.2928693,15.718960574160537,17.28328359,14.059459173860896,18.613045536805615,16.87519456371614,14.852,12.653507224307237,12.651324480370336,9.999121621199071,13.18497392736977,6.928619047619048,19.8291866147037,22.247706562740735,11.941632553888837,17.228026597382712,12.42803438606665,15.507221500514355,13.44714478252589,2671.066246771009,2345.0434076790348,22.61021476836867,620.8176288439755,127.8925676291377,96.29930959309678,903.2843711940645,56.980021658000005,22.407735902789558,18.2928693,62.87584229664215,51.849850769999996,351.4864793465224,167.51740983125055,168.7519456371614,14.852,556.7543178695183,101.21059584296269,79.99297296959257,817.4683834969258,48.50033333333333,19.8291866147037,22.247706562740735,47.76653021555535,51.68407979214814,310.7008596516662,139.56499350462917,134.4714478252589,5.658857383630977,11776.082215336062
2017-11-01,,,,,,,,,,,,,,,,,63.0,75592.0,18510.0,,,94102.0,6620.0,6270.0,21272.0,17171.0,2944.0,684.0,2730.0,57691.0,321762.539,111336.046,63118.959,48217.087,-210426.493,29651.799,935.631,8526.213,0.002,0.02,3280.955,3885.832,11861.264,1188.48,2446.514,3046.409,4326.7970000000005,53.496,3115.115,1878.474,84.458,767.76,35935.554,12981.512,905.818,8279.719000000001,0.002,0.02,2923.088,3541.117,11278.467,947.609,1954.699,2425.494,3288.697,30.927,2338.783,1664.485,83.869,485.031,30962.266,12923.386,0.05,7196.62,0.0,2526.103,6283.2480000000005,8402.402,1391.281,38.34,0.642,13700.377,10656.51,391.602,110.174,0.38,476.049,1191.262,498.589,7426.594,561.86,120195.675,6302.593,2.575,7196.2970000000005,2069.598,5512.878,55781.509,0.0,247.383,1431.242,539.226,0.0,45.58,0.498,512.773,10488.414,76629.10100000001,60633.447,26083.243,86716.69,11112.335,16531.19,27643.525,32315.272,146675.487,64293.109,4570.966,12844.067,13259.19,4396.242,5270.0470000000005,20987.253,125620.874,42529.372,5803.154,48332.526000000005,1133.652,321762.53900000005,16670.287,29.813,246.494,0.0,0.0,357.867,344.71500000000003,582.797,240.871,491.815,620.915,1038.1,22.569,776.332,213.989,0.589,282.729,4973.2880000000005,476.837,11568.631,12045.468,0.0,19.17,19.17,8965.587,21030.225,24305.175,25.346,43.485,251.368,186.37,6.21,1772.709,26590.663,475.324,120.061,595.385,0.8140000000000001,48217.08699999999,3257140.0,1122790.0,137623691.0,37199334.0,1.2773,1.174295,1.321745,2593.6057142857144,23557.929523809526,6796.0428571428565,,,50.797356,3.719753,62.71409090909091,72.0,44.0,5.0,,21.0,32.0,38.0,9.0,4.0,54.0,48.0,40.0,,93.0,,38.0,22.0,17.0,33.0,44.0,16.0,11.0,13.0,11.0,18.0,36.0,29.0,5.0,,58.0,31.192307692307693,,,,,,,,,,,,,,,,,,,,,,,,,,,,,,,,,,,,,,,,,,,,,,,,,,0.01,1.25,0.0,0.0,0.0,0.5,0.0,0.4,0.1610900007733187,4.0,8.05,5.650727259383181,6.631770991345571,6.34849180559906,3.44,7.0,1.54,5.0,4.26,0.0,1.26,4.75,0.88,1.25,0.0,0.4886,1.23,1.75,66.54435000000001,185536.35684,5664171.274473,0.0,1024939.80929744,292358.251669551,7167072.236629992,445099.11991,688662.14639,2609178.6029929994,347517.46208,0.0,1759316.8442900002,4.577792025000001,4533.34544,14856.935,875.77882,0.0,1297027.423914963,7167072.236629987,7103.45557,227735.290853,337001.90846,141679.61388,100509.00248,494.1848,88.82749000000001,48988.68441,49882.43637,689064.1667000001,1031.59325,34728.09819,15431.7768,5485.09941,1659224.1386630002,271166.912983402,1930391.051646402,0.0,66.54435000000001,66.54435000000001,146489.0345,39047.322340000006,185536.35684,193355.80321,218456.028,1659224.1386630002,3593135.3046,5664171.274473,5849774.175663,1317298.0609669911,7167072.236629991,408155.10368,491009.00539,505700.51234,0.0,7706.78327,82968.67689999999,283812.42990000005,0.0,283812.4331,-0.0031999999999999,0.0,34621.56729,81899.54803,14691.50695,41757.26338,0.0,40932.211480000005,164.42685,408155.10368000006,700742.99571,1791337.93172,1715910.95268,33669.71566,41757.26338,2492080.92743,2042168.56037,2229161.46596,275470.0,1379799.89101,581064.0,0.0,796.867,-7969.29205,0.0,-8555.846290000001,2220605.6196700004,0.0,29411.71917,-1685.3508700000002,-177509.04313,-62929.86169,34275.47722000003,99.89195029713667,,14.760558329184715,13.271080966706524,21.17309902588634,14.112889944383085,15.363774139227354,11.689220355448544,14.732524905735099,7.953706974961159,21.593119105579113,17.9450935486759,15.810881728811841,20.038015536304147,15.090626359792816,18.613828169613605,16.58395700245915,15.905999999999999,13.08019746592676,13.132337833189782,9.780661517273138,13.727084443213256,7.042121897338624,19.073119688222203,15.983065627407338,11.88574580927772,17.02163534770369,13.056783215165911,16.96150020956375,14.075788798114779,2701.1821742408024,2428.607816907294,21.17309902588634,620.9671575528557,122.91019311381883,93.51376284358835,913.4165441555762,55.67594882472812,21.593119105579113,17.9450935486759,63.243526915247365,60.114046608912446,377.2656589948204,167.52445352652242,165.8395700245915,15.905999999999999,575.5286885007774,105.05870266551825,78.2452921381851,851.0792354792219,49.294853281370365,19.073119688222203,15.983065627407338,47.54298323711088,51.064906043111066,326.41958037914776,152.65350188607374,140.75788798114777,5.874004355800451,12223.803064420737
2017-12-01,3143.95236070872,1036.5245431054757,424.1996927451411,186.8524068999951,75.2631766560079,63.22760576776128,277.45078220337894,192.0878378567789,18.68590933824721,,2646.112644840926,0.0,242.52427224325365,497.8397158677938,,627.1361338926805,104.0,121898.0,31991.0,,,153889.0,8311.0,6199.0,21083.0,24153.0,6705.0,1680.0,4208.0,72339.0,293334.193,81027.95300000001,35493.51,45534.443,-212306.24,14755.64,1803.151,1738.624,2.557,0.0,3518.405,4830.223,2954.377,1339.365,2633.94,2490.444,2905.782,35.18,2865.353,1086.597,186.745,147.739,24994.15,5783.54,1797.424,923.961,2.557,0.0,2187.581,4824.299,2712.1710000000003,1174.956,1896.934,1674.008,2090.55,26.635,1804.894,795.301,158.869,13.951,19360.149,0.0,0.0,6011.269,0.0,1111.791,4988.506,5595.522,844.301,41.725,4.203,14047.537,2848.656,209.824,52.528,0.149,515.325,963.008,339.648,120.006,648.168,101279.668,4780.43,0.108,9172.131,2857.2670000000003,3995.835,66599.148,120.559,213.68,939.333,809.2520000000001,0.07,30.037,40.661,122.295,6133.955,81862.09199999998,54735.268,25254.245,79989.513,7497.571,12571.573,20069.144,21893.473,121952.13,69241.725,4360.118,11557.097,11174.824,2842.293,8431.426,19934.366,127541.84900000002,40012.67,3137.274,43149.944,690.27,293334.193,8972.1,5.727,814.663,0.0,0.0,1330.824,5.924,242.206,164.409,737.006,816.436,815.232,8.545,1060.459,291.296,27.876,133.788,5634.001,2372.107,8677.113,11049.22,308.0,16.865000000000002,324.865,5667.253,17041.338,25660.451,35.57,58.287,223.178,81.953,7.413,1789.831,27856.683000000005,320.524,313.007,633.531,2.891,45534.443000000014,2382768.0,560823.0,66492509.0,8348884.0,1.2769,1.183615,1.34036,2664.3405,24545.384,6889.7405,,,41.797713,3.251097,64.3736842105263,72.0,100.0,,,16.0,26.0,48.0,12.0,5.0,69.0,,,,90.0,,43.0,21.0,20.0,35.0,41.0,12.0,11.0,12.0,12.0,20.0,38.0,31.0,,,48.0,35.54545454545455,,19.544140594289072,18.26162242224706,15.05280624385822,10.796737151985193,5.879437038174988,67.264943308516,54.61843454713039,1.6612483775727651,9.993096986589558,69.81746383298292,66.32683365151783,29.85061698184849,43.84117890199246,42.99719202042291,17.4,778.0,272.1,-86.39999999999998,403.1,234.2,10.5,44.3,0.0,40.3,4.0,44.3,147.8,14.9,42.3,0.0,0.0,10.7,95.6,108.6,0.0,272.1,0.0,58.3,0.0,61.6,23.8,50.5,2.3,403.1,206.6,805.9,719.5,719.5,0.01,1.25,0.0,0.0,0.0,0.5,0.0,0.4,0.1604686972742629,4.0,8.05,5.617480643656262,6.555345380547372,6.108152045604247,3.15,7.0,1.54,5.0,4.17,0.0,1.16,4.75,1.05,1.25,0.0,0.5,1.32,1.9,150.70204,184818.8265,5690098.0362100005,0.0,1016784.81732556,298936.063528625,7190788.4456041865,453329.56052,688962.7993999999,2622765.78333,344436.30613000004,0.0,1765573.11537,4.844490988,4533.34544,22624.50574,727.1893200000001,0.0,1287830.9958632,7190788.445604188,6861.60333,233076.48259,319835.58855,143991.02753999998,101528.73786,417.53048,54.80418,42075.26881,50989.25086,688700.05129,1112.60784,39705.9313,15196.7828,5429.61399,1648975.2814199997,269992.2942266,1918967.5756466,0.0,150.70204,150.70204,145277.69602,39541.13048,184818.8265,201264.95916,228235.31392,1648975.28142,3611622.48171,5690098.0362100005,5875067.564750001,1315720.880854185,7190788.445604186,334733.04724,411325.41264,525800.08817,0.0,10213.11468,100683.95374,183907.2289,0.0,183907.2321,-0.0031999999999999,0.0,34621.56729,81899.54803,114474.67553,44245.11336,0.0,32182.82519,164.42685,334733.04724000016,749941.7147100001,1625962.1318100004,1547647.3027900003,34069.71566,44245.11336,2375903.8465200006,1996925.68592,2198205.16271,285350.0,1334893.7694400002,597464.0,0.0,796.867,-20299.47373,0.0,-6746.3568,2191458.80591,0.0,29469.42928,-1814.17183,-177509.04313,-73411.97769999999,28732.643390000583,99.94597514856834,,14.805787715037718,13.231862257831363,19.76363218828541,14.013510282576886,15.730312947660309,12.054524118140993,14.736239795209682,7.685102446511544,22.549926035925633,15.85414991105358,15.700632053662021,21.050054833920232,15.216437663622317,18.643172833343943,17.082352052120147,16.127241379310345,13.071393652218735,12.970785676067973,10.161861934578535,13.803237101237793,7.225467980295567,19.921461853946347,14.274288365057386,11.970799153362012,15.955641056781587,12.810552573863584,16.930290680055307,13.613977361233678,2709.4591518519023,2421.4307931831395,19.76363218828541,616.5944524333829,125.84250358128247,96.43619294512794,913.6468673030004,53.79571712558081,22.549926035925633,15.85414991105358,62.802528214648085,63.1501645017607,380.4109415905579,167.7885555000955,170.82352052120143,16.127241379310345,575.1413206976242,103.76628540854378,81.29489547662828,855.8007002767431,50.57827586206896,19.921461853946347,14.274288365057386,47.88319661344805,47.86692317034476,320.2638143465896,152.37261612049778,136.1397736123368,5.964806085677345,12412.761464294554
2018-01-01,,,,,,,,,,,,,,,,,82.0,123114.0,29278.0,,,152392.0,7696.0,6328.0,20699.0,20088.0,4275.0,1389.0,5495.0,65970.0,266838.229,78243.08600000001,35164.912000000004,43078.174,-188595.143,19141.607,755.25,1228.693,141.585,1.635,3975.412,4539.625,2450.966,1031.373,1529.894,1095.467,2334.1330000000003,24.397,2061.802,1471.762,199.455,767.275,21481.561000000005,6022.767,689.977,884.867,141.585,1.635,3882.482,4027.517,2324.813,974.485,1170.7,724.378,1813.072,12.91,1639.534,1348.698,199.455,432.903,18550.947000000004,0.0,9.949,6672.009,0.0,1267.485,4087.648,6110.113,902.159,13.662,1.216,13235.773,2864.898,253.371,152.294,3.16,357.128,672.991,614.306,265.8,545.848,87137.739,4456.936,3.5420000000000003,11053.231,1626.539,1113.08,54966.551,2.513,48.814,1057.315,599.876,0.0,87.39,0.13,598.976,6580.638,66681.822,50591.72,22236.463,72828.183,10256.115,7237.01,17493.125,18919.371,109240.679,73549.443,3926.546,8089.121,9911.364,3419.259,4584.244,13331.445,116811.42200000002,30899.576,9083.928,39983.504,802.624,266838.22900000005,13118.84,65.273,343.826,0.0,0.0,92.93,512.1080000000001,126.153,56.888,359.194,371.089,521.061,11.487,422.268,123.064,0.0,334.372,2930.614,1981.544,3749.335,5730.879,49.154,61.193,110.347,10920.037,16761.263,25520.57,11.188,12.671,78.946,46.194,68.345,255.083,25992.997,142.258,149.006,291.264,32.65,43078.174,2909864.0,1467772.0,57486796.0,55066452.0,1.2429,1.219652380952381,1.3823857142857143,2789.8038095238094,25804.01761904762,7279.498095238095,2.0,1.0,52.801881,4.895621,69.07727272727273,82.0,63.0,4.0,,24.0,22.0,38.0,9.0,9.0,100.0,,,,70.0,,64.0,26.0,28.0,62.0,65.0,18.0,20.0,16.0,14.0,32.0,66.0,44.0,4.0,,87.0,40.291666666666664,,,,,,,,,,,,,,,,,,,,,,,,,,,,,,,,,,,,,,,,,,,,,,,,,,0.0,1.25,0.0,0.0,0.0,0.5,0.0,0.4,0.15,4.0,8.05,5.585089565286008,6.670615796825072,6.370098061317952,3.27,7.0,1.54,5.0,3.99,0.0,1.23,4.75,1.2,1.5,0.0,0.5,1.41,2.0,51.40851,183333.16485,5667920.55565,0.0,1016818.42348,297683.49713409995,7165807.049624099,445783.01981,685447.91386,2636354.7982500005,338448.90517000004,0.0,1745270.4919200002,5.0235941,3980.28896,22935.7789,707.34012,0.0,1286873.48904,7165807.0496241,6641.92977,228143.64936,322483.23244,145245.80744,99425.67129,415.2101,173.90726,41669.61696,51009.49283,678455.02988,1024.47258,39551.64162,15044.59813,5472.5764,1634756.83606,268507.0794941,1903263.9155541,0.0,51.40851,51.40851,145267.2685,38065.89635,183333.16485,226344.55839,209174.51862,1634756.83606,3597644.64258,5667920.55565,5851305.12901,1314501.9206141,7165807.0496241,301522.51234,375298.15476,489256.33979,0.0,15968.948280000002,58984.08682,183824.00434,0.0,183824.00754,-0.0031999999999999,0.0,34621.56729,81899.54803,113958.18503,41147.124610000006,0.0,32464.09096,164.42685,301522.51234,721777.1714400001,1621011.6090200003,1545794.7687500005,34069.71566,41147.124610000006,2342788.7804600005,2000119.1435100003,2194693.49908,293000.0,1333901.19444,597464.0,0.0,796.867,-30468.56236,0.0,-6808.74078,2187884.7583,0.0,29521.69815,-1136.0471800000005,-177509.04313,-78120.98357000001,39478.76094000053,99.0815775256618,,14.852751410528892,12.956328887696234,20.78116570747203,13.52986300978142,16.18723311561822,12.103630499319866,15.236852848020188,8.240433352458384,22.927313410714284,15.395563909953946,17.256466778545928,18.98837830794492,14.80720734750955,18.665430634323766,17.078061226962816,14.035557087182536,12.721460349119766,12.69785489782735,10.149273130773805,13.351655961150152,7.144489795918368,19.16377137289682,14.376184489444361,11.904020607370978,16.55044263444443,12.77160606524284,16.299707509669283,13.984236619515839,2718.053508126787,2371.0081864484105,20.78116570747203,595.3139724303825,129.49786492494576,96.82904399455893,944.6848765772517,57.683033467208695,22.927313410714284,15.395563909953946,69.02586711418371,56.96513492383476,370.18018368773875,167.98887570891387,170.78061226962816,14.035557087182536,559.7442553612698,101.5828391826188,81.19418504619044,827.8026695913094,50.01142857142857,19.16377137289682,14.376184489444361,47.61608242948391,49.65132790333329,319.29015163107107,146.69736758702356,139.84236619515838,5.792788084696993,12054.792004254445
2018-02-01,,,,,,,,,,,,,,,,,62.0,78433.0,37429.0,,,115862.0,7491.0,5949.0,24341.0,21395.0,3716.0,1275.0,2749.0,66916.0,237922.974,93994.385,48995.976,44998.409,-143928.58899999998,22681.187,1178.243,1854.176,0.622,32.988,3689.235,5651.709,10541.897,1330.62,1218.406,2293.475,3547.86,32.479,3205.301,1582.38,131.825,562.418,33787.60499999999,7908.331,1083.896,1519.843,0.622,32.988,3315.206,5483.731,10091.488,1102.38,905.197,1895.097,2877.467,12.225,2238.299,1366.402,103.949,439.215,29830.656,0.0,0.0,7711.775000000001,0.0,1718.784,3999.716,6901.977,1487.289,25.681,1.226,15649.4,11500.128,308.606,266.397,0.19,335.386,1952.138,538.48,7640.291,458.64,84749.28,6835.818,1.352,5104.256,1952.854,1467.808,28174.966,103.033,171.133,1222.227,524.97,2.026,103.867,0.0,434.853,6184.423,40342.16,54038.075,25717.254,79755.329,4418.156,7148.094,11566.25,14488.604,105810.183,43317.928,2815.0,10353.0,11896.472,2172.762,6853.0650000000005,15653.235,93061.462,33866.206,3921.31,37787.516,1263.813,237922.974,14772.856,94.347,334.333,0.0,0.0,374.029,167.978,450.409,228.24,313.209,398.378,670.393,20.254,967.002,215.978,27.876,123.203,3956.949,2564.988,8968.595,11533.583,53.509,28.995,82.504,7900.070000000001,19516.157,23865.019,2.276,11.116,151.118,141.952,0.307,686.314,24858.102000000003,471.986,151.16400000000002,623.15,1.0,44998.40900000001,3180393.0,724855.0,102892902.0,54231027.0,1.2588,1.2339684210526316,1.3960842105263158,2705.1552631578948,24981.545263157896,7161.772631578947,4.0,1.0,33.475311,3.335699,65.3175,88.0,40.0,,,22.0,30.0,35.0,8.0,8.0,96.0,58.0,,,74.0,,51.0,29.0,22.0,53.0,50.0,15.0,22.0,20.0,13.0,28.0,54.0,36.0,,,67.0,39.95652173913044,,,,,,,,,,,,,,,,,,,,,,,,,,,,,,,,,,,,,,,,,,,,,,,,,,0.0,1.25,0.0,0.0,0.0,0.5,0.0,0.4,0.15,4.0,8.05,5.566566173404917,6.648081814397787,6.334079560752354,3.36,7.0,1.54,5.0,3.35,0.0,1.2,4.75,1.14,1.5,0.0,0.5,1.57,2.0,72.94483,181482.42336,5709696.98649,0.0,1016792.8669925,293096.732388901,7201141.9540614,484227.92228000006,685100.95013,2637007.78202,337068.27812000003,0.0,1747847.42213,5.030510538,3820.48794,22833.82408,864.69294,0.0,1282365.563910863,7201141.954061402,6619.0128700000005,227365.78901,317962.27976,146263.57846000002,104837.12025,410.69677,198.9092,31165.48194,50992.07412,703127.3164199999,2283.08816,39836.91429,14734.91814,5426.16429,1651223.34368,264259.160470076,1915482.504150076,0.0,72.94483,72.94483,145253.60422,36228.81914,181482.42336,238644.96737,230934.44556,1651223.3436800002,3588894.22988,5709696.98649,5891252.354680001,1309889.599381401,7201141.954061402,303800.2417499999,381889.71116,496246.85668,0.0,19396.24966,110973.99286,182158.52936,0.0,182158.53256,-0.0031999999999999,0.0,34621.56729,34739.37199,114357.14552,44991.62762,0.0,32933.414939999995,164.42685,303800.24175,717109.97439,1642213.08451,1562951.74123,34269.71566,44991.62762,2359323.0589,2010531.18953,2197469.21374,269200.0,1333925.80444,597464.0,0.0,796.867,-3917.4577,0.0,-5956.0793300000005,2191513.13441,0.0,29571.44054,-1097.58769,-177509.04313,-81587.30365,49640.54905000019,99.7298757428417,,15.01751439987957,13.105013757880986,19.826577833383816,14.083316538191957,15.55455952968685,11.645203770139897,15.334754937727922,7.901312026447381,21.64781240032917,17.298609087284415,15.704165512411139,18.658926519157344,15.278051945067812,18.785674864113833,17.62882974428046,16.862142857142857,12.821266515420271,12.816878098194412,9.822060637733129,13.42703223112519,6.916151012454648,17.99452840440475,15.947884712142791,12.16975281982138,17.223137983888883,12.808803804025384,17.00340917120368,14.767746686325365,2748.2051351779614,2398.2175176922206,19.826577833383816,619.6659276804461,124.4364762374948,93.16163016111918,950.7548061391311,55.30918418513166,21.64781240032917,17.298609087284415,62.816662049644556,55.97677955747203,381.95129862669535,169.07107377702445,176.2882974428046,16.862142857142857,564.1357266784919,102.5350247855553,78.57648510186503,832.4759983297618,48.41305708718254,17.99452840440475,15.947884712142791,48.67901127928552,51.66941395166664,320.22009510063464,153.0306825408331,147.67746686325364,5.7598214524124165,11986.188442470238
2018-03-01,3205.5858048412847,1021.7006386353626,426.9504237964277,174.30713943511884,73.43336582007898,93.60009266813096,302.37980532456726,172.45721912531894,16.785292038327626,,2624.2551642415783,0.0,315.2733288062564,581.3306405997063,,608.6984991916952,77.0,91318.0,24544.0,,,115862.0,7326.0,6859.0,26467.0,23643.0,3471.0,715.0,1964.0,70445.0,261850.38300000003,78573.805,38687.051,39886.754,-183276.57800000004,17630.774,2326.585,1290.567,0.02,0.0,3966.064,4182.515,4233.763,1587.516,2256.329,1845.521,3477.3540000000003,116.765,2526.273,1275.57,75.285,774.028,26316.983,6634.89,2241.41,822.154,0.02,0.0,3757.39,4175.019,3996.602,1452.93,1888.643,1450.918,2374.239,116.765,2095.143,901.091,63.165,609.861,22881.766000000003,0.0,0.272,5791.781,0.0,1793.959,4798.135,7441.308,1414.378,40.568,5.254,15180.671,2220.725,395.134,67.879,0.86,303.91,802.318,328.27,79.965,242.389,87333.93000000001,4331.434,0.456,8107.754,1642.697,3391.5,52566.462,0.358,150.455,902.845,663.659,0.0,25.482,0.0,621.788,13408.981,73374.22700000001,56272.19,24776.174,81048.364,6842.782,6857.39,13700.172,14477.164,109225.7,67748.959,3298.352,6317.196,10984.046,2599.29,7886.914,15183.026,114017.783,34230.543,3886.173,38116.716,490.184,261850.38300000003,10995.884,85.175,468.413,0.0,0.0,208.674,7.496,237.161,134.586,367.686,394.603,1103.115,0.0,431.13,374.479,12.12,164.167,3435.217,1166.303,9072.642,10238.945,0.0,26.364,26.364,4934.37,15199.679,23680.572,29.181,25.498,147.102,20.551,0.795,396.834,24300.533,241.02,130.222,371.242,15.3,39886.754,2827003.0,762742.0,157945444.0,8647802.0,1.2933,1.2333954545454546,1.397559090909091,2702.7738095238096,24582.170476190477,7311.505714285714,3.0,1.0,44.431076,4.644951,66.01666666666667,75.0,27.0,4.0,,20.0,22.0,36.0,8.0,4.0,69.0,51.0,,,72.0,,49.0,22.0,24.0,47.0,45.0,15.0,16.0,21.0,13.0,24.0,47.0,38.0,4.0,,63.0,32.64,,19.69860486481831,18.44935259061445,15.880447339373546,10.882996203969787,5.943466697607377,67.59566263100577,52.50897720540478,1.446272345953545,8.26957094255366,67.20164260766163,69.16577725592713,31.557143636402117,45.00790692948877,46.01337438917384,55.5,884.3,291.3999999999999,-85.60000000000002,478.3,157.0,4.7,89.2,22.0,59.8,7.4,89.2,71.39999999999998,11.4,122.1,0.0,0.0,11.9,130.1,15.9,0.0,291.3999999999999,0.0,119.8,0.0,50.2,29.3,45.8,3.6,478.3,229.6,944.5,858.9,858.9,0.0,1.25,0.0,0.0,0.0,0.5,0.0,0.4,0.1533352490098071,4.0,8.05,5.544526458918844,6.637190871830803,6.333677779354416,3.14,7.0,1.54,5.0,2.98,0.0,1.15,4.75,1.09,1.5,0.0,0.5,1.7,2.08,91.27489,180520.17094,5687727.4228300005,0.0,1016714.04252,291976.704299688,7177029.615479688,462299.036,684860.77249,2642264.0966099994,331987.76042000006,0.0,1746927.20314,5.68877255,3820.48794,22728.67534,750.03732,0.0,1281385.857447138,7177029.615479687,6936.86572,231333.70744,319279.45578,145791.70580000005,107340.16348,398.36873,126.553,31036.1982,52408.73877,701327.45372,2277.4116200000003,43039.59646,14692.49501,5439.46896,1661428.1826899997,263283.58629885095,1924711.7689888503,0.0,91.27489,91.27489,143998.86041,36521.31053,180520.17094,224008.16051,215553.64717,1661428.1826900002,3586737.43246,5687727.4228300005,5868338.86866,1308690.746819688,7177029.615479688,348610.48501000006,428861.15663,544598.66364,0.0,15566.73268,161877.43439000004,182056.05028,0.0,182056.05348000003,-0.0031999999999999,0.0,34621.56729,34739.37199,115737.50701,47027.09281,0.0,33059.15196,164.42685,348610.4850100001,728500.05899,1706649.17298,1627212.36451,32409.71566,47027.09281,2435149.23197,2039511.65415,2186898.26895,289533.63,1333925.8044500002,597464.0,0.0,0.0,-34025.1655,0.0,-3711.2808299999992,2183186.98812,0.0,45639.51452,-1500.7049500000005,-177509.04313,-49062.025140000005,38756.92473000002,99.18962722852513,,15.340974445689326,13.301755833312173,18.468881342530118,14.603577915555329,15.35870213605193,11.39836594241843,15.63799901149729,8.170268912099218,22.289445540356777,19.943778485815386,15.064208774862507,19.93678123880878,15.963630972847335,18.948458829268468,17.36403415822448,16.486954788422935,13.034678862772887,13.41535277951162,9.935467679077057,13.591160229462943,7.065694002032769,18.976025655591386,14.53806325896049,12.341418600537583,17.668473034468335,13.092164452060203,17.101914998717614,14.818360812598534,2807.398323561147,2434.221317496127,18.468881342530118,642.5574282844345,122.86961708841544,91.18692753934744,969.555938712832,57.191882384694516,22.289445540356777,19.943778485815386,60.25683509945003,59.810343716426345,399.0907743211834,170.5361294634162,173.64034158224482,16.486954788422935,573.525869962007,107.32282223609296,79.48374143261645,842.6519342267025,49.45985801422939,18.976025655591386,14.53806325896049,49.36567440215033,53.005419103405,327.30411130150503,153.91723498845852,148.18360812598533,6.035073766152273,12558.98850736288
2018-04-01,,,,,,,,,,,,,,,,,33.0,54633.0,8400.0,,,63033.0,5289.0,5981.0,24088.0,17142.0,2302.0,507.0,1745.0,57054.0,258947.559,77678.07199999999,40757.64199999999,36920.43,-181269.487,21527.852,2555.048,1537.712,22.326,0.0,3150.344,5503.7880000000005,3617.241,1548.016,2382.587,1500.231,3922.095,36.758,1878.943,1943.92,172.91,853.2330000000001,26510.066000000003,7742.443,2539.346,1323.395,22.326,0.0,2427.035,5441.81,3399.559,1506.816,1572.355,923.564,2619.534,35.868,1351.921,1628.479,171.375,420.263,21498.579,199.685,0.0,7273.477,0.0,697.905,4733.986,5829.119,1425.482,11.333,6.6000000000000005,17115.368,3464.6869999999994,429.673,147.089,0.0,228.153,1576.441,266.298,89.375,727.658,84723.265,5388.679,4.4430000000000005,7037.909000000001,2321.134,1351.754,44209.748,0.0,141.154,1105.563,627.986,2.025,39.839,13.929,345.708,5890.9400000000005,56049.78,57003.587,23767.413,80771.0,6289.244,8652.677,14941.920999999998,16328.847,112041.768,54630.878,4047.898,10149.327,11853.281,2341.428,5641.7660000000005,14951.332,103615.91,36548.304,6216.768,42765.072,524.809,258947.559,13785.409,15.702,214.317,0.0,0.0,723.309,61.978,217.682,41.2,810.232,576.667,1302.561,0.89,527.022,315.44100000000003,1.535,432.97,5011.487,4730.799,8922.667,13653.466,35.677,42.853,78.53,6045.238,19777.234,15777.06,8.983,6.023,305.721,14.069,4.529,564.218,16680.603,174.118,285.77500000000003,459.893,2.7,36920.42999999999,4096124.0,1653603.0,138971383.0,57574014.0,1.2732,1.2269523809523808,1.4079190476190475,2653.625238095238,24304.212857142855,7084.14238095238,4.0,1.0,30.588111,4.142856,72.10600000000001,68.0,12.0,5.0,,17.0,27.0,38.0,9.0,10.0,29.0,41.0,24.0,7.0,63.0,,40.0,19.0,20.0,42.0,37.0,15.0,17.0,23.0,13.0,22.0,41.0,33.0,4.0,,50.0,26.88888888888889,,,,,,,,,,,,,,,,,,,,,,,,,,,,,,,,,,,,,,,,,,,,,,,,,,0.0,1.25,0.0,0.0,0.0,0.5,0.0,0.4,0.15,4.0,8.05,5.528992120833613,6.635193234726724,6.314820090474469,3.1,7.0,1.54,5.0,2.82,0.0,1.18,4.75,1.2,1.5,0.0,0.5,1.76,2.25,90.19069,194636.88022,5927790.28415,0.0,1016775.0016,287357.492941288,7426649.849601288,475515.72175,642206.45934,2884347.35924,331350.47925,0.0,1789097.33548,4.46870095,3777.49606,22206.11804,1050.1541,0.0,1277094.257640338,7426649.849601287,7128.41489,231218.81766,319427.71503,144102.63425,106409.75059,398.16549,122.68417,38586.84778,51356.74238,708063.7608200001,2165.98914,42799.54885,14677.60588,5375.29612,1671833.9730499997,258930.022484551,1930763.9955345504,0.0,90.19069,90.19069,143998.86601,50638.01421,194636.88022,231818.98446,203102.52074,1671833.97305,3821034.8059,5927790.28415,6122517.355059999,1304132.494541288,7426649.849601287,359951.69085,438866.34075,557096.88332,0.0,18961.83242,169088.42672,181295.82662000004,0.0,181295.82982000004,-0.0031999999999999,0.0,34621.56729,34898.6877,118230.54257,47056.10779000001,0.0,31694.11526,164.42685,359951.69085,718562.11177,1777192.54086,1697726.71741,32409.71566,47056.10779000001,2495754.65263,2088746.8539900004,2146133.57223,308833.63,1333157.3824500002,506442.0,0.0,0.0,-2299.44022,0.0,-4738.58568,2141394.98655,0.0,45730.62067,-1233.72493,-177509.04313,-52667.55604,133031.57087000037,98.10913019989194,,15.21926707538418,13.225808249673133,17.623374767588345,14.736748795436883,15.361253294374244,10.95884318102535,15.472806147742434,8.649117594844634,23.66222323751767,22.31528574588634,15.706920281787644,18.653361482040964,15.497058140172047,18.705483574121192,16.812589667328428,18.497,13.055277845720536,13.878334616773122,9.856368242398142,13.524653526596175,7.314285714285714,19.587893177444432,14.389772190148072,12.178862605851803,17.48575546895061,12.853125146266654,16.267204057609028,14.490419558314786,2785.1258747953048,2420.3229096901837,17.623374767588345,648.4169469992229,122.89002635499395,87.6707454482028,959.3139811600308,60.54382316391244,23.66222323751767,22.31528574588634,62.827681127150576,55.96008444612289,387.42645350430115,168.34935216709073,168.1258966732843,18.497,574.4322252117036,111.02667693418498,78.85094593918514,838.528518648963,51.2,19.587893177444432,14.389772190148072,48.71545042340721,52.457266406851836,321.32812865666637,146.40483651848126,144.90419558314787,5.874836307338619,12225.534355571664
2018-05-01,,,,,,,,,,,,,,,,,13.0,21137.0,1125.0,,,22262.0,4589.0,5262.0,21736.0,14672.0,1971.0,417.0,1608.0,50255.0,286958.482,72969.73400000001,46191.816000000006,26777.918,-213988.748,15601.899,1986.322,1241.954,20.791,0.1,3396.9210000000003,4134.654,7189.22,1917.23,2283.974,1461.903,3275.33,56.125,4274.511,2089.413,148.957,244.112,30472.35,7791.143,1977.069,1025.01,20.791,0.1,2739.9410000000003,4128.554,7127.156,1388.214,1990.285,1239.617,2658.539,21.704,3637.697,1912.759,148.957,85.307,27078.73,0.0,0.0,8446.188,0.0,2238.181,5683.268,5712.072,1756.687,6.578,0.595,15113.003,7235.244000000001,320.111,158.735,0.29,334.04900000000004,1009.993,346.00600000000003,4561.087,504.973,96564.302,6206.869,5.721,7131.592000000001,2849.069,1649.207,55354.197,0.0,207.658,969.493,857.09,0.0,23.302,0.212,539.296,10367.482,72817.00600000001,56589.566,22463.165,79052.731,9113.913,7849.569,16963.482,19219.317,115235.53,75680.158,5399.62,10938.789,11724.713,2380.173,7888.782,16394.411,130406.646,35307.311,5100.31,40407.621,908.685,286958.482,7810.756,9.253,216.944,0.0,0.0,656.98,6.1000000000000005,62.064,529.016,293.689,222.286,616.791,34.421,636.814,176.654,0.0,158.805,3393.6199999999994,1129.682,5289.223,6418.905,40.0,15.505,55.505,6238.215,12712.625,12857.417,11.135,43.811,56.922,21.052,25.035,329.831,13345.203,547.332,165.486,712.818,7.272,26777.918,3172197.0,1143000.0,21523078.0,27859070.0,1.2866,1.1822636363636365,1.3469818181818183,2701.4936363636366,24572.532272727272,7339.327272727273,4.0,1.0,46.321593,4.257284,76.9752380952381,59.0,9.0,,,19.0,21.0,34.0,8.0,13.0,37.0,,,,59.0,,36.0,15.0,18.0,38.0,31.0,11.0,12.0,21.0,13.0,18.0,36.0,32.0,,,40.0,26.363636363636363,,,,,,,,,,,,,,,,,,,,,,,,,,,,,,,,,,,,,,,,,,,,,,,,,,0.0,1.25,0.0,0.0,0.0,0.5,0.0,0.4,0.15,4.0,8.05,5.518107623003049,6.625072494395588,6.333249987019549,2.95,7.0,1.54,5.0,2.71,0.0,1.18,4.75,1.29,1.5,0.0,0.5,1.86,2.25,67.65172,188196.54494,5906217.864289999,0.0,1016846.69038,287967.80889376206,7399296.560223762,483102.36872,640551.60057,2874559.81063,329657.75813000003,0.0,1766610.5209,4.301813685999999,5415.668680000001,25859.00556,938.53862,0.0,1272596.984600076,7399296.5582237635,6786.4083200000005,227912.82871,320859.75274,143658.41266,103504.52307,392.4994,143.05266,28372.21591,52893.96657,709294.53453,2145.67669,42559.82105,14530.11338,5355.04673,1658408.85242,256545.201286287,1914954.0537062872,0.0,67.65172,67.65172,141431.63045,46764.91449,188196.54494,229527.22026,211875.47516,1658408.85042,3806406.31845,5906217.864289999,6094482.06095,1304814.499273762,7399296.560223762,360508.54462999984,436318.3359199999,558491.5197999999,0.0,12398.93755,175668.11257,175334.76349999997,0.0,175334.76669999998,-0.0031999999999999,0.0,36314.46876,36602.05354,122173.18388,43042.46775,0.0,32602.89669,164.42685,360508.54463,709846.25332,1782734.6949,1718082.51149,21609.71566,43042.46775,2492580.94822,2089029.93584,2228373.64419,295033.63,1429144.0445899998,506442.0,0.0,0.0,-2246.0304,0.0,-4095.87378,2224277.77041,0.0,45825.9668,-805.2682200000002,-186188.75761000003,-55761.80840000001,61682.03286000014,98.48730415991356,,14.826451733496645,12.916991015594522,16.473628738549152,14.101201264641608,15.515868846994215,11.1852057672157,15.23797829276608,7.79724719779418,22.905858971791293,19.511426182886893,16.047097836509227,18.181217557889106,14.745336659812342,18.944159395020076,16.309002117249896,17.601290322580645,12.80065246409661,13.492646340470401,9.645061183463255,13.203262829297605,7.424884792626728,19.45265786336916,15.382824750430036,11.97459925827056,16.323638475005957,12.544435419802138,15.861738693743504,13.922987914401402,2713.240667229886,2363.8093558537976,16.473628738549152,620.4528556442308,124.12695077595372,89.4816461377256,944.754654151497,54.58073038455926,22.905858971791293,19.511426182886893,64.18839134603691,54.54365267366732,368.63341649530855,170.4974345551807,163.09002117249898,17.601290322580645,563.2287084202508,107.94117072376321,77.16048946770604,818.6022954164515,51.9741935483871,19.45265786336916,15.382824750430036,47.89839703308224,48.97091542501787,313.6108854950534,142.75564824369152,139.22987914401403,6.0113254558260385,12509.568273573987
2018-06-01,2933.5661587334766,1020.14217532431,325.59006201828726,187.3656004749406,76.12993093038155,73.3534480963631,277.33304067831426,171.72045173421932,16.032367017089708,,2475.253737713523,14.304006246289294,198.93451494308167,458.3124210199534,,572.6605612701999,8.0,19000.0,1105.0,,,20105.0,4754.0,4841.0,19128.0,13101.0,1754.0,502.0,2254.0,46334.0,244473.914,63616.793000000005,42216.273,21400.52,-180857.121,11131.504,2364.304,1960.116,18.942,0.06,3688.914,3702.534,3634.301,2064.675,1323.544,2381.925,3286.602,137.419,3597.8830000000003,1577.564,6.24,734.469,26136.070000000003,8588.16,2327.023,1077.198,18.942,0.06,3366.0,3587.594,3493.673,1669.166,1173.712,2027.488,2864.173,136.026,3332.293,1210.937,6.24,665.7520000000001,23533.054000000004,0.0,0.026,6485.463,0.0,2217.571,4088.43,6828.019,1479.714,40.59,2.432,18071.991,3002.037,191.153,149.607,3.43,583.874,1018.907,420.265,44.558,590.243,69922.624,5668.995,0.227,5536.4490000000005,1557.118,1065.308,58243.905,0.228,61.382,1077.518,532.633,0.0,46.431,16.241,353.452,6481.900000000001,69436.116,45487.345,20173.069,65660.414,7240.098,5468.746,12708.844,14113.011,92482.269,73994.37700000001,3135.57,10761.899,10165.506,1993.754,4653.894,14704.537,119409.537,26404.053,5440.403,31844.456,737.652,244473.914,2543.344,37.281,882.918,0.0,0.0,322.914,114.94,140.628,395.509,149.832,354.437,422.429,1.393,265.59000000000003,366.627,0.0,68.717,2603.016,904.55,3157.75,4062.3,550.67,1.337,552.007,578.73,5193.037,14978.346,16.293,15.773,128.28900000000002,42.835,0.546,450.874,15632.955999999998,264.11400000000003,159.413,423.527,151.0,21400.52,2451538.0,1018758.0,76354265.0,57387112.0,1.3125,1.1679142857142857,1.3294190476190475,2754.3528571428574,24790.108095238094,7645.138571428572,3.0,1.0,34.426039,3.727677,74.4047619047619,64.0,10.0,4.0,,19.0,25.0,32.0,10.0,25.0,52.0,48.0,,,56.0,,38.0,15.0,17.0,42.0,31.0,11.0,13.0,21.0,11.0,19.0,37.0,30.0,,5.0,47.0,27.28,,16.670711596742727,15.357069236667003,16.549888803575,8.73807607992517,6.393993287460679,68.35891256673555,62.607122550998376,1.4089588517847098,7.922609521188042,68.57063287023688,69.33565124127476,32.42701796605304,44.98766026236661,49.87208993850705,15.0,693.4000000000001,247.015288,-41.18471199999999,378.44000000000005,198.04,5.14,46.9,0.0,46.89,0.01,46.9,156.85528800000003,15.480428,89.828272,0.0,0.0,17.772425,113.771619,10.162544,0.0,247.015288,0.0,53.76,0.0,44.04,25.33,40.29,2.25,378.44000000000005,212.77,713.5400000000001,672.3552880000001,672.3552880000001,0.0,1.25,0.0,0.0,0.0,0.5,0.0,0.4,0.15,4.0,8.05,5.491736502771692,6.595729846992504,6.237510063163742,2.31,7.0,1.54,5.0,2.54,0.0,1.18,4.75,1.25,1.5,0.0,0.5,1.9,2.39,77.71899,187547.90698,5922268.76164,0.0,1017688.23947774,287105.251460187,7414687.878547927,476724.34034,648792.23791,2874813.3112600003,327718.86941,0.0,1781845.62869,895.681155385,5409.1844,26884.79608,809.77882,0.0,1270794.050482539,7414687.878547924,6551.00401,233549.20018,334838.92748,140153.38498,100097.67186,400.40283,164.93857,30968.32394,53574.64327,702972.26229,881.78283,42657.44546,14489.02846,5416.59121,1666715.60737,254661.50749788905,1921377.1148678889,0.0,77.71899,77.71899,140165.32512999998,47382.58185,187547.90698,233647.32049,209686.54632,1666715.60737,3812219.28746,5922268.76164,6109894.38761,1304793.490937927,7414687.878547926,364788.6061399999,439966.1810499999,556456.6643399999,0.0,13757.177770000002,171442.78017,182093.05935999996,0.0,182093.06255999996,-0.0031999999999999,0.0,36314.46876,36358.69499,116490.48329,42905.85822,0.0,32107.28984,164.42685,364788.6061399999,704204.96204,1820458.18599,1755942.61211,21609.71566,42905.85822,2524663.14803,2116968.68367,2272136.63714,334000.0,1524574.2679100002,415773.0,0.0,0.0,-2210.63077,0.0,-2702.67267,2269433.96447,0.0,53921.31627,-461.2480000000001,-186188.75761000003,-59106.157900000006,39369.56644000029,99.29767693138844,,15.11318742591399,13.043830332706731,16.530807344562238,14.316852770893627,15.450966097506923,12.46261241466014,15.687693716702096,8.646350091195526,25.878394901394778,16.409863897351794,16.307060415989255,18.79615992870763,14.64633179604154,18.053332894336585,17.022760930824894,19.257186614703702,13.004522697748316,13.87706128993516,9.815739863597212,13.228109872358422,7.308428571428572,21.4041866147037,15.587065627407338,12.485082683796254,17.00787987875308,12.43371448999258,15.824387813275697,14.350296907237007,2765.7132989422603,2387.020950885332,16.530807344562238,629.9415219193196,123.60772878005538,99.70089931728111,972.6370104355301,60.52445063836867,25.878394901394778,16.409863897351794,65.22824166395702,56.388479786122886,366.15829490103846,162.47999604902927,170.22760930824896,19.257186614703702,572.1989987009258,111.01649031948128,78.5259189087777,820.1428120862221,51.159,21.4041866147037,15.587065627407338,49.940330735185015,51.02363963625923,310.84286224981446,142.41949031948127,143.50296907237006,5.9245272671275195,12328.941242892366
2018-07-01,,,,,,,,,,,,,,,,,6.0,18280.0,702.0,,,18982.0,5073.0,3935.0,18021.0,18196.0,5039.0,1584.0,3775.0,55623.0,274980.895,71152.41500000001,53985.443,17166.972,-203828.48,11146.178,2578.736,944.226,69.63,4.8,4549.148,3352.202,13552.159,1324.805,1832.707,2249.463,3922.54,55.386,5469.17,1286.565,151.974,567.615,38313.734,6547.151,2578.044,813.071,69.63,4.8,3348.393,3350.2580000000003,13447.18,1149.254,1551.949,1626.469,2378.738,46.675,5022.977,1204.143,151.974,474.047,33752.057,0.0,0.0,6364.235000000001,0.0,1403.688,4667.537,6019.017,1349.319,13.287,5.275,20622.6,13540.485,376.074,187.989,0.0,406.519,1225.007,471.369,10153.931,719.596,92441.003,7293.148,18.767,7898.067,2263.578,1734.015,36940.166,1.033,144.923,1014.136,378.045,0.0,44.067,8.744,71.74,7817.33,50417.777,55390.659,28067.408,83458.067,8410.242,7842.208,16252.45,14388.899,114099.416,52355.215,4976.316,14934.09,12156.787,3631.453,9664.316,19022.641,116740.818,38894.669,4502.008,43396.677,743.984,274980.895,4599.027,0.6920000000000001,131.155,0.0,0.0,1200.755,1.944,104.979,175.55100000000002,280.758,622.994,1543.802,8.711,446.193,82.422,0.0,93.568,4561.677,230.882,4303.767,4534.648999999999,192.56,9.639,202.199,3299.781,8036.628999999999,6504.866,32.586,218.659,104.202,39.594,2.076,605.014,7506.997,1350.561,221.055,1571.616,51.73,17166.971999999998,3245199.0,929603.0,96227043.0,15559179.0,1.3133,1.1684619047619047,1.3161904761904761,2793.6433333333334,24978.231428571427,7756.86380952381,4.0,1.0,53.97965,3.753327,74.2540909090909,63.0,9.0,3.0,14.0,18.0,24.0,35.0,6.0,53.0,60.0,,,,58.0,,40.0,14.0,20.0,46.0,34.0,13.0,15.0,38.0,11.0,21.0,40.0,32.0,,,43.0,29.583333333333332,,,,,,,,,,,,,,,,,,,,,,,,,,,,,,,,,,,,,,,,,,,,,,,,,,0.0,0.65,0.0,0.0,0.0,0.5,0.0,0.4,0.15,4.0,8.05,5.462744434729246,6.758182168254908,6.191442696030068,3.1,7.0,1.54,5.0,1.96,0.0,1.18,4.75,1.4,1.75,0.0,0.5,1.96,2.5,101.37686,188338.09768,5884520.76816,0.0,16840.34632,283535.842331607,6373336.431351607,446083.95917,638842.39633,2871444.50692,330294.08919,0.0,1786295.29109,3.871230355,5358.78972,26766.0125,913.37144,0.0,267334.143761252,6373336.431351607,6636.09029,232967.20663,328654.50349000003,146179.94425,95250.95962,412.07492,5159.90543,31662.1176,49890.30436,708695.2909400001,1081.11159,42277.4967,14743.56967,5419.92666,1669030.5021500003,251156.70128334,1920187.2034333409,0.0,101.37686,101.37686,140166.13498,48171.9627,188338.09768,217373.85763,193062.24294,1669030.50215,3805054.16544,5884520.76816,6072960.2427,300376.188651607,6373336.431351608,373741.56636000006,449742.3720400001,564867.35947,0.0,9684.30585,187285.10898,180099.79345999996,0.0,180099.79665999996,-0.0031999999999999,0.0,36314.46876,36358.69499,115124.98743,43689.20398,0.0,32147.174850000003,164.42685,373741.56636,738878.3931699999,1762912.29664,1697463.37968,21759.71298,43689.20398,2501790.68981,2084359.91947,1949875.3256200005,11753.981140000002,1524574.2679100002,415773.0,0.0,0.0,-2225.92343,0.0,-4693.14964,1945182.1759800003,0.0,54019.02751000001,-664.42741,-186188.75761000003,247250.58391,24761.31708999968,100.0,,14.453425506522196,12.242995132071012,18.26925710757248,13.295417998680307,15.335611519858041,11.20329251287461,14.779853704597363,8.38620698913292,22.71858088844656,17.789281670807217,16.748846190751454,17.525736444535948,14.203419252208596,18.652759912348916,17.1302830601005,16.375806451612902,11.979243961983544,13.190336744767002,9.250782163776876,12.207811220449761,6.836016582677931,19.612296673620065,15.481173238100293,12.171470288870923,15.971698840919947,11.966065411607158,15.766682163492613,13.99939830235481,2644.976867693562,2240.4681091689954,18.26925710757248,584.9983919419334,122.68489215886433,89.62634010299688,916.3509296850365,58.70344892393043,22.71858088844656,17.789281670807217,66.99538476300582,52.577209333607854,355.0854813052149,167.87483921114026,171.30283060100498,16.375806451612902,527.0867343272758,105.52269395813602,74.006257310215,756.8842956678852,47.85211607874551,19.612296673620065,15.481173238100293,48.68588115548369,47.91509652275984,299.15163529017894,141.9001394714335,139.9939830235481,5.628719388923436,11713.36504834967
2018-08-01,,,,,,,,,,,,,,,,,7.0,21026.0,934.0,,,21960.0,4490.0,4341.0,20244.0,16700.0,3233.0,661.0,2326.0,51995.0,242342.471,62413.169,42607.902,19805.267,-179929.30200000005,17805.255,2195.31,1256.988,0.05,4.002,2612.608,3010.339,3102.9210000000003,1643.029,2236.561,1774.187,5834.116,118.187,2776.481,1769.811,278.979,609.689,25766.908,10121.334,2102.164,822.998,0.0,4.002,2260.021,2989.882,3068.793,1367.67,1552.944,1401.842,5242.869,51.921,2171.532,1369.101,237.771,518.817,22233.163,0.0,0.0,7977.036,0.0,1736.304,4563.655,5114.377,953.818,7.808,0.055,15192.718,7062.131000000001,340.915,166.031,7.752,356.30400000000003,5020.402,281.225,45.269,844.2330000000001,84711.852,5663.437,0.0,6335.678,2416.915,822.442,23250.897,0.391,43.646,959.173,640.373,0.0,20.767,0.0,145.678,7121.004,35421.286,45820.15,21013.522,66833.672,10646.64,8032.184,18678.824,15963.036,101475.532,41792.639,4040.279,12065.766,13853.552,3199.533,7038.348,18536.045,100526.162,34649.753000000004,4879.093,39528.846000000005,811.931,242342.47100000005,7683.921,93.146,433.99,0.05,0.0,352.587,20.457,34.128,275.359,683.617,372.345,591.247,66.266,604.9490000000001,400.71,41.208,90.872,3533.745,811.8480000000001,7742.54,8554.388,200.0,63.735,263.735,3404.416,12222.539,6452.536,17.655,12.896,134.111,15.758,76.224,218.47,6927.65,453.355,201.174,654.529,0.549,19805.267,2971038.0,1124195.0,47495839.0,6026398.0,1.3042,1.1546608695652174,1.2878391304347827,2857.8204347826086,25629.988260869566,7892.23347826087,3.0,0.0,48.01925,5.454652,72.52826086956522,64.0,5.0,4.0,,16.0,21.0,36.0,9.0,43.0,25.0,,,,55.0,,41.0,15.0,20.0,43.0,37.0,11.0,19.0,50.0,10.0,22.0,41.0,31.0,,,53.0,29.17391304347826,,,,,,,,,,,,,,,,,,,,,,,,,,,,,,,,,,,,,,,,,,,,,,,,,,0.0,0.65,0.0,0.0,0.0,0.0,0.0,0.05,0.15,4.0,8.05,5.437284198690642,6.747818623970826,6.203583940320539,2.95,7.0,1.54,5.0,1.69,0.0,1.18,4.75,1.54,1.75,0.0,0.7386,2.03,2.5,87.49045,188112.63605,5915627.69845,0.0,16792.43808,281385.502592919,6402005.765622919,487611.44458000007,619259.4246,2868115.77222,332051.66276000004,0.0,1796789.52079,4.013952044,5132.963180000001,27169.57596,843.9277399999999,0.0,265027.459840875,6402005.765622919,6722.267610000001,238749.60874,335103.74082,144657.00529,97463.48129,399.79655,5028.593110000001,32620.865,48867.23569,699434.04413,1214.52754,42086.47692,15037.69022,5354.74703,1672740.07994,249153.62056784003,1921893.70050784,0.0,87.49045,87.49045,140165.88411,47946.75194,188112.63605,222544.84275,220437.08267,1672740.07994,3799905.69309,5915627.69845,6103827.82495,298177.940672919,6402005.765622919,429883.73887,502627.12985,619803.25209,0.0,15785.95594,231724.17413,182736.6877,0.0,182736.6909,-0.0031999999999999,0.0,36314.46876,36065.84332,117176.12224,39696.138770000005,0.0,32882.82536,164.42685,429883.7388699999,712591.66926,1867826.8647600005,1806021.01301,22109.71298,39696.138770000005,2580418.53402,2110838.6563800005,1961780.28929,34580.0,1524574.2679100002,415773.0,0.0,0.0,-13146.97862,0.0,-3286.76008,1958493.5292100003,0.0,54132.9625,-1430.3810100000003,-186188.75761000003,244389.38182,41441.92147000027,98.4,,15.19722225517542,12.740140788364089,18.754989803096784,13.919957466767213,15.278292184096783,11.744192383019778,15.51409804672727,9.485028258521572,22.004937636122893,16.173897730685127,16.456662903180117,18.173191194444442,15.493623855049588,19.84376234341459,18.09498830827405,17.084666666666667,12.45286512789562,12.997307911134232,9.677881595217588,12.816837837728793,7.3459047619047615,19.638333333333332,15.13577219014807,11.890502566879578,16.419484340518512,12.564307025404434,16.597783351510266,14.388594204196265,2781.091672697102,2331.445764270628,18.754989803096784,612.4781285377574,122.22633747277426,93.95353906415822,961.8740788970907,66.39519780965101,22.004937636122893,16.173897730685127,65.82665161272047,54.51957358333333,387.3405963762397,178.59386109073128,180.9498830827405,17.084666666666667,547.9260656274073,103.97846328907386,77.4230527617407,794.6439459391852,51.42133333333334,19.638333333333332,15.13577219014807,47.56201026751831,49.25845302155553,314.10767563511087,149.3800501635924,143.88594204196264,5.645977264259158,11749.278686923308
2018-09-01,2957.246634495933,1034.2400123875927,370.1292087645454,190.12944656467067,75.8174334051414,62.939607338234815,282.757368894092,170.24840936196748,14.46901660194474,,2527.112883196191,1.762851030121796,195.1828835694185,430.1337512997426,,559.570396578204,8.0,22248.0,734.0,,,22982.0,3867.0,4167.0,13910.0,9487.0,1608.0,404.0,2316.0,35759.0,210626.385,66234.193,36249.646,29984.547,-144392.192,24520.786,2172.89,1292.321,0.03,1.27,3902.706,3890.521,3438.485,1030.154,1611.578,2652.713,2762.4880000000003,74.151,2394.818,1131.836,140.111,364.65,23394.211000000007,6248.7880000000005,2153.177,1181.571,0.03,1.27,2935.535,3842.745,3332.206,1022.638,1338.375,1853.702,2068.494,65.046,1800.476,956.938,139.548,305.838,19661.540999999997,120.104,2.048,5773.557,0.0,1222.707,4755.361,6414.467000000001,1435.125,22.292,0.1,13806.705,2697.18,423.087,200.214,0.76,492.684,739.48,510.045,2.214,328.696,79568.611,4066.825,0.76,4754.868,2325.127,1136.164,32598.901,122.197,64.97,1077.894,456.524,0.0,41.089,0.359,670.2280000000001,0.91,38494.363000000005,42101.389,18449.296,60550.685000000005,10012.893,8191.603,18204.496,18218.428,96973.609,33659.8,3127.559,8716.099,11163.261,2364.869,7933.885,15470.974,82436.447,27200.354,3409.061,30609.415,606.914,210626.385,18271.998,19.713,110.75,0.0,0.0,967.171,47.776,106.279,7.516,273.20300000000003,799.011,693.994,9.105,594.342,174.898,0.5630000000000001,58.812000000000005,3732.670000000001,1534.502,5077.749,6612.251,58.474,99.62,158.094,15642.401,22412.746,6003.81,1.488,89.748,129.347,35.432,0.0,1009.878,7269.702999999999,90.923,180.787,271.71000000000004,30.388,29984.547,2829488.0,702641.0,78404857.0,52896326.0,1.3034,1.1666947368421052,1.3066315789473684,2901.5005263157896,26232.667894736842,7983.307368421052,3.0,1.0,44.357875,4.302094,78.89099999999999,56.0,9.0,,,19.0,26.0,34.0,8.0,,50.0,,,,71.0,,40.0,15.0,19.0,37.0,36.0,10.0,13.0,11.0,10.0,19.0,38.0,29.0,,,53.0,28.714285714285715,,16.76657447547561,15.7006664203848,29.581154223214774,9.765013290270774,9.52969361979392,69.43306034071568,47.52433419091297,0.8098032939605664,6.41227422473328,68.5719645784108,70.47904348649003,34.17700641043722,44.06929340838396,42.91003040168009,10.82,586.59,225.61839200000003,60.38839199999995,396.3,71.42,3.21,39.09,0.0,33.23,5.86,39.09,131.80839199999997,11.093311,71.863459,0.0,0.0,10.483192,113.911524,18.266906,0.0,225.61839200000003,0.0,60.72,0.0,55.09,38.64,8.99,2.73,396.3,230.13,600.6200000000001,661.0083920000001,661.0083920000001,0.0,0.65,0.0,0.0,0.0,0.0,0.0,0.05,0.15,4.0,8.05,5.414350935726278,6.690084392700261,6.008345860963321,2.93,7.0,1.54,5.0,1.71,0.0,1.2,4.75,1.51,1.75,0.0,0.75,2.13,2.53,8464.25856,189132.00172000003,5914994.2514,0.0,16759.02452,280771.411579557,6410120.947779557,461645.32647,627225.17111,2877264.85248,338983.20632000006,0.0,1807471.9553,4.005717269,4685.1084200000005,27308.88958,888.1466999999999,0.0,264644.285682288,6410120.947779558,6560.395219999999,240609.2113,335443.46126,141797.39081,98214.27196,405.14496,4853.354719999999,32944.69397,47376.42883,718959.79701,1153.87958,41830.98978,15012.86145,5379.72178,1690541.60263,248207.95615900104,1938749.5587890008,0.0,8464.25856,8464.25856,140166.00183000002,48965.99989,189132.00172000003,220899.10596,189534.09011,1690541.60263,3814019.4527,5914994.2514,6112590.51168,297530.436099557,6410120.947779557,453257.0301,525593.12577,641500.16003,0.0,15348.90389,163673.9168,274189.993,99658.6045,174531.3885,0.0,0.0,36314.46876,36065.84332,115907.03426,39691.20655,0.0,32480.46227,164.42685,453257.0301,711205.20552,1886905.49351,1818905.79002,28308.49694,39691.20655,2598110.69903,2105162.4623799995,1977751.65538,59300.0,1524574.2679100002,415773.0,0.0,0.0,-21895.61253,0.0,-3367.23175,1974384.42363,0.0,54343.252530000005,-1248.77258,-186188.75761000003,243730.95021,20141.36619999957,98.3,,14.876558031135604,12.497261458024823,20.052479164710007,14.19799581889708,15.17300599817433,11.807435565726008,14.612412087545252,9.761639010757076,21.912957247150807,20.24453947649771,14.947850641874318,20.089224553647973,14.932085694465092,19.779223104736136,17.396954623098374,15.710193049693483,12.260514396850398,12.998939218414723,9.799851717418582,12.273580855492522,7.503004926108374,18.88310344827586,18.648675270766248,12.39053720534478,17.244409087892713,12.309386284940983,16.20155061143463,14.357687786693454,2722.4101196978154,2286.9988468185425,20.052479164710007,624.7118160314715,121.38404798539464,94.45948452580807,905.9695494278055,68.33147307529954,21.912957247150807,20.24453947649771,59.79140256749727,60.267673660943906,373.30214236162726,178.01300794262522,173.96954623098375,15.710193049693483,539.4626334614176,103.99151374731778,78.39881373934865,760.9620130405362,52.52103448275862,18.88310344827586,18.648675270766248,49.56214882137912,51.73322726367814,307.7346571235246,145.81395550291168,143.57687786693452,5.757922954865297,11982.237669074684
2018-10-01,,,,,,,,,,,,,,,,,8.0,18208.0,1045.0,,,19253.0,4681.0,4984.0,18910.0,13424.0,1872.0,472.0,2176.0,46519.0,298100.30000000005,75576.244,46347.521,29228.723,-222524.05600000004,14372.105,2011.003,1616.114,0.0,0.0,4173.621,6951.552000000001,4353.848,1113.909,2526.19,2976.165,3068.793,67.23,2176.724,1583.082,499.669,373.823,29864.606,6160.736,1974.863,1382.136,0.0,0.0,3388.908,6862.25,4115.453,733.538,2181.804,2369.612,2496.5370000000003,51.599,1688.555,1455.808,499.669,327.783,26171.516000000003,0.0,1.027,6644.169,0.0,2038.406,5916.799,7738.454,1574.31,11.299,2.299,16047.193,6373.5650000000005,234.945,171.19,0.0,596.388,2197.593,1417.598,69.533,1686.318,100840.106,6497.8150000000005,0.235,4979.665,2132.146,1636.04,47205.222,119.86,167.922,1191.555,748.798,0.65,24.451,12.904,577.078,16.562,53833.18800000001,57939.792,29422.386,87362.178,4995.03,12631.369,17626.399,21172.582,126161.159,65485.454,5386.477,10984.794,13431.715,4231.883,5423.217000000001,22845.469,127789.009,38806.413,3877.283,42683.696,1466.436,298100.3,8211.369,36.14,233.978,0.0,0.0,784.713,89.302,238.395,380.371,344.386,606.553,572.256,15.631,488.169,127.274,0.0,46.04,3693.0899999999992,1774.774,6878.3,8653.074,40.0,160.04500000000002,200.045,4132.72,12985.839,14266.004,29.101,234.833,165.062,261.781,8.24,556.224,15521.245000000004,432.981,246.054,679.035,42.604,29228.723,2980912.0,1409746.0,50255682.0,17470613.0,1.3004,1.148759090909091,1.3011863636363636,2785.4647826086957,25609.341739130436,7527.083913043478,4.0,1.0,66.226283,7.720284,81.03217391304348,67.0,9.0,,,20.0,31.0,40.0,12.0,,35.0,,,,80.0,,38.0,18.0,17.0,32.0,37.0,12.0,12.0,11.0,9.0,16.0,31.0,24.0,4.0,,48.0,27.40909090909091,,,,,,,,,,,,,,,,,,,,,,,,,,,,,,,,,,,,,,,,,,,,,,,,,,0.0,0.65,0.0,0.0,0.0,0.0,0.0,0.05,0.15,4.0,8.05,5.39904698949251,6.708938951448603,6.085710137873241,0.5,7.0,1.54,5.0,1.79,0.0,1.66,4.75,1.73,2.0,0.0,0.75,2.25,2.75,8538.74691,66690.92754,5867476.59523,0.0,16795.903716875,233141.454307888,6192643.627704763,477436.57123,620397.3225399998,2871584.12178,337672.1403,0.0,1635616.11383,31.406773475,4715.73382,27181.99328,843.0191,0.0,217165.205051288,6192643.627704763,6495.15283,244186.72692,327632.79276,147904.80663,96402.50042,402.27587,4835.02659,34733.14761,48239.57057,727789.19779,1336.81778,41425.167420000005,15655.32671,4615.34986,1701653.8597599997,200839.681666588,1902493.541426588,0.0,8538.74691,8538.74691,16551.82842,50139.09912,66690.92754,224029.73437,136636.94675,1701653.85976,3805156.05435,5867476.59523,5942706.26968,249937.358024763,6192643.627704763,455447.6357299999,628908.9962599999,742943.66071,0.0,20570.12073,255446.34527,281170.21758,99652.1875,181518.03008,0.0,0.0,36314.46876,35407.84392,114034.66445,37672.5259,101230.67579,1913.26972,32644.889120000003,455447.6357299999,727908.59737,1806303.44743,1740787.21539,27843.70614000001,37672.5259,2534212.0448,2041091.8831700005,597670.4198,0.0,207220.0,0.0,414440.0,0.0,-23989.5802,0.0,-1723.1114800000005,595947.3083200001,0.0,54472.30511,-1060.211779999991,-186188.75761000003,1566709.63093,11211.608200000286,98.4,,15.013951601174254,12.521517952629406,23.706265088743873,13.960357021073834,15.232373551553824,12.593116721658616,14.624721766340459,9.32165440979507,22.20705978364205,28.028483262113877,14.833847515340063,20.739934883520146,15.129503311404196,21.325788955085155,17.304249529297472,17.21483870967742,12.38858122252851,13.013359224838679,9.906375793879928,12.282889485248006,7.1406912442396315,18.00032258064516,16.92490222007162,11.9948604983064,17.221221404802858,12.318935556880273,16.22836813471125,14.564647274268786,2747.5531430148885,2291.437785331181,23.706265088743873,614.2557089272487,121.85898841243059,100.74493377326893,906.7327495131084,65.25158086856548,22.20705978364205,28.028483262113877,59.33539006136025,62.219804650560434,378.2375827851049,191.9321005957664,173.04249529297468,17.21483870967742,545.0975737912545,104.10687379870943,79.25100635103942,761.5391480853763,49.98483870967742,18.00032258064516,16.92490222007162,47.9794419932256,51.66366421440858,307.97338892200685,146.05531321240124,145.64647274268788,5.703120777253559,11868.194337464654
2018-11-01,,,,,,,,,,,,,,,,,55.0,87042.0,26001.0,,,113043.0,6316.0,6225.0,22456.0,18543.0,2781.0,678.0,2658.0,59657.0,300394.63300000003,80695.033,42043.603,38651.43,-219699.60000000003,14420.343,2114.719,1518.422,0.02,0.13,4257.572,2814.2670000000003,4869.088,1881.128,1787.765,2244.059,4260.661,25.086,3705.864,1458.651,358.705,379.254,28042.10000000001,5899.955,2114.719,1428.074,0.02,0.13,3743.424,2606.739,4785.689,1665.189,1472.596,1878.036,3103.256,14.479,2784.598,1140.999,276.854,318.547,23790.406,120.4,0.26,6314.822,0.0,2215.122,4533.650000000001,9486.087,1452.234,35.879,0.0,13675.007,4210.142,268.246,144.04,3.14,568.842,579.029,1572.468,665.696,408.681,111870.003,5271.7970000000005,1.79,6569.338,2314.314,1345.428,51641.909,28.841,174.599,1473.571,553.677,0.0,36.448,6.686,43.916,42.167,57661.556,57385.794,27032.475,84418.269,9675.436,13912.796,23588.232,21708.648,129715.149,67507.176,2819.534,11700.561,12148.172,3591.2090000000003,7585.636,18018.73,123371.018,41285.498,4950.673,46236.171,1072.295,300394.633,8520.388,0.0,90.348,0.0,0.0,514.148,207.528,83.399,215.939,315.169,366.023,1157.405,10.607,921.266,317.652,81.851,60.707,4251.694,1567.068,7209.441,8776.509,38.4,71.295,109.695,3740.723,12626.927,24339.095,23.434,67.705,169.882,153.587,0.313,610.3820000000001,25364.398000000005,366.929,247.176,614.105,46.0,38651.43000000001,3551019.0,1387207.0,77881396.0,12848059.0,1.3205,1.13639,1.289995,2723.229523809524,25258.675238095242,7236.081428571428,4.0,1.0,61.949207,6.015286,64.74818181818182,74.0,10.0,,,19.0,28.0,42.0,10.0,5.0,38.0,,,,81.0,,39.0,18.0,19.0,34.0,44.0,13.0,12.0,10.0,12.0,17.0,33.0,30.0,4.0,,47.0,27.782608695652176,,,,,,,,,,,,,,,,,,,,,,,,,,,,,,,,,,,,,,,,,,,,,,,,,,0.0,0.65,0.0,0.0,0.0,0.0,0.0,0.05,0.15,4.0,8.05,5.377184773225128,6.683796538682552,6.008329982297121,0.5,7.0,1.54,5.0,1.95,0.0,1.24,4.75,1.72,2.0,0.0,0.75,2.33,2.75,96.72125,63669.69161,5850532.6246,0.0,17129.49564,231594.2017541,6163022.734854099,452363.33591,634517.82838,2881094.86009,340029.24523,0.0,1606293.7678500002,0.5977941,4547.293100000001,27429.57756,864.01894,0.0,215882.21,6163022.734854101,6362.90024,246824.8607,329354.89205,146478.24561,92948.97968,393.88741,4661.21768,35801.64159000001,50596.828590000005,742194.7697000001,1215.64066,41455.14256,15465.12182,5136.34748,1718890.47577,199650.0752941,1918540.5510641,0.0,96.72125,96.72125,16551.80272,47117.88889,63669.69161,224482.82265,81358.05006000001,1718890.47577,3825801.27612,5850532.6246,5914299.03746,248723.6973941,6163022.7348541,600720.0408099999,779924.94487,893908.7760000001,0.0,11756.490860000002,415278.28973,281537.90178,99643.243,181894.65878,0.0,0.0,36314.46876,35037.79374,113983.83113,37653.13027,101230.67579,7344.139980000001,32976.958020000005,600720.0408099999,743855.04403,1893539.84692,1827894.63908,27992.077570000005,37653.13027,2637394.89095,1999021.71987,536772.17619,88800.0,207220.0,0.0,414440.0,0.0,-173687.82381,0.0,-3753.51097,533018.6652200001,0.0,54597.19470000001,-813.8932199999912,-186188.75761000003,1566428.26302,31980.24775999975,99.2,,14.26573757619349,11.98899523787755,22.190100548675897,12.99530755344299,15.195939483006923,11.997061443803766,14.198907757604282,7.769455449095238,21.576059004184337,24.70129252891245,14.97926753304648,19.74627443408193,14.422264357992384,19.666421036017756,16.139622377212607,17.905666666666665,11.629491809914983,13.052242917629602,9.170629987009258,11.764774837033453,6.4653809523809525,16.186666666666667,15.046438856814738,11.838539246536985,16.413311024506168,12.063172662817768,15.954299010991754,13.893092917629604,2610.629976443409,2193.9861285315915,22.190100548675897,571.7935323514916,121.56751586405538,95.97649155043013,880.3322809714654,54.38618814366667,21.576059004184337,24.70129252891245,59.91707013218592,59.238823302245784,360.55660894980963,176.9977893241598,161.39622377212606,17.905666666666665,511.6976396362592,104.41794334103682,73.36503989607407,729.416039896074,45.257666666666665,16.186666666666667,15.046438856814738,47.35415698614794,49.2399330735185,301.57931657044423,143.58869109892578,138.93092917629602,5.3654513091151,11165.504174268524
2018-12-01,3128.7957467147166,1041.3945081535942,386.2002893307887,185.2894977670587,75.92759304317958,59.49073419316073,284.34794930422606,192.769449836456,16.493951071249427,,2621.37391255835,0.0,255.16165012674944,507.4218341563662,,631.7201238882543,77.0,121350.0,29069.0,,,150419.0,7232.0,5429.0,22276.0,25542.0,6248.0,1709.0,4515.0,72951.0,272254.794,74723.517,36915.061,37808.456000000006,-197531.277,13355.461,3021.123,1155.221,1.213,0.0,4275.625,6125.8730000000005,2400.293,1226.425,1994.02,2266.087,2654.623,148.808,1535.295,1452.842,34.093,300.805,24414.789,5657.3820000000005,3013.849,753.0020000000001,1.15,0.0,4058.443,6116.965,2328.472,983.444,1381.645,1521.644,1765.636,112.947,1313.441,1079.173,34.093,295.968,20991.871,0.0,7.534,4302.731,0.0,1692.824,4522.89,6699.4400000000005,856.548,20.071,0.24,14949.814,3862.969,247.181,82.68,0.0,314.928,852.105,1800.89,39.296,525.889,88412.67,5288.643,33.88,7393.939,2042.386,4000.673,55070.991,148.514,119.79,1700.526,714.468,0.0,51.947,0.2,255.018,0.16,64104.673,56619.224,26402.012,83021.236,4604.559,12123.869,16728.428,22207.133,121956.797,62503.027,3318.154,10468.662,10699.523,2951.058,3015.833,15208.053,108164.31,35309.187,5680.135,40989.322,1144.365,272254.794,7698.079,7.274,402.219,0.063,0.0,217.182,8.908,71.821,242.981,612.375,744.443,888.987,35.861000000000004,221.854,373.669,0.0,4.837,3422.918,882.585,7993.04,8875.625,216.56,197.974,414.534,2050.975,11341.134,25010.961,7.473,16.908,99.053,80.563,2.129,507.328,25724.415,231.559,349.188,580.747,162.16,37808.456000000006,2737850.0,1872100.0,141497677.0,39990672.0,1.3436,1.1380388888888888,1.2663722222222222,2567.3073684210526,23805.545263157896,6814.291578947368,3.0,1.0,66.733675,3.019864,57.36235294117647,88.0,10.0,,17.0,21.0,27.0,62.0,17.0,,70.0,,33.0,,84.0,,43.0,24.0,22.0,37.0,46.0,14.0,12.0,9.0,9.0,18.0,35.0,31.0,4.0,,55.0,32.833333333333336,,14.601160849197043,13.810425124293072,16.709598575577765,8.496185945722013,6.482491238805528,72.52773711129291,62.04570822434191,-0.9936505568744848,-5.010809453733099,68.1924003775919,68.67208735983598,23.97233932630611,29.788417685651307,57.59528954652788,36.63,632.6899999999999,281.588694,55.018694000000096,412.91,46.76,2.8,32.64,0.0,31.48,1.16,32.64,101.77869400000009,10.842647,41.557526,0.0,0.0,28.131871,85.993864,115.062786,0.0,281.588694,0.0,70.18,0.0,59.11,55.38,0.08,2.98,412.91,225.18,672.1199999999999,727.138694,727.138694,0.0,0.65,0.0,0.15,0.0,0.0,0.0,1.0,0.15,4.0,8.05,5.362898749087117,6.71113670835592,6.114644218542984,0.5,7.0,1.54,5.0,2.05,0.0,1.24,4.75,1.67,2.0,0.0,0.75,2.37,2.85,291.76317,45903.307324452,5855026.35879,0.0,17166.05456,227082.21921751896,6145469.703061971,473200.217204452,620960.0761799999,2878153.91421,336859.16604,0.0,1592048.05365,0.784908594,4540.88996,28043.10564,1221.6905,0.0,210441.802768925,6145469.701061971,6794.36374,244133.67074,321862.99456,143348.55203,96232.9699,466.45643,4603.84168,33710.853630000005,52976.85875,761264.02963,5231.47935,41764.4731,15149.99413,5101.56895,1732642.1066200002,194291.59010255,1926933.6967225503,0.0,291.76317,291.76317,0.38382,45902.923504452,45903.307324452,223929.21209,79817.23704,1732642.1086199998,3818637.80104,5855026.35879,5901221.429284452,244248.27377751897,6145469.703061972,832330.41677,999284.63016,1014241.89684,0.0,14050.33635,369969.3961,544008.08128,99607.6735,284162.50778,160237.9,0.0,36314.46876,34942.34767,14957.266680000002,37589.61736,101230.67579,34.002590000000005,28099.917650000003,832330.41677,783692.3890800001,1875204.54679,1809301.36486,28313.56457,37589.61736,2658896.93587,1788976.90174,324344.3430699999,82150.0,207220.0,0.0,424344.06601,0.0,-389369.72294000007,0.0,-3411.7836500000003,320932.5594199999,0.0,54726.24728,-2620.588819999991,-186188.75761000003,1639242.15611,-37114.71464000011,99.0,,15.082029559467633,12.930300779817449,18.695735243353663,14.302053263897458,15.586624836311888,11.640395223917798,15.398709151642397,7.961550564708955,22.012175787691405,20.32108403420248,16.040946973232504,18.98224874328527,15.091882781974316,19.23891856508796,16.986721811127705,17.85276124003584,12.893022537215701,13.16439468985212,9.945254700421136,13.280949601730834,7.525529953917051,18.234489970573453,13.550540527455103,11.273231403189907,16.064416902580625,12.45295463756271,15.9551265520629,14.01332979959853,2760.011409382577,2366.2450427065933,18.695735243353663,629.2903436114881,124.6929986904951,93.12316179134238,954.7199674018286,55.73085395296269,22.012175787691405,20.32108403420248,64.16378789293002,56.946746229855805,377.2970695493579,173.15026708579165,169.86721811127705,17.85276124003584,567.2929916374909,105.31515751881696,79.56203760336909,823.4188753073116,52.678709677419356,18.234489970573453,13.550540527455103,45.09292561275963,48.193250707741875,311.3238659390678,143.59613896856612,140.13329799598532,5.888677715243543,12254.338325421813
2019-01-01,,,,,,,,,,,,,,,,,77.0,107587.0,34179.0,,,141766.0,7896.0,6295.0,21744.0,21849.0,4074.0,1321.0,6317.0,69496.0,260496.015,77651.448,36921.953,40729.495,-182844.567,15415.659,2250.391,1297.441,0.0,0.053,4780.186,5255.027,4131.118,1860.745,1625.113,1810.595,2223.533,64.611,1836.274,670.631,117.841,611.0260000000001,24986.700000000008,6926.718,2226.4990000000003,1062.577,0.0,0.053,3853.961,5210.895,3977.921,1357.087,1310.289,953.645,1930.26,54.566,1270.474,536.898,117.688,484.013,21057.696999999996,0.02,0.0,6993.705,0.0,1192.878,4320.78,5961.984,1202.666,5.064,0.976,11695.575,5548.305,434.043,294.588,2.71,190.857,518.688,1122.529,2561.417,423.473,90367.43,4643.28,3.716,7145.068,1755.168,1678.232,38172.279,19.894,25.048,1118.719,704.196,9.31,2.67,6.236,502.47,0.11,43994.332,52285.076,18868.383,71153.459,6974.476000000001,8952.54,15927.016,16413.518,103493.993,63035.130000000005,3712.157,11452.383,10524.416,2113.938,7201.037,14441.519,112480.58,39345.021,4165.111,43510.132,1011.31,260496.015,8488.941,23.892,234.864,0.0,0.0,926.225,44.132,153.197,503.658,314.824,856.95,293.273,10.045,565.8000000000001,133.733,0.153,127.013,3929.003,1958.67,6189.2970000000005,8147.967000000001,175.0,22.108,197.108,5112.081,13457.156,25738.916,14.216,8.823,199.516,81.095,48.329,672.49,26763.38500000001,274.338,213.585,487.923,21.031,40729.49500000001,2141962.0,761192.0,36124031.0,15588621.0,1.33,1.1417899999999999,1.29007,2607.3900000000003,24157.795238095237,6979.655714285714,5.0,1.0,54.772749,3.054194,59.40954545454545,93.0,12.0,4.0,,21.0,25.0,41.0,11.0,4.0,70.0,46.0,,,88.0,,64.0,24.0,31.0,67.0,71.0,16.0,18.0,15.0,12.0,31.0,64.0,48.0,,,92.0,40.333333333333336,,,,,,,,,,,,,,,,,,,,,,,,,,,,,,,,,,,,,,,,,,,,,,,,,,0.0,0.65,0.0,0.0,0.0,0.0,0.0,0.05,0.15,4.0,8.05,5.3464915808429465,6.663349404262495,5.992656259714379,0.5,7.0,1.54,5.0,2.27,0.0,1.24,4.75,1.66,2.0,0.0,0.75,2.37,3.0,90.86583,44736.82003,5804832.81748,0.0,17153.78866,225904.596840616,6092718.888840616,414392.09715,637729.44346,2877578.66586,331498.90164000005,0.0,1588461.39453,0.542952879,4534.6190400000005,27889.3615,921.5729,0.0,209712.289107737,6092718.888140617,6796.075940000001,240971.21902,307074.07813,144967.10614,96875.18876,427.26438,4631.65916,36325.57731,54443.026020000005,756996.9899500001,5364.84566,41482.6442,15036.91315,5095.3916,1716487.97942,193507.973821362,1909995.953241362,0.0,90.86583,90.86583,0.47082,44736.34921,44736.82003,207472.06533,69222.0515,1716487.9804200002,3811650.72023,5804832.81748,5849660.503339999,243058.385500616,6092718.888840616,851944.9781500001,1019316.59781,1033561.76178,0.0,14545.726890000002,317939.78586,615574.2686300001,99601.729,285434.13962000003,230538.40001,0.0,36314.46876,34942.34767,14245.16397,37665.45808,101230.67579,34.00258,28441.48321,851944.9781499999,731099.93053,1865187.62401,1798678.1552100002,28844.01072,37665.45808,2596287.55454,1706677.1183100005,264668.8938199999,22416.0,207220.0,0.0,424344.06601,0.0,-389311.17219000007,0.0,-7900.193939999999,256768.69987999988,0.0,54726.24728,-2379.850579999991,-186188.75761000003,1636845.4713,-53094.6919599998,98.8,,15.153104277510975,13.191485262684632,17.55255820269957,14.330882646716661,15.701103020544641,12.53895336808589,15.522259744374145,8.164088860616069,22.43029081994947,15.89234030523862,16.20276523647318,19.04434848004262,15.374580666206278,19.187114223409157,16.214222866467384,17.105806451612903,13.193640919715696,13.052231748911256,9.780002955515215,13.81093308833795,7.520973257521761,16.57919914512539,13.819572785519618,11.40127007515227,16.605982477216227,12.712803883632958,16.050681967933063,13.67352197720426,2773.018082784508,2414.0418030712876,17.55255820269957,630.5588364555332,125.60882416435713,100.31162694468712,962.380104151197,57.14862202431247,22.43029081994947,15.89234030523862,64.81106094589272,57.133045440127866,384.364516655157,172.68402801068243,162.14222866467384,17.105806451612903,580.5202004674907,104.41785399129004,78.24002364412172,856.277851476953,52.64681280265232,16.57919914512539,13.819572785519618,45.60508030060908,49.81794743164868,317.82009709082394,144.45613771139756,136.73521977204263,6.049416394122597,12588.835516169123
2019-02-01,,,,,,,,,,,,,,,,,59.0,82247.0,31328.0,,,113575.0,6731.0,5954.0,26283.0,21979.0,3436.0,1240.0,2986.0,68609.0,240390.07800000004,87767.02100000001,54931.03800000001,32835.983,-152623.05700000003,16788.441,2697.281,1456.216,23.354,0.03,3523.728,4950.825,13176.034,1670.279,3880.505,1725.08,3077.593,32.751,2216.466,1991.398,183.563,595.096,37023.318,9801.79,2564.685,1158.409,23.354,0.03,3370.577,4891.213,13029.077,1468.202,3420.808,1331.331,2409.972,28.941,1753.433,1857.375,141.214,465.479,34167.622,0.004,0.0,6309.762,0.0,1822.233,4717.45,7039.703,1241.417,14.053,0.999,14939.263,18846.154,399.858,173.869,1.115,335.707,6517.737,1057.791,9863.374,496.703,74530.876,5075.041,4.189,6400.557,2305.038,4108.233,38652.165,62.648,74.31,1082.517,633.029,0.317,16.633,0.0,374.381,33.22,47342.49100000001,54047.435,22209.318,76256.753,7664.575,5724.0650000000005,13388.64,14866.408,104511.801,54833.005000000005,4867.548,7922.684,9823.395,1743.893,3737.269,15687.788,98615.582,33472.749,3151.509,36624.258,638.437,240390.078,6986.651,132.596,297.807,0.0,0.0,153.151,59.612,146.957,202.077,459.697,393.749,667.621,3.81,463.033,134.023,42.349,129.617,2855.6960000000004,1004.352,5246.666,6251.018,0.0,66.912,66.912,2684.919,9002.849,21395.964,21.595,28.167,170.708,143.44400000000002,40.84,893.198,22693.916,642.7,453.708,1096.408,42.81,32835.983,2578347.0,1231909.0,128806401.0,87055641.0,1.3209,1.1349444444444443,1.3016333333333334,2754.8642105263157,25605.526842105264,7430.077368421053,5.0,1.0,40.569814,4.311296,63.9605,89.0,16.0,7.0,,18.0,31.0,41.0,10.0,,88.0,,29.0,,85.0,,51.0,28.0,27.0,56.0,55.0,15.0,18.0,15.0,12.0,23.0,51.0,39.0,4.0,,68.0,36.5,,,,,,,,,,,,,,,,,,,,,,,,,,,,,,,,,,,,,,,,,,,,,,,,,,0.0,0.65,0.0,0.0,0.0,0.0,0.0,0.05,0.15,4.0,8.05,5.339637218980216,6.608937558203592,5.912686150760856,0.5,7.0,1.54,5.0,2.27,0.0,1.24,4.75,1.67,2.0,0.0,0.75,2.39,3.0,82.52492,45099.73051,5819888.88784,0.0,17162.91105,221987.817367162,6104221.871687162,446328.4320100001,628041.14699,2869041.5771500003,330944.98672,0.0,1590715.0004000005,0.64654165,4363.83322,27411.3518,775.8747599999999,0.0,206599.022095512,6104221.871687164,6522.97055,241154.21263,317911.54575,143541.51465,95601.65434,466.5043,4864.74181,35963.86546,55583.67231,758779.71214,5396.20359,41327.53257,14971.39448,5034.80326,1727120.3278400002,190688.18625675,1917808.5140967504,0.0,82.52492,82.52492,0.4873,45099.24321,45099.73051,216984.59604,75566.94433,1727120.32784,3800217.01963,5819888.88784,5865071.14327,239150.728417162,6104221.871687162,867870.12614,1037533.52787,1052355.01028,0.0,23111.89134000001,377436.96152000007,566677.72914,49694.6735,286721.05565999995,230261.99998,0.0,36314.46876,33992.47711,14821.48241,42876.459030000005,101230.67579,0.0,25556.26691,867870.12614,728305.55802,1953231.85376,1881756.78539,28598.609340000003,42876.459030000005,2681537.41178,1770790.82661,332330.5734299999,86275.0,207220.0,0.0,424344.06601,0.0,-385508.4925800001,0.0,-8097.07807,324233.4953599999,0.0,54726.24728,-4109.566349999992,-186188.75761000003,1636254.1971999998,-54124.78926999975,99.4,,14.951097545628738,12.772386632248015,19.398043159295604,14.127575832537346,15.237050747223103,11.934029358428248,15.215363634933505,8.506586393550036,23.128277690526676,16.98744964468072,15.335680168952448,20.315004475109724,14.814179993522322,18.89421273472059,17.196630420629212,18.15892857142857,12.661828836633292,13.15819773409223,9.924051639568443,12.997505026021502,7.567534670017006,18.605685324563467,15.049198830833253,11.810438492351137,15.771342615886228,12.327322060788873,15.790851867508783,14.007992272559486,2736.0508508500593,2337.3467537013867,19.398043159295604,621.6133366316433,121.89640597778482,95.47223486742598,943.3525453658774,59.54610475485025,23.128277690526676,16.98744964468072,61.342720675809794,60.94501342532917,370.354499838058,170.0479146124853,171.9663042062921,18.15892857142857,557.120468811865,105.26558187273784,79.39241311654754,805.8453116133331,52.97274269011904,18.605685324563467,15.049198830833253,47.24175396940455,47.31402784765868,308.1830515197218,142.11766680757904,140.07992272559486,6.087565404704734,12668.223607190552
2019-03-01,3181.4105712523155,1066.533736358318,428.9411313474137,167.33809905190364,72.47724572478167,70.82513171155234,256.8196878979608,187.0296722775209,13.831627988436844,,2593.508340687857,3.202104460766269,326.8453221146185,587.902230564458,,587.5668123190428,68.0,92321.0,27255.0,,,119576.0,7019.0,7248.0,28930.0,21573.0,2954.0,711.0,2234.0,70669.0,269829.489,83120.937,47390.701,35730.236000000004,-186708.552,14448.558,3684.084,1091.583,0.0,0.18,4453.042,4473.238,3787.249,1631.298,3258.379,3217.703,2651.906,180.409,2498.573,2026.315,107.945,415.325,28701.382,9171.162,3032.761,855.8290000000001,0.0,0.0,4221.0,4398.469,3385.789,1631.298,3034.443,2236.466,2245.303,176.728,1647.663,1850.607,29.707,290.82800000000003,25148.301000000003,120.0,0.24,7592.979,0.0,1831.364,3886.993,7639.922,1404.181,27.728,0.628,19044.299,5842.367,536.042,262.576,0.36,271.002,2513.909,1431.42,394.42,432.638,93238.167,4704.189,3.008,5400.823,2191.307,1636.687,43258.217,226.573,146.53,1087.033,812.916,0.0,5.526,0.0,396.086,3.989,49764.864,58230.409,21810.28,80040.689,4920.37,5507.400000000001,10427.77,17302.372,107770.831,69475.82400000001,4829.2880000000005,7593.676,11123.962,2403.882,7962.877,15290.01,118679.519,39267.869,3554.433,42822.302,556.837,269829.489,5277.396,651.323,235.754,0.0,0.18,232.042,74.769,401.46,0.0,223.936,981.237,406.603,3.681,850.91,175.708,78.238,124.497,3553.081,757.668,4282.642,5040.31,318.175,37.947,356.122,3033.2090000000003,8429.641,25485.38,0.17,42.552,278.245,131.935,3.177,593.005,26534.464,446.757,293.399,740.156,25.975,35730.236,2878275.0,1096223.0,111888424.0,13799928.0,1.3371,1.1296142857142857,1.3166571428571427,2803.9838095238097,25722.620952380956,7629.366666666667,4.0,1.0,51.410843,4.26731,66.13857142857144,82.0,8.0,,,21.0,30.0,41.0,12.0,7.0,59.0,51.0,23.0,,87.0,,47.0,23.0,24.0,52.0,51.0,15.0,20.0,19.0,14.0,21.0,47.0,37.0,,,67.0,35.75,,13.812506993235257,12.899036576213453,15.542470489400676,7.742468709361036,5.872592919226683,73.20163815727085,64.41738402182492,1.2343480779250515,-26.297957588280514,68.60302804128692,75.35084372807599,26.09298148129658,32.38098514454433,73.53268956876413,122.4697,913.67,372.67401400000006,-104.75048600000014,497.8999999999999,68.64,1.7048,62.52,0.06,49.94,12.52,62.52,-36.11048600000014,7.152772,152.248986,0.0,0.0,27.022976,168.393061,17.856219,0.0,372.67401400000006,0.0,86.53,0.0,55.52,80.02,0.05,2.95,497.8999999999999,272.83,1037.8445000000002,933.094014,933.094014,0.0,0.65,0.0,0.0,0.0,0.0,0.0,0.05,0.15,4.0,8.05,5.33332671340511,6.560493569258487,5.84339710092284,0.5,7.0,1.54,5.0,2.19,0.0,1.24,4.75,1.66,2.0,0.0,0.75,2.4,3.0,115.74465,44939.9129,5806876.35697,0.0,17097.67384,220515.66626823696,6089545.354628237,432568.26629,630139.88908,2864342.43869,323181.99604,0.0,1601699.42442,0.6238908500000001,4351.33882,28120.52468,774.04962,0.0,204366.80309738705,6089545.354628236,6668.749900000001,240198.13407,311532.79229,136797.90546,95826.10407,450.50618,4754.15047,36765.3348,55717.443,772863.7729099999,5441.215200000001,40579.39322,15162.54802,5176.93925,1727934.98884,188362.06401862495,1916297.052858625,0.0,115.74465,115.74465,0.38282,44939.53008,44939.9129,219948.72892,72096.28674,1727934.98884,3786896.35247,5806876.35697,5851932.01452,237613.34010823697,6089545.354628237,890661.3137500003,1064760.9223800004,1080291.6457100003,0.0,15828.92757,381062.5548000001,597488.8387000001,99592.9305,286274.70822000003,211621.19998000003,0.0,36314.46876,34066.132549999995,15530.723330000004,42826.352,101230.67579,4415.45003,25627.13081,890661.31375,728521.52037,2036513.09611,1965185.3617,28501.38241,42826.352,2765034.61648,1831546.95073,390407.67501,103250.0,207220.0,0.0,424344.06601,0.0,-344406.391,0.0,-2527.8533500000003,387879.82166,0.0,54726.24728,-5685.111650000001,-186188.75761000003,1632949.16286,-52134.41180999995,99.7,,15.104323687777779,12.978874890134547,15.56088335602797,14.373058318694273,14.452638471196313,11.906642626673483,15.623639787569449,9.24371467305613,21.473729944932373,16.165950353625718,14.344578641065869,19.81714938862197,15.136388717189599,18.751350887925287,17.022854821134544,18.219290071146936,12.750447780014662,13.099978510533118,10.221390272293903,13.124713196745866,7.892053449037378,18.33100635103942,14.722540778888812,12.15303150376339,17.300576243512538,12.745937375400706,16.237365933886874,14.199544023318962,2764.0912348633333,2375.134104894622,15.56088335602797,632.414566022548,115.6211077695705,95.25314101338786,968.6656668293059,64.70600271139291,21.473729944932373,16.165950353625718,57.378314564263476,59.45144816586591,378.40971792973994,168.7621579913276,170.22854821134547,18.219290071146936,561.0197023206451,104.79982808426495,81.77112217835122,813.7322181982437,55.244374143261645,18.33100635103942,14.722540778888812,48.61212601505356,51.90172873053761,318.6484343850176,146.13629340498187,141.99544023318964,5.993012175690894,12471.45833761275
2019-04-01,,,,,,,,,,,,,,,,,39.0,58512.0,17053.0,,,75565.0,5165.0,6037.0,26492.0,20044.0,2918.0,542.0,2166.0,63364.0,246692.621,78008.41100000001,37738.513000000006,40269.898,-168684.20999999996,18094.786,2823.348,4654.301,0.335,0.2,4056.01,4646.671,4326.911,1026.232,1330.352,1409.227,3232.66,22.459,1635.16,1459.233,50.144,337.826,23532.885,5471.789,2820.831,1759.0,0.335,0.2,3694.668,4589.934,4205.752,952.58,952.333,985.329,2541.946,8.321,1315.907,1156.15,50.144,277.731,20730.795,0.107,0.523,6472.451,0.0,1080.893,4565.11,6604.826,1379.994,3.99,216.63,12087.693,5326.295999999999,549.227,201.951,2.59,276.309,1605.055,1209.05,1027.084,455.03,78983.889,6107.1050000000005,33.558,6096.486,2222.148,1489.803,36261.126,0.396,154.58,1306.769,298.735,0.0,1.556,0.0,308.88800000000003,1.203,42045.204000000005,53764.311,20925.59,74689.901,7265.071,6735.562,14000.633,13609.363,102299.897,52093.985,4647.459,12533.226,10990.902,2440.09,3900.928,14494.555,101101.145,38266.564,4775.58,43042.144,249.435,246692.621,12622.997,2.517,2895.301,0.0,0.0,361.342,56.737,121.159,73.652,378.019,423.898,690.714,14.138,319.253,303.083,0.0,60.095,2802.09,3765.205,6106.888,9872.093,0.0,62.08,62.08,9570.551,19504.724,19904.529,24.037,21.122,65.56,35.363,5.49,250.436,20306.537000000004,335.07,69.167,404.237,54.4,40269.89800000001,4060552.0,1256447.0,65342301.0,34196312.0,1.3378,1.1234,1.3029363636363636,2903.8,26401.577142857142,7993.368772727274,4.0,1.0,41.611242,4.461835,71.23333333333333,86.0,12.0,,,17.0,28.0,50.0,12.0,7.0,52.0,63.0,,,67.0,,40.0,16.0,20.0,42.0,38.0,13.0,15.0,15.0,11.0,17.0,39.0,30.0,,,50.0,32.17391304347826,,,,,,,,,,,,,,,,,,,,,,,,,,,,,,,,,,,,,,,,,,,,,,,,,,0.01,0.65,0.0,0.0,0.0,0.0,0.0,0.05,0.15,4.0,8.05,5.31636233900094,6.531244659618598,5.82076176550666,0.5,7.0,1.54,5.0,2.16,0.0,1.24,4.75,1.68,2.0,0.0,0.75,2.38,3.0,249.34289,44235.62752,5804658.71794,0.0,17049.31326,208281.985543644,6074474.987153644,436661.38537,619999.50931,2855152.09609,325816.88064999995,0.0,1611513.81693,0.742823757,5804.73324,27943.00716,506.66798000000006,0.0,191076.14759988704,6074474.987153644,6269.05768,235875.4172,313198.34108,126170.2673,94851.92855,443.73499,4625.40948,68575.70589,56380.79218,764292.03987,5326.9379500000005,40153.74038,14966.48216,5205.53362,1736335.3883299998,175013.297711125,1911348.6860411249,0.0,249.34289,249.34289,0.38697,44235.24055,44235.62752,203101.01242,91464.17965,1736335.38833,3773758.13754,5804658.71794,5849143.68835,225331.298803644,6074474.987153644,913112.16928,1076195.6214500002,1090870.98445,0.0,23216.19097,338206.6931300001,645712.9566200001,99596.0415,290564.48514,255552.42998,0.0,34993.648180000004,34066.132549999995,14675.363,42829.79301000001,97548.73539,18.87116,22686.05261,913112.16928,754459.83692,2068359.75702,1996533.01296,28996.951050000003,42829.79301000001,2822819.59394,1866877.6316499996,433139.1496,146660.0,207220.0,0.0,424344.06601,0.0,-345084.91641,0.0,-1801.99394,431337.15565999993,0.0,54726.24728,-8960.00108,-179416.74773,1625903.16026,-56712.18274000048,99.9,,15.683044268000726,13.45053707864844,16.389055261228904,15.146641681941666,14.926962743668216,12.999930525293973,15.941640506950698,11.002909557031382,24.83299007503534,16.044172633474684,14.672840099388647,19.589435696769076,15.558157877306794,18.91717193820312,18.07932627227405,16.606799220555505,13.540567508441914,12.889054369949033,10.15553313847221,13.828057146471322,8.723201875068781,19.399346198999968,15.379252242111038,11.80084587423143,17.613364219271592,12.876168852579244,16.3237610426831,14.265771423211072,2869.9971010441327,2461.4482853926647,16.389055261228904,666.4522340054333,119.41570194934573,103.99944420235178,988.3817114309434,77.02036689921967,24.83299007503534,16.044172633474684,58.69136039755459,58.768307090307225,388.95394693266985,170.25454744382805,180.7932627227405,16.606799220555505,595.7849703714442,103.11243495959226,81.24426510777768,857.3395430812219,61.06241312548147,19.399346198999968,15.379252242111038,47.20338349692572,52.84009265781477,321.9042213144811,146.91384938414788,142.65771423211072,6.273115969508988,13054.354332548206
2019-05-01,,,,,,,,,,,,,,,,,7.0,20507.0,892.0,,,21399.0,4165.0,5097.0,22624.0,14043.0,1748.0,422.0,2618.0,50717.0,297034.422,81738.779,45179.06,36559.719,-215295.64300000004,25652.985,3133.1710000000003,1504.895,0.0,0.0,3135.27,6478.354,4630.754,1634.51,1817.895,2069.458,3484.958,129.128,2515.125,1572.371,355.30400000000003,784.297,28607.423999999995,7190.809,3098.917,1211.93,0.0,0.0,2955.285,6442.0380000000005,4602.495,1390.588,1159.257,1466.592,2668.114,81.742,2018.346,1431.762,289.308,741.883,25247.410000000003,0.0,0.0,7516.021,0.0,2072.478,5508.344,7346.574,1236.458,28.165,1.652,16596.171000000002,4873.197000000001,366.841,263.673,0.0,419.399,1173.736,1357.456,881.412,410.68,96155.002,6582.342000000001,14.033,7796.965,2695.637,1317.049,37990.712,5.5360000000000005,93.375,1293.062,540.005,0.0,5.006,0.992,775.974,206.59,44923.938,60896.239,24375.188,85271.427,8688.478000000001,9096.712,17785.190000000002,17133.993,120190.61,71370.482,6195.059,14754.424,10776.005,2298.3,7268.407,18645.407,131308.084,38637.07,3916.79,42553.86,2981.868,297034.422,18462.176,34.254,292.96500000000003,0.0,0.0,179.985,36.316,28.259,243.922,658.638,602.866,816.844,47.386,496.779,140.609,65.996,42.414,3360.014,1076.351,6192.174,7268.525,11.0,60.995000000000005,71.995,14555.53,21896.05,13038.237,9.488,24.594,258.275,34.967,56.186,738.9830000000001,14160.73,230.424,245.893,476.317,26.622,36559.719000000005,3405584.0,1622871.0,75931324.0,55811711.0,1.346,1.1186909090909092,1.28545,2854.7059090909092,25744.788636363635,7804.820909090909,3.0,1.0,57.540486,3.810613,71.31772727272727,62.0,13.0,,,18.0,24.0,37.0,8.0,15.0,45.0,51.0,,,63.0,,37.0,17.0,18.0,42.0,31.0,11.0,13.0,18.0,11.0,17.0,36.0,28.0,,,52.0,29.0,,,,,,,,,,,,,,,,,,,,,,,,,,,,,,,,,,,,,,,,,,,,,,,,,,0.0,0.65,0.0,0.0,0.0,0.0,0.0,0.05,0.15,4.0,8.05,5.279200824814516,6.491381970121642,5.812775075227618,0.5,7.0,1.54,5.0,2.1,0.0,1.2,4.75,1.69,2.0,0.0,0.75,2.35,3.0,234.73456,43951.53138,5793789.750940001,0.0,17070.66454,206842.58267895,6061889.264098952,428506.6849,626225.8611,2852770.56436,319711.75717,0.0,1610761.14935,0.5082540999999999,4177.56172,29876.12096,425.59847,0.0,189433.45781485,6061889.264098949,6384.06804,237222.32197,308084.09121,122192.08311,96055.73161,454.81822,4666.95071,68124.40937000001,54772.83689,774624.60658,5090.78499,39776.45944,16242.06448,5064.99662,1738756.2232400002,173720.052823663,1912476.2760636632,0.0,234.73456,234.73456,0.40579,43951.12559,43951.53138,217287.85003,74111.52648,1738756.22324,3763634.15119,5793789.750940001,5837976.01688,223913.24721895,6061889.26409895,925838.74946,1086061.68802,1103182.14707,0.0,7710.544809999999,341820.61302999995,669556.0459,99397.0275,292626.16841999994,277532.84998,0.0,34993.648180000004,31980.8361,17120.45905,42816.72362,97548.73539,0.0,19857.47955,925838.74946,736496.7108700001,2134115.99249,2062112.82098,29186.447890000007,42816.72362,2870612.70336,1901957.23028,471484.76483,158069.0,207220.0,0.0,424344.06601,0.0,-318148.30118,0.0,-3624.17946,467860.5853699999,0.0,54726.24728,-9195.503950000002,-179416.74773,1626297.38193,-58314.732620000126,101.1,,15.34530990959087,13.180302868995229,17.122751256554206,14.652298081406581,15.608332476837198,12.149363723741644,15.445482768645949,10.355013804340292,25.615632326630003,14.955223004186148,14.383935702335009,18.682340824555773,15.320317650843231,19.929292337829985,17.767605580024988,16.00528956827952,13.273581476925706,13.102386499619135,9.680386876769699,13.430234291376456,8.487574150445466,18.115573539820744,15.356695718171972,12.086357259928262,16.793986795053744,12.652481851300346,16.36438382709675,14.181165893430071,2808.1917134551295,2411.9954250261267,17.122751256554206,644.7011155818896,124.86665981469758,97.19490978993315,957.6199316560488,72.48509663038205,25.615632326630003,14.955223004186148,57.535742809340036,56.04702247366731,383.00794127108077,179.36363104046984,177.67605580024986,16.00528956827952,584.037584984731,104.81909199695308,77.44309501415759,832.6745260653403,59.413019053118255,18.115573539820744,15.356695718171972,48.345429039713046,50.38196038516123,316.31204628250856,147.27945444387075,141.8116589343007,6.228982657249133,12962.512909735446
2019-06-01,2986.9646666538183,1045.919820936669,352.55599835457,186.90893519656183,74.5088694985736,74.76952939906296,260.8681728683204,183.93072937140903,15.979119421070534,,2496.234276621415,5.6815603661601966,226.34857089577105,490.7303900324032,,559.4933603456499,6.0,18950.0,725.0,,,19675.0,4057.0,4510.0,23010.0,13785.0,1792.0,432.0,2574.0,50160.0,269749.374,71104.081,47099.496,24004.585,-198645.293,14654.468,2380.271,1666.65,0.0,0.0,12290.988,3735.425,3149.872,1392.378,1203.215,1882.3,2722.602,47.12,2255.308,1592.759,178.09300000000002,194.352,30644.412,5732.7970000000005,2345.829,1332.919,0.0,0.0,12222.238,3589.125,2867.585,1223.579,991.277,1533.799,1937.983,21.595,1782.473,1398.403,176.03900000000002,89.07600000000001,27833.172,0.0,0.106,7201.908,0.0,1177.942,4004.678,7035.0560000000005,1033.221,31.688,0.08,14703.581,11911.236,159.724,219.755,0.0,307.995,1099.128,1036.006,8785.526,303.10200000000003,78802.531,4884.092000000001,0.262,7235.186000000001,2761.917,1241.067,41971.096,15.216,179.06900000000002,1310.068,700.96,0.0,13043.996,0.0,610.16,0.133,61833.682,56063.0,22881.826,78944.826,7592.384,6503.734,14096.118,14280.516,107321.46,73822.026,4220.9710000000005,11037.923,9281.436,2121.373,5860.684,17722.541,124066.954,31647.329,5932.617,37579.946,781.014,269749.374,8921.671,34.442,333.731,0.0,0.0,68.75,146.3,282.287,168.799,211.938,348.50100000000003,784.619,25.525,472.835,194.356,2.054,105.276,2811.24,1288.146,4710.879,5999.025,81.0,37.291,118.291,5905.031,12022.347,11336.884,10.818,2.972,80.868,49.838,2.831,233.821,11718.032,225.939,37.417,263.356,0.85,24004.585,3655729.0,1419936.0,99498279.0,70730859.0,1.3289,1.129515,1.2675100000000001,2890.166,26160.101000000002,7825.459,4.0,1.0,41.328522,3.491248,64.2205,66.0,15.0,4.0,,18.0,22.0,38.0,11.0,28.0,51.0,,,,52.0,,44.0,17.0,19.0,47.0,36.0,12.0,13.0,20.0,11.0,18.0,43.0,29.0,,,50.0,28.869565217391305,,13.509035243969898,12.561812240586162,16.597714479322043,7.560114032569996,5.785991245476343,73.12784628622325,61.98737309452039,1.6093944144545045,-4.942492307664288,68.16347500521763,72.08425245786026,26.523479081617484,33.16944647299164,79.23950754614786,11.60319372,529.2750490899999,303.02696927000005,186.13225333000003,387.1693356,67.086812,1.81522008,38.62941135,3.16250417,35.46690718,0.0,38.62941135,253.21906533000003,9.48001369,79.90088564999999,0.0,0.0,19.362746530000003,153.25410448000008,41.029218920000005,0.0,303.02696927000005,0.0,51.164135830000006,0.0,55.836931070000006,47.31524356,0.04067384,3.14934364,387.1693356,229.66300766,542.69346289,728.82571622,728.82571622,0.0,0.65,0.0,0.0,0.0,0.0,0.0,0.05,0.15,4.0,8.05,5.248404106736268,6.454713450180055,5.67792990141273,0.5,7.0,1.54,5.0,1.95,0.0,1.2,4.75,1.66,2.0,0.0,0.75,2.17,3.0,151.14009,45034.05762000001,5823368.12997,0.0,17657.80714,195720.0567339,6081931.1915539,434234.83416,620083.20346,2860163.5245000003,326032.27665,0.0,1628039.48891,0.6708541000000001,4175.50746,29710.81472,442.41302,0.0,179048.4578198,6081931.1915539,6350.23155,257754.14906,323338.54838,103351.96457,93113.12129,445.5002,4799.79159,68095.59015,53238.17671,773310.95176,5411.77163,39892.96071,16248.13974,5115.009059999999,1750465.9064000002,163290.074948613,1913755.9813486133,0.0,151.14009,151.14009,0.4077,45033.64992,45034.05762000001,218123.84188,84563.94704000001,1750465.9064000002,3770214.43465,5823368.12997,5868553.32768,213377.8638739,6081931.1915539,946017.72016,1201135.50408,1215776.82672,0.0,5876.54669,461175.60009,667450.29388,99427.3605,294616.4334,273406.49998,0.0,34993.648180000004,31639.41524,14641.32264,42888.44995,195097.47492,0.0,17131.859050000003,946017.72016,726957.89977,2118052.7521300004,2045808.5867300003,29355.715450000003,42888.44995,2845010.6519000004,1856104.4817900008,489805.3114199999,112719.0,207220.0,0.0,424344.06601,0.0,-254477.75459,0.0,-3043.0899700000004,486762.22145,0.0,54726.24728,-8695.242590000002,-179416.74773,1630484.00366,-127756.00027999928,101.4,,15.303779160149249,12.738784154846172,28.24152850139478,14.58151824005373,17.274524793164755,12.237011483119627,15.276403409945447,10.12526821047619,26.969304299999997,15.532074168202797,15.15188765472198,18.229091672222225,14.949060106423596,19.052931471003255,17.365798613995096,14.667879012703638,12.803506317578279,12.750744363453661,9.31034475317591,12.905501888549578,8.605095238095238,16.034692397999937,14.504918908777706,12.566899285509212,16.08067524377776,12.297672327559987,15.665615897913556,13.882826121055519,2800.5915863073124,2331.1975003368498,28.24152850139478,641.5868025623641,138.19619834531804,97.89609186495701,947.1370114166177,70.87687747333332,26.969304299999997,15.532074168202797,60.60755061888792,54.687275016666675,373.72650266059,171.47638323902927,173.65798613995096,14.667879012703638,563.3542779734443,102.00595490762929,74.48275802540728,800.1411170900739,60.235666666666674,16.034692397999937,14.504918908777706,50.26759714203685,48.24202573133327,307.4418081889997,140.99054308122197,138.8282612105552,6.01604198950632,12519.383380162652
2019-07-01,,,,,,,,,,,,,,,,,7.0,18896.0,811.0,,,19707.0,4804.0,4755.0,21849.0,19245.0,4557.0,1299.0,3739.0,60248.0,259229.835,71747.79,43951.77,27796.02,-187482.04500000004,16538.203,3240.464,1494.782,1.703,0.066,3178.143,6287.357,4015.602,1911.313,2281.804,2156.039,2886.661,216.296,1704.152,1823.645,307.04,480.338,27248.39,5187.77,3240.273,1354.409,0.21,0.066,2999.224,6271.226000000001,3955.219,1824.364,2079.356,1805.619,2381.593,208.002,1140.233,1536.306,306.873,271.755,24779.770000000004,145.714,0.01,6116.111,0.0,1661.698,5286.173,6160.792,774.264,18.89,2.712,18830.713,4954.693,282.074,146.3,0.0,462.886,1098.158,1601.209,815.54,548.5260000000001,91326.696,6367.262,33.529,6419.3910000000005,3162.606,1158.477,37696.655,26.55,114.359,1029.766,935.946,0.0,0.677,0.0,461.595,0.535,44587.16600000001,56232.619,23649.101,79881.72,5468.921,7540.498,13009.419000000002,16062.015,108953.154,49314.957,4499.953,13164.927,12545.582,2832.543,7808.799,18014.218,108180.979,37268.77,3933.202,41201.972,893.73,259229.835,11350.433,0.191,140.373,1.493,0.0,178.919,16.131,60.383,86.949,202.448,350.42,505.068,8.294,563.919,287.339,0.167,208.583,2468.62,317.925,4291.8910000000005,4609.816000000001,0.0,58.118,58.118,9721.315,14389.249000000002,12206.938,7.559,45.966,105.624,47.238,23.655,482.664,12919.644,114.073,373.054,487.12700000000007,0.0,27796.020000000004,2647549.0,1310079.0,55294046.0,12342806.0,1.3105,1.1211454545454544,1.2460863636363635,2996.1136363636365,27089.186818181817,8205.598636363635,3.0,1.0,39.557519,3.510504,63.9191304347826,71.0,11.0,3.0,,18.0,21.0,42.0,11.0,60.0,54.0,,25.0,,68.0,,45.0,17.0,20.0,46.0,44.0,16.0,19.0,41.0,11.0,19.0,43.0,33.0,4.0,,62.0,32.16,,,,,,,,,,,,,,,,,,,,,,,,,,,,,,,,,,,,,,,,,,,,,,,,,,0.0,0.65,0.0,0.0,0.0,0.0,0.0,0.05,0.15,4.0,8.05,5.217710355938489,6.402361372354246,5.632921969213894,0.5,7.0,1.54,5.0,1.8,0.0,1.22,4.75,1.65,2.0,0.0,0.75,2.1,3.0,180.82925,43744.63119,5847190.52616,0.0,17712.62914,186783.27665265,6095611.892392649,435811.9648900001,627198.19541,2867420.60809,324269.34206000005,0.0,1636415.87615,0.6786641,4168.55154,33751.62358,546.10704,0.0,166028.94496855,6095611.892392652,6717.24891,239385.04348,311895.09237,125555.98136,91176.88528,455.51608,4680.02895,67513.22166,52484.61373,784891.75674,5492.35171,42431.05022,17217.153329999997,5089.592019999999,1754985.53584,150244.02076736302,1905229.556607363,0.0,180.82925,180.82925,1.02235,43743.60884,43744.63119,230625.53813,88570.81735,1754985.53584,3773008.63484,5847190.52616,5891115.9866,204495.90579265,6095611.89239265,952787.5011100004,1205029.1334700002,1219423.53992,0.0,8873.74761,450193.05924,679329.2632,119320.1105,294138.02272,265871.12998,0.0,34993.648180000004,31639.41524,14394.40645,42880.08503,195097.47492,0.41,14263.66241,952787.5011100004,760271.5699700001,2005193.98773,1932066.81885,30247.083850000003,42880.08503,2765465.5577,1769797.9715599995,415913.01257,42300.0,207220.0,0.0,424344.06601,0.0,-257951.05344,0.0,-2753.2058600000005,413159.80671,0.0,54726.24728,-8061.01641,-179416.74773,1628681.8984799995,-139292.21676999997,101.5,,14.815704797687482,12.731959105955296,21.909268846808388,14.317039001323339,16.030349851055085,11.50065754239074,14.739103532965565,9.164055442107712,23.151551393845704,19.56348288258958,14.729712804079472,16.97584299032258,14.524167145088036,19.06613858286673,17.393328644886587,16.414631956344063,12.607805539846854,13.085412406644233,9.487727299923828,12.733273435941726,8.06963133640553,18.699328680250876,16.009882915519647,12.37803150376339,16.690541784623644,12.384053504432964,16.16029213228592,14.291802087835093,2711.2739779768094,2329.948516389819,21.909268846808388,629.949716058227,128.24279880844068,92.00526033912593,913.8244190438651,64.14838809475398,23.151551393845704,19.56348288258958,58.91885121631789,50.92752897096774,363.10417862720095,171.59524724580058,173.93328644886589,16.414631956344063,554.7434437532615,104.68329925315386,75.90181839939062,789.4629530283869,56.48741935483871,18.699328680250876,16.009882915519647,49.51212601505356,50.07162535387094,309.6013376108241,145.44262919057326,142.91802087835092,5.936307018091834,12353.454904649107
2019-08-01,,,,,,,,,,,,,,,,,8.0,24931.0,941.0,,,25872.0,3750.0,3852.0,19034.0,17046.0,2934.0,684.0,3457.0,50757.0,222854.359,82277.353,33435.58500000001,48841.768,-140577.006,36227.569,2597.668,1111.69,2.127,0.004,2953.444,3891.058,3735.836,733.795,1290.365,1932.498,2891.362,8.811,2250.681,2084.647,305.66700000000003,1124.622,23202.786000000004,4677.107,2576.497,923.611,2.127,0.004,2953.218,3831.933,3090.635,645.386,1097.149,1503.074,2003.052,8.525,1382.049,1712.247,305.66700000000003,489.357,19022.292,52.256,0.0,5232.028,0.0,1702.584,3817.557,5806.0160000000005,924.18,8.346,0.4,11645.639,4246.579,299.283,136.624,0.0,205.594,1401.3,1252.648,117.074,834.056,76118.257,4249.185,7.067,7091.154,2031.678,1088.319,33821.163,51.477,84.47800000000001,901.408,835.369,0.0,0.0,0.41,738.312,0.0,39552.61400000001,42017.354,20090.366,62107.72,9204.152,6875.878,16080.03,11246.501,89434.251,39611.373,5348.006,14450.664,10400.32,3010.192,3956.743,18464.833,95242.131,34230.157,3254.69,37484.847,693.13,222854.35900000003,31550.462,21.171,188.079,0.0,0.0,0.226,59.125,645.201,88.409,193.216,429.424,888.3100000000001,0.286,868.6320000000001,372.4,0.0,635.265,4180.494000000001,1293.123,5704.668,6997.790999999999,38.176,45.231,83.40700000000001,26534.781,33615.979,11830.302,31.11,11.831,127.166,56.386,9.915,2678.719,14745.429,283.69100000000003,195.869,479.56000000000006,0.8,48841.768,3842610.0,964483.0,60771177.0,24675039.0,1.3273,1.1128681818181818,1.2159818181818183,2897.498181818182,26058.225,7910.933181818182,3.0,1.0,48.349987,2.632284,59.041818181818186,66.0,11.0,3.0,,15.0,26.0,49.0,13.0,47.0,40.0,55.0,26.0,,60.0,,49.0,18.0,21.0,42.0,43.0,13.0,24.0,41.0,11.0,20.0,40.0,32.0,4.0,,62.0,31.96153846153846,,,,,,,,,,,,,,,,,,,,,,,,,,,,,,,,,,,,,,,,,,,,,,,,,,0.0,0.65,0.0,0.0,0.0,0.0,0.0,0.05,0.15,4.0,8.05,5.181660729169058,6.397519062459303,5.668002267077736,0.5,7.0,1.54,5.0,1.84,0.0,1.22,4.75,1.62,2.0,0.0,0.75,1.95,2.75,145.42425,43306.31708,5811699.24225,0.0,18116.75645,185353.04120615,6058620.78123615,399630.97535,625717.4560599999,2868658.58052,325547.12756000005,0.0,1635596.8440899998,0.5475341,4002.99128,34139.02132,576.41538,0.0,164750.82214205,6058620.781236149,6523.53546,260927.3985,308740.87436,100584.56041,88848.23962000001,472.99858,4562.17487,67234.41719,52916.70371,785670.30502,5552.33866,42338.41435,17122.05214,5038.22971,1746532.24258,149284.38794615,1895816.63052615,0.0,145.42425,145.42425,0.56368,43305.7534,43306.31708,223314.9153,61885.118700000006,1746532.2425799998,3779966.96567,5811699.24225,5855150.983580001,203469.79765615,6058620.78123615,964651.74983,1216555.81432,1232542.65148,0.0,9132.84991,462179.1172200001,679638.95864,119362.9025,292410.21615999995,267865.83998000005,0.0,34993.648180000004,30611.240370000003,15986.83716,45355.99536,195097.47492,0.0,11450.59421,964651.74983,747649.69577,2094311.15748,2018801.31384,30153.84828,45355.99536,2841960.85325,1831953.10806,487018.7635,67150.0,207220.0,0.0,424344.06601,0.0,-211695.30251,0.0,-1522.3502200000005,485496.4132799999,0.0,0.0,-9242.09275,-179416.74773,1629206.2741,-94090.73883999969,100.9,,15.18702135902469,12.739348344473813,20.217547627979787,14.349246663469367,15.827758143580542,12.131483691679799,15.393054590292941,9.023248851129141,23.35559948657054,16.568639225943244,14.473919085267967,19.771019736833654,15.397936783650367,19.117271785101174,17.229760672148068,15.597096774193549,12.733379736823883,13.39056731449818,10.189670879740138,12.85599206886114,7.807795312683047,20.55878689562723,14.24598578931891,11.76951207349457,15.362808149569862,12.157689075095327,16.123760254994004,13.803964623222187,2779.2249087015184,2331.300747038708,20.217547627979787,631.3668531926521,126.62206514864434,97.05186953343839,954.3693845981624,63.16274195790399,23.35559948657054,16.568639225943244,57.89567634107187,59.313059210500974,384.9484195912592,172.0554460659106,172.2976067214807,15.597096774193549,560.2687084202508,107.12453851598544,81.5173670379211,797.0715082693906,54.65456718878133,20.55878689562723,14.24598578931891,47.07804829397828,46.08842444870958,303.9422268773832,145.11384229494604,138.03964623222186,6.028928458144419,12546.200121398537
2019-09-01,2941.715033646042,1066.3212127825666,322.8781711525853,179.03579388343266,76.70887093452791,73.20381072624522,266.6642751585952,177.63880601915895,18.21625207876189,,2469.2168944206705,0.0,221.6555224799672,472.49813922537135,,539.3923184302012,7.0,19182.0,754.0,,,19936.0,3180.0,4005.0,15174.0,10060.0,1398.0,315.0,2729.0,36861.0,187297.956,53526.94600000001,39340.615000000005,14186.331000000002,-133771.01,4459.209,2276.737,539.2090000000001,0.48,5.0,3432.36,4970.906,4123.807,1886.312,873.309,2286.669,2404.601,9.217,2097.182,1133.94,513.0840000000001,140.337,23871.723999999995,4441.286,2096.747,539.2090000000001,0.48,5.0,3427.99,4952.917,4122.905,1581.651,736.842,2118.83,1915.703,6.234,2057.616,1074.773,513.0840000000001,140.337,22648.882,80.0,1.0,7229.42,0.0,1722.685,3854.988,5387.7210000000005,413.923,30.105,19.158,17577.232,3024.383,378.735,88.627,0.0,329.952,605.1800000000001,643.08,978.809,0.0,61659.707,10425.618,0.171,2638.31,1794.873,959.927,26252.246,3.573,10.334,843.648,357.704,0.0,0.0,0.0,408.644,0.615,30631.564,39686.902,9628.228,49315.130000000005,1675.11,4815.932,6491.042,7502.538,63308.71000000001,60938.113000000005,2413.407,8715.432,8669.524,1422.398,6107.204,12554.923,100821.001,19558.997,3097.135,22656.132,512.113,187297.956,17.923000000000002,179.99,0.0,0.0,0.0,4.37,17.989,0.902,304.661,136.467,167.839,488.898,2.983,39.566,59.167,0.0,0.0,1222.842,66.804,784.571,851.375,0.0,22.8,22.8,47.347,921.522,12670.575,0.0,28.915,39.831,7.866,0.29,168.036,12915.513000000004,268.86,80.436,349.29600000000005,0.0,14186.331000000004,3304864.0,1430266.0,21865431.0,2320341.0,1.3241,1.10112,1.236865,2982.156,26900.214,8087.6995,3.0,1.0,35.920889,4.122315,62.826666666666675,68.0,7.0,,15.0,21.0,23.0,42.0,11.0,,31.0,,,,61.0,,43.0,20.0,22.0,35.0,37.0,14.0,12.0,9.0,10.0,17.0,34.0,25.0,,,62.0,28.136363636363637,,13.99712233118178,12.61778090228572,18.908536007883715,7.757301167394361,6.276230413175006,75.13362225131998,56.89744714276232,1.660660274617389,1.827314674529937,69.06916109322096,70.1873517557679,25.778706210827952,32.71128057726532,69.27143649906424,24.93264298,589.84727068,279.96345624,109.60634602000005,400.27303219,55.494798,1.16710794,45.31687919,6.83526728,38.48161191,0.0,45.31687919,165.10114402000005,7.746242570000001,44.22404438,0.0,0.0,9.08407597,88.44255915999999,130.46653416,0.0,279.96345624,0.0,63.601724520000005,0.0,46.93365928,44.92235061,0.0287446,3.14320075,400.27303219,241.64335243,615.9470216,725.55336762,725.55336762,0.0,0.65,0.0,0.0,0.0,0.0,0.0,0.05,0.15,4.0,8.05,5.157675768988319,6.412933043284566,5.687673662244073,0.5,7.0,1.54,5.0,1.74,0.0,1.2,4.75,1.64,2.0,0.0,0.75,1.89,2.65,220.133,70948.80621,5801948.456420001,0.0,18058.16797,172195.256891088,6063370.820491089,380479.03676,629035.87997,2875467.49417,335177.26440999995,0.0,1652957.7203200003,0.6775141,3995.73842,33680.71248,510.34597,0.0,152065.950476988,6063370.8204910895,6409.79875,270695.64725,322788.93043,100547.22345,88719.80438,449.73859,4449.38027,66536.19589,52586.91571,775263.2000399999,5276.50112,42169.67635,17065.15092,4929.22753,1757887.3906799995,136655.303731088,1894542.694411088,0.0,220.133,220.133,26300.52766,44648.27855,70948.80621,230872.01094,33469.33454,1757887.39068,3779719.72026,5801948.456420001,5873117.395630001,190253.424861088,6063370.8204910895,975130.69155,1223953.07023,1249363.2293099998,0.0,3702.6802,382426.87936,772218.62212,69637.1665,297218.07936000003,405363.37626,0.0,34993.648180000004,30611.240370000003,25410.15908,45366.14853,195097.47492,0.0,8358.75523,975130.69155,737054.86132,2158868.21022,2083143.22494,30358.83675000001,45366.14853,2895923.07154,1875426.2314600004,566107.21078,119210.0,207220.0,0.0,424344.06601,0.0,-184666.85523,0.0,-2007.0763500000005,564100.13443,0.0,0.0,-8273.486930000001,-179416.74773,1627575.04081,-128558.70911999964,100.4,,14.867971772611707,12.625932406653908,20.714843206973896,13.877552043211354,15.509180163332577,12.187766817888251,15.036659265407216,10.261231206511301,23.958997890307227,19.220834405579115,13.946889356271177,21.035914895374294,14.837925091468513,18.57997467472539,16.359159876274052,17.4381866147037,12.315533315618687,13.649729564810155,9.954399935046292,12.614789450632019,7.940958080391534,19.8863732294074,14.070332034259172,11.65505919457402,16.99369326404938,12.323237681678506,15.920436719485574,14.176439506351818,2720.8388343879424,2310.545630417665,20.714843206973896,610.6122899012995,124.07344130666061,97.50213454310601,932.2728744552473,71.82861844557912,23.958997890307227,19.220834405579115,55.78755742508471,63.10774468612289,370.9481272867128,167.21977207252849,163.59159876274052,17.4381866147037,541.8834658872222,109.19783651848124,79.63519948037033,782.1169459391851,55.58670656274073,19.8863732294074,14.070332034259172,46.62023677829608,50.98107979214813,308.08094204196266,143.28393047537017,141.7643950635182,5.754487486188538,11975.088458758346
2019-10-01,,,,,,,,,,,,,,,,,12.0,28529.0,675.0,,,29204.0,,,,,,,,52400.0,291601.208,70374.772,55056.78799999999,15317.984000000002,-221226.436,5688.055,1792.871,1185.396,23.14,0.0,13629.53,6905.537,5141.582,1161.4,1454.756,3358.865,2600.992,52.579,1823.914,1617.896,278.836,625.3100000000001,38651.19700000001,5528.111,1792.871,950.886,23.14,0.0,13460.76,6815.7570000000005,5069.66,970.645,1059.571,2816.721,1960.258,52.579,1446.752,1419.345,263.503,391.425,35726.976,40.0,1.016,6795.954,0.0,1808.523,4215.598,6547.849,2000.256,53.267,14.749,17630.404,15949.172,28.32,141.565,0.0,331.534,1455.263,1104.779,12192.003,695.708,112115.065,8422.819,0.0,5786.493,2485.603,1117.913,36888.376,155.993,290.582,1615.957,940.348,0.0,6.496,27.662,727.258,486.398,44742.58600000001,63050.828,24077.765,87128.593,4927.2970000000005,14847.086,19774.383,14691.687,121594.663,44476.704,6275.133,14342.155,15706.715,4805.667,7871.051,21437.832,114915.257,48811.996,4681.328,53493.324,1597.964,291601.208,159.94400000000002,0.0,234.51,0.0,0.0,168.77,89.78,71.922,190.755,395.185,542.144,640.734,0.0,377.162,198.551,15.333,233.885,2924.2210000000005,697.726,2257.893,2955.619,173.328,3.998,177.326,138.43200000000002,3271.3770000000004,11364.764,10.503,131.43200000000002,88.45700000000001,2.245,4.324,294.959,11896.684000000005,36.356,113.567,149.923,0.0,15317.984000000006,3819917.0,1883543.0,24847297.0,8920431.0,1.3189,1.1058181818181818,1.2656636363636364,2977.675217391304,26736.796086956525,8079.2739130434775,4.0,0.0,64.067596,3.056525,59.71304347826087,63.0,17.0,,,18.0,27.0,39.0,12.0,,38.0,36.0,24.0,,89.0,,39.0,21.0,23.0,36.0,43.0,13.0,12.0,9.0,10.0,19.0,35.0,24.0,,,65.0,30.956521739130434,,,,,,,,,,,,,,,,,,,,,,,,,,,,,,,,,,,,,,,,,,,,,,,,,,0.0,0.65,0.0,0.0,0.0,0.0,0.0,0.05,0.15,4.0,8.05,5.123242015259795,6.377997442465293,5.695963589157652,0.5,7.0,1.54,5.0,1.55,0.0,1.22,4.75,1.66,2.0,0.0,0.75,1.65,2.49,64.64453,71164.18328,5837359.81228,0.0,18059.12507,172329.58748000002,6098977.35264,405944.79160000006,623623.64318,2882557.91473,332786.05807,0.0,1663676.23111,3.15137,3988.69536,35133.12158,500.51624,0.0,150763.228,6098977.351240001,6570.341280000001,283143.18164,327535.40504000004,105087.97045,90223.38793,448.13547,4230.703530000001,64806.59173,52233.80594,768126.44311,5194.54299,42326.16535,16241.23423,4834.6249800000005,1771002.53367,135251.49790000002,1906254.03157,0.0,64.64453,64.64453,26300.78582,44863.39746,71164.18328,232053.28868,50360.369920000005,1771002.53267,3783943.62101,5837359.81228,5908588.64009,190388.71255000003,6098977.35264,975181.17082,1228232.1038799998,1242202.67736,0.0,7688.70959,375346.9027599999,779591.60298,69717.6609,296341.62584,413532.31624,0.0,34993.648180000004,30611.240370000003,13970.57348,43378.04837,195097.47492,8940.49466,5634.915110000001,975181.17082,735443.05762,2218160.16605,2144649.05649,30133.06119,43378.04837,2953603.22367,1935044.0044799992,644767.0618299999,158095.0,207220.0,0.0,424344.06601,0.0,-144892.00418000002,0.0,-1426.5670500000003,643340.49478,0.0,0.0,-10885.87647,-179416.74773,1626220.85856,-144214.7246600008,100.9,,15.354313685268494,12.882963364946763,14.736366293167459,14.876383804556664,14.83801469763634,11.898428343786293,15.685427068199099,8.426607785359668,25.64665283612289,16.318508525106015,14.663937110064149,20.124343765839225,15.692807835201846,18.85630033571566,17.21470336527405,17.2441866147037,12.60163966862626,13.400794558314784,9.794479889578696,12.988004068421144,7.699502849719576,20.026706562740735,15.01895880485177,11.936262540898095,17.207471041827155,12.777600358737766,16.17188559682714,14.17508879811478,2809.8394044041343,2357.5822957852574,14.736366293167459,654.5608874004932,118.70411758109071,95.18742675029034,972.4964782283441,58.98625449751766,25.64665283612289,16.318508525106015,58.655748440256595,60.37303129751767,392.3201958800462,169.70670302144092,172.1470336527405,17.2441866147037,554.4721454195554,107.20635646651827,78.35583911662957,805.256252242111,53.89651994803703,20.026706562740735,15.01895880485177,47.74505016359238,51.622413125481465,319.44000896844415,145.54697037144425,141.75088798114777,5.772962366105576,12013.534683865702
2019-11-01,,,,,,,,,,,,,,,,,54.0,89377.0,27951.0,,,117328.0,,,,,,,,63311.0,313594.576,68590.01500000001,40507.89600000001,28082.119,-245004.561,7538.006,2503.158,1042.308,62.828,0.0,3861.277,4588.244,4350.133,1801.457,1618.996,2805.161,3378.852,106.576,2465.552,1793.164,76.035,674.634,27520.081,7107.506,2500.243,992.896,62.828,0.0,3794.277,4557.875,4282.433,1603.301,1241.767,2263.506,2685.601,106.576,1861.11,1520.418,76.035,422.984,24415.883,120.0,2.22,4578.398,0.0,2032.702,4778.445,7855.445,1002.561,15.97,2.31,17114.432,3005.413,38.883,167.175,0.0,326.887,722.974,952.539,365.72,431.235,109733.969,6112.832,20.541,8677.073,2390.988,1352.021,47990.199,0.978,235.342,1226.29,782.442,0.0,252.208,0.0,1038.608,0.785,55269.861,60149.076,20628.614,80777.69,12879.948,9532.627,22412.575,13907.43,117097.695,76820.598,4815.531,10875.296,13828.712,3556.711,7320.376,20773.174,137990.398,53004.245,4543.268,57547.513000000006,958.97,313594.576,430.5,2.915,49.412,0.0,0.0,67.0,30.369,67.7,198.156,377.229,541.655,693.251,0.0,604.442,272.746,0.0,251.65,3104.198,817.393,2022.211,2839.6040000000003,95.128,1.845,96.973,392.411,3328.9880000000003,23738.417,0.0,5.626,165.655,17.345,1.021,344.159,24272.223,355.267,123.641,478.908,2.0,28082.119,4898240.0,1040067.0,87333316.0,100504133.0,1.3237,1.1050578947368421,1.288421052631579,3104.9044999999996,27797.046000000002,8517.5775,4.0,1.0,48.375077,2.408353,63.21190476190476,65.0,10.0,,,17.0,28.0,50.0,12.0,3.0,39.0,,30.0,,88.0,,42.0,22.0,24.0,35.0,43.0,15.0,9.0,9.0,9.0,19.0,35.0,26.0,,,60.0,30.0,,,,,,,,,,,,,,,,,,,,,,,,,,,,,,,,,,,,,,,,,,,,,,,,,,0.0,0.65,0.0,0.0,0.0,0.0,0.0,0.05,0.15,4.0,8.05,5.104214838079868,6.357532821320702,5.651418945635256,0.5,7.0,1.54,5.0,1.61,0.0,1.22,4.75,1.66,2.0,0.0,0.75,1.54,2.25,319.08499,70131.71546,5848996.67191,0.0,18115.61481,171369.66499000002,6108932.752160001,396666.25141,641583.9516,2880615.42817,331217.10406999994,0.0,1669364.7384100002,0.8265800000000001,3821.5183000000006,35637.86979999999,532.80912,0.0,149492.256,6108932.753460002,6584.75314,278470.03017000004,343458.92464,100776.3306,94309.98623,461.61885,4091.75715,64546.03349,58015.989,778645.61159,5081.75958,42316.9801,16025.74213,4881.31591,1797666.83258,134203.98484999998,1931870.81743,0.0,319.08499,319.08499,24892.44482,45239.27064,70131.71546,222241.34711,45767.06767,1797666.83158,3783321.42555,5848996.67191,5919447.47236,189485.2798,6108932.75216,989538.02865,1230739.9294,1245979.99143,0.0,6833.25167,387183.35414000007,772617.2463199999,20012.0306,297721.35144,454883.86428,0.0,34993.648180000004,29112.42909,15240.06203,43365.688160000005,195097.47492,0.0,2738.73767,989538.02865,754374.87387,2239980.9495,2152594.29632,44020.96502,43365.688160000005,2994355.8233700003,1961452.1065599995,668635.1206499999,204265.0,207220.0,0.0,424344.06601,0.0,-167193.94535999998,0.0,-4383.8160800000005,664251.3045699999,0.0,0.0,-10460.36963,-179416.74773,1626107.0954699998,-139029.1761200001,100.9,,15.289594594940562,12.934504334355788,16.514418225106013,14.549308858917925,15.193978388020327,11.563158546699697,15.655640785892524,10.169933760165462,23.339801240307224,18.10233637200923,14.414137505119369,20.975824156950335,15.39517189546888,18.739266091830697,16.985659001553007,18.040333333333333,12.847509359691076,13.477104564810157,9.856521556245362,13.125380827528671,7.997407611624338,19.540893177444435,12.811891878370272,11.529262540898095,17.38990647613579,12.567390731717023,15.930947801728372,13.905622131448114,2797.9958108741225,2367.014293187109,16.514418225106013,640.1695897923887,121.55182710416261,92.50526837359757,970.6497287253366,71.18953632115823,23.339801240307224,18.10233637200923,57.656550020477475,62.927472470850994,384.87929738672204,168.65339482647627,169.85659001553006,18.040333333333333,565.2904118264073,107.81683651848125,78.8521724499629,813.7736113067778,55.98185328137037,19.540893177444435,12.811891878370272,46.11705016359238,52.16971942840737,314.1847682929256,143.37853021555534,139.05622131448112,5.7617079389714565,11990.114220999601
2019-12-01,3114.1491881381685,1069.5617126765512,333.9927246718551,186.3720198002449,77.06976556545982,84.7651192828154,280.433298307154,176.22855745815906,17.98229155751005,,2560.766095892768,0.0,292.38941550442576,553.3830922454002,,595.354283313993,78.0,125774.0,29397.0,,,155171.0,,,,,,,,76354.0,303022.495,62329.257,29917.762,32411.495000000003,-240693.238,4794.055,1794.759,869.557,2.325,0.0,2784.702,3705.263,2726.805,914.278,1692.943,1985.876,3074.435,127.465,1329.482,692.499,138.147,315.632,19487.527,4586.463,1794.666,654.301,2.325,0.0,2696.955,3670.824,2708.024,815.979,1309.247,1495.374,2277.472,70.633,918.039,402.897,138.147,286.75100000000003,16790.342,0.0,1.973,4758.062,0.0,2006.663,3077.158,4405.819,515.2570000000001,13.585,4.207,10342.427,4792.611,373.713,113.96,0.0,236.067,2492.36,1220.755,39.445,316.311,99235.747,6326.466,0.196,8347.279,2492.673,1894.893,56239.679,3.649,138.011,1644.602,791.672,0.0,25.316,0.0,890.991,1.603,64123.089,60541.301,19867.516,80408.817,12476.585,8920.076000000001,21396.661,12286.639,114092.117,72253.024,3419.739,11132.393,12683.997,3270.12,4412.198,17901.238,125072.709,54456.446,8327.237000000001,62783.683000000005,1073.986,303022.495,207.592,0.093,215.256,0.0,0.0,87.747,34.439,18.781,98.299,383.696,490.502,796.963,56.832,411.443,289.60200000000003,0.0,28.881,2697.185,114.336,2309.419,2423.755,192.56,10.988,203.548,721.856,3349.159,28167.282,18.47,14.606,24.999,9.618,2.526,224.365,28461.866,404.62,190.6,595.22,5.25,32411.495000000003,2843249.0,827220.0,59410378.0,101640853.0,1.3169,1.1113666666666666,1.3109047619047618,3176.749523809524,28167.005714285715,8778.591428571428,5.0,0.0,44.289338,2.631912,67.21714285714286,80.0,8.0,,,17.0,26.0,63.0,15.0,3.0,54.0,,28.0,,88.0,,45.0,36.0,24.0,43.0,44.0,15.0,13.0,9.0,12.0,21.0,37.0,28.0,,,63.0,33.56521739130435,,13.964401278566168,12.434724965293134,19.34130638591828,7.638251965877872,6.081041723607566,74.09279237467015,53.87695646191387,1.763063158089172,6.105291517414673,68.26077655707854,68.970292690751,26.122963845131643,33.23565974291059,67.30097745918697,50.767,605.7249730499999,212.4238609199999,25.220408919999727,431.1174159199998,67.50218776,2.494,40.66510513,0.11650055,40.54860458,0.0,40.66510513,92.72259667999973,13.89197319,71.02437572000001,0.0,0.0,13.42280735,92.77546014999992,21.30924451,0.0,212.4238609199999,0.0,71.25644283999999,0.0,71.33009842,53.17576362,0.0003933399999999,2.36492014,431.1174159199998,232.98979755999977,658.98597305,684.2063819699997,684.2063819699997,0.0,0.65,0.0,0.0,0.0,0.0,0.0,0.05,0.15,4.0,8.05,5.089387492994831,6.362044024765118,5.6962333064156585,0.5,7.0,1.54,5.0,1.32,0.0,1.22,4.75,1.66,2.0,0.0,0.75,1.54,2.25,336.84356,68536.16587,5867937.89913,0.0,1882.95096,172842.7092941003,6111536.5688141,399325.45625,626696.4250500001,2877529.4626900004,331745.72029,1053.73517,1700460.10877,0.9560341,3814.41618,37469.521940000006,465.332100000316,0.0,132975.434,6111536.568474101,7102.6801,280129.15982,353820.01367,98194.0864,92434.76181,451.64404,3951.3132,93774.54008,61974.81928,777984.58897,5083.77806,42003.10882,15880.26899,5262.436519999999,1838047.19976,133940.2464641,1971987.4462241,0.0,336.84356,336.84356,23475.30502,45060.860850000005,68536.16587,208371.24683,40875.53596,1838047.19976,3780643.91658,5867937.89913,5936810.908559999,174725.66025410028,6111536.5688141,1139407.86137,1478471.5952,1492193.53827,0.0,6906.036599999999,533496.80868,874304.0932400001,69815.7197,296482.58294,508005.7906,0.0,34993.648180000004,28771.0085,13721.94307,46409.59234999999,292646.21445,7.2,0.72703,1139407.86137,828686.12546,2110133.5251,2017368.90668,46355.02607,46409.59234999999,2938819.65056,1753002.19684,512603.68629,192405.0,207220.0,0.0,424344.06601,0.0,-311365.3797199999,0.0,-3612.475230000001,508991.21106000006,0.0,0.0,-5703.3509300000005,-179416.74773,1623033.32051,-193902.2360700002,101.3,,15.590538201623978,13.097969163523109,17.44684205790399,15.004357421531347,15.502437048816162,11.681887151716964,16.07418791138882,9.491583769222752,21.85989319331947,20.81500423930431,14.605180998192376,19.655249246961006,15.58197847670641,19.355563190693566,17.110369199679514,17.934554738136192,12.912513133622511,13.514238225667532,9.44009823623655,13.292830746095499,8.050947458253967,16.992954285555516,13.92888901512536,11.733992706084173,18.030051478805248,12.883085214184932,16.615991057017105,14.31273757170606,2853.068490897188,2396.9283569247295,17.44684205790399,660.1917265473793,124.0194963905293,93.45509721373571,996.599650506107,66.44108638455926,21.85989319331947,20.81500423930431,58.4207239927695,58.96574774088301,389.54946191766027,174.20006871624207,171.10369199679513,17.934554738136192,568.1505778793905,108.11390580534025,75.5207858898924,824.1555062579209,56.35663220777777,16.992954285555516,13.92888901512536,46.93597082433669,54.090154436415744,322.0771303546233,149.54391951315392,143.1273757170606,5.790633090131509,12050.30746056367
2020-01-01,,,,,,,,,,,,,,,,,79.0,109172.0,37840.0,109172.0,,147012.0,3856.0,4787.0,20598.0,19189.0,4253.0,2121.0,4768.0,59572.0,305635.141,74735.652,31535.65,43200.002,-230899.489,4880.886,2715.581,900.4350000000001,40.669,0.0,3723.805,4131.085,2799.666,1003.967,1581.308,1763.19,2422.472,35.477000000000004,1769.645,547.565,196.333,267.774,20242.287,4276.666,2714.4500000000003,581.384,40.669,0.0,3705.777,4028.3,2783.879,931.058,1304.317,1106.42,1647.671,22.42,1242.626,366.74,162.333,225.854,17527.394999999997,0.0,0.0,5581.809,0.0,1342.995,4185.041,4921.3330000000005,1086.201,2.78,0.0,10077.2,4338.291,247.234,181.351,0.0,304.783,2227.367,926.576,148.58100000000002,302.399,109479.807,5074.7880000000005,0.0,13945.755,11469.2,1159.36,53132.202,0.76,67.03,1331.735,5487.400000000001,0.0,23.09,5.3340000000000005,104.876,187.051,72968.038,59073.97,16114.111,75188.081,12103.502,10242.138,22345.64,10921.8,108455.521,76413.075,4770.109,13408.947,11706.245,1955.126,10333.55,18896.408,137483.46,47639.274,11074.834,58714.108,982.052,305635.141,604.22,1.131,319.051,0.0,0.0,18.028,102.785,15.787,72.909,276.991,656.77,774.801,13.057,527.019,180.825,34.0,41.92,2714.892,254.334,2648.246,2902.58,263.332,0.86,264.192,988.379,4155.151,38015.447,22.344,3.741,152.496,8.523,0.451,359.65000000000003,38562.652,240.302,233.111,473.413,8.786,43200.002,3436214.0,755454.0,49622548.0,87222278.0,1.3089,1.1097666666666666,1.307642857142857,3278.202857142857,28879.994285714285,9233.359523809524,4.0,1.0,45.560037,6.297459,63.64545454545455,76.0,10.0,4.0,,17.0,28.0,45.0,10.0,3.0,51.0,46.0,31.0,,87.0,,63.0,33.0,31.0,70.0,71.0,16.0,18.0,18.0,12.0,31.0,64.0,44.0,4.0,,90.0,37.42307692307692,,,,,,,,,,,,,,,,,,,,,,,,,,,,,,,,,,,,,,,,,,,,,,,,,,0.0,0.65,0.0,0.0,0.0,0.0,0.0,0.05,0.15,4.0,8.05,5.068204784843622,6.321950798304357,5.58029052568107,0.5,7.0,1.54,5.0,1.25,0.0,1.19,4.75,1.64,2.0,0.0,0.75,1.52,2.25,323.09776,65878.27496,5824793.69565,0.0,1896.93918,111293.7431441,6004185.7506941,376032.38655,621924.51192,2881483.06771,326822.63689,1037.44591,1683695.0193899998,1.1781041,3807.979460000001,37277.12406,520.9617000000001,0.0,71583.439,6004185.7506941,6762.83558,249068.70922,347122.56833,99584.60211,90631.31419,450.95821,3859.72855,92011.50329,62193.97296,773709.72649,4941.43886,41541.03037,15423.09458,4919.77157,1792221.2543100002,72556.0845841,1864777.3388941,0.0,323.09776,323.09776,20628.96431,45249.31065,65878.27496,215842.32025,49625.316490000005,1792221.25431,3767104.8046,5824793.69565,5890995.06837,113190.6823241,6004185.750694101,1146934.7882700004,1486129.0965000002,1500527.2576800005,0.0,20258.24518,429040.8366400001,973065.358,69815.87509999999,299690.21354,603559.26936,0.0,34993.648180000004,28771.0085,14398.16118,46380.11509,292646.21445,0.0,167.97869,1146934.78827,761309.78787,2148507.44365,2055622.54529,46504.78327000001,46380.11509,2909817.23152,1716502.3281599998,491690.39284,171405.0,207220.0,0.0,424344.06601,0.0,-311278.67317,0.0,-2782.71637,488907.67647,0.0,0.0,-5303.25982,-179416.74773,1624491.24382,-212176.58458000017,101.4,,14.912151177276822,13.020816689627269,20.50677931912592,14.08610885684028,15.947398909482507,11.802756744705109,15.012336850106482,9.419348648627283,22.758998163989894,17.222075208693344,14.755703774306541,19.246330998223087,14.93628016925685,18.885812175255946,16.980433066776286,17.73491592788529,12.778291137201853,13.341425297298354,9.95922733135304,13.324422214939297,7.9486175115207365,20.098245111003582,14.663043954408522,12.216070175725754,16.609492255209066,12.506107657751956,16.779300034352826,13.754956901401398,2728.923665441658,2382.8094542017902,20.50677931912592,619.7887897009723,127.57919127586005,94.42205395764087,930.764884706602,65.93544054039097,22.758998163989894,17.222075208693344,59.022815097226164,57.73899299466925,373.40700423142124,169.9723095773035,169.80433066776286,17.73491592788529,562.2448100368815,106.73140237838683,79.67381865082432,826.1141773262362,55.64032258064516,20.098245111003582,14.663043954408522,48.86428070290302,49.828476765627194,312.6526914437989,151.01370030917545,137.549569014014,5.737733352707342,11940.223106983978
2020-02-01,,,,,,,,,,,,,,,,,66.0,85214.0,30142.0,85214.0,,115356.0,4350.0,6688.0,23148.0,20056.0,6071.0,889.0,1922.0,63124.0,268080.955,82224.166,46649.275,35574.891,-185856.789,9993.366,2882.801,2651.022,7.988,0.0,10246.642,3781.676,3738.361,787.244,1593.944,1474.813,2809.288,166.915,1072.061,1553.298,221.169,594.513,28039.924000000003,9381.123,2860.298,1362.854,7.854,0.0,10071.258,3628.461,3688.272,667.197,1213.327,1172.658,2165.144,159.528,736.691,1427.476,221.001,464.627,25615.64,93.733,0.0,6983.022,0.0,1619.473,4053.819,5543.437,1073.996,6.149,0.4,12070.251,15204.995,456.968,201.083,0.0,199.45,5495.322,849.211,7501.944,501.017,98362.384,5239.751,0.0,10468.603,1945.487,1220.576,52673.435,93.254,131.486,1203.658,998.391,0.0,34.003,0.0,42.41,17.938,58360.638000000006,50822.568,18824.8,69647.368,10777.39,7179.27,17956.66,10399.898,98003.926,67441.616,4207.607,8506.282000000001,12704.537,2160.478,7357.834,16976.923,119355.277,44986.688,4499.429,49486.117,1235.635,268080.955,612.243,22.503,1288.168,0.134,0.0,175.384,153.215,50.089,120.047,380.617,302.15500000000003,644.144,7.387,335.37,125.822,0.168,129.886,2424.284,375.47,2361.503,2736.973,0.0,32.532000000000004,32.532000000000004,570.681,3340.186,29538.713,32.596000000000004,39.545,158.26,11.244,52.074,259.414,30091.846,873.516,1255.293,2128.809,14.05,35574.891,5214670.0,986654.0,157999464.0,6172240.0,1.3286,1.0910736842105262,1.2952947368421053,3277.314210526316,28519.73157894737,9418.848947368422,4.0,1.0,39.535984,3.438528,55.657000000000004,80.0,7.0,,,19.0,25.0,43.0,8.0,3.0,33.0,33.0,,,82.0,,48.0,32.0,27.0,47.0,54.0,15.0,19.0,13.0,12.0,23.0,43.0,32.0,,,73.0,33.52173913043478,,,,,,,,,,,,,,,,,,,,,,,,,,,,,,,,,,,,,,,,,,,,,,,,,,0.0,0.65,0.0,0.0,0.0,0.0,0.0,0.05,0.15,4.0,8.05,5.04644771763714,6.271678738721962,5.518075699675264,0.5,7.0,1.54,5.0,1.34,0.0,1.07,4.75,1.61,2.0,0.0,0.75,1.52,2.25,323.81139,65633.62303,5875179.43266,0.0,1904.48948,122082.9041941,6065124.2607541,381930.71227,620600.4935000001,2893083.15973,323578.02577,937.73498,1721006.7408299998,1.2050341,16840.74546,37101.7298,509.44638,0.0,69534.267,6065124.2607541,6987.89416,249800.57712,350741.46488,97887.057,88941.91266,416.60169,4369.17926,131604.90065,67711.49461,773835.7546900001,4867.4347800000005,41424.21733,15168.937,4821.464379999999,1838578.89021,70712.9184041,1909291.8086141,0.0,323.81139,323.81139,20628.9872,45004.63583,65633.62303,222958.90171,49351.91854,1838578.89021,3764289.7222,5875179.43266,5941136.867080001,123987.3936741,6065124.260754101,1198808.49273,1538065.70929,1557697.12766,0.0,15824.57045,393916.24434,1065879.17203,69814.70850000001,303842.26742,692222.19611,0.0,34993.648180000004,27452.07429,19631.418370000003,46357.06746000001,292646.21445,0.0,253.93465,1198808.49273,764145.9449199999,2202572.03378,2114706.5289600003,41508.43736,46357.06746000001,2966717.9787,1721552.4185100002,493815.19815,186855.0,207220.0,0.0,424344.06601,0.0,-324603.86786,0.0,-3818.320690000001,489996.87745999993,0.0,0.0,-5149.0502400000005,-179416.74773,1624285.8366800002,-208164.49765999985,101.8,,14.838891261868316,12.460596435445838,22.14823499542667,13.870375574826085,15.995384739348095,11.722837806983952,14.71386727798068,9.276863349100362,22.969241484201497,19.87665163223265,14.728232656679262,19.20234315594682,14.873417257005565,20.082086015999444,17.218868680484043,19.016551724137933,12.243704052022812,13.065842592777743,9.973167187624519,12.387444693809169,7.648894573601532,18.66950339452107,18.467295960421414,11.748795758840943,15.75321350641122,11.981433735367036,16.309290075036163,13.89626294298081,2715.5171009219016,2280.2891476865884,22.14823499542667,610.2965252923478,127.96307791478476,93.78270245587161,912.2597712348022,64.93804344370253,22.969241484201497,19.87665163223265,58.91293062671705,57.60702946784046,371.8354314251391,180.738774143995,172.18868680484042,19.016551724137933,538.7229782890038,104.52674074222195,79.78533750099615,768.0215710161684,53.542262015210724,18.66950339452107,18.467295960421414,46.99518303536377,47.259640519233656,299.5358433841759,146.78361067532546,138.9626294298081,5.59962891979008,11652.827782083155
2020-03-01,3051.1877734798763,1054.9480922520022,321.97124030486583,187.7175052489085,72.94498527382017,102.43563418142568,286.5780352800397,165.0007522907306,19.35271643539517,,2507.5721782732744,4.441411599136887,271.7377971353087,543.6155952066018,,564.0596034782425,51.0,56118.0,25245.0,56118.0,,81363.0,1920.0,2236.0,9071.0,7787.0,4565.0,4198.0,1375.0,31152.0,279228.00200000004,69643.71100000001,39010.3,30633.411,-209584.29100000003,5860.242,3105.585,3708.182,9.992,0.0,4161.362,4071.946,3768.739,1283.63,2028.305,1620.09,3155.995,362.024,2010.485,1109.851,268.935,596.614,24437.976,4545.417,3101.944,3384.968,9.94,0.0,4074.914,3962.075,3557.291,1164.184,1508.937,1355.028,1879.603,353.395,1472.726,849.496,268.935,364.992,20811.576,53.517,0.0,5916.861,0.0,2219.697,5301.896,6987.78,670.452,3.735,0.0,10914.01,6942.352,259.26,197.853,0.0,220.067,3606.512,1746.731,414.319,497.61,117339.753,6582.133,0.0,8194.225,2727.33,1508.233,51691.819,30.597,89.065,1522.311,3029.797,0.0,39.102,1.396,203.953,13.584,60857.18700000001,62279.477,24317.906,86597.383,7804.155,7106.379,14910.534,11205.107,112713.024,66805.554,3362.826,11337.801,11379.58,2443.491,7973.742,17700.529,121003.523,38006.952,7138.025000000001,45144.977,366.478,279228.00200000004,1314.825,3.641,323.214,0.052,0.0,86.44800000000001,109.871,211.448,119.446,519.368,265.062,1276.392,8.629,537.759,260.355,0.0,231.622,3626.4,542.143,3290.777,3832.92,0.0,206.331,206.331,522.915,4562.166,24784.644,19.521,21.449,123.697,62.734,2.1,365.935,25380.08,256.669,434.371,691.04,0.125,30633.411000000004,3591325.0,1279048.0,65865595.0,1412946.0,1.396,1.104590909090909,1.2368863636363636,2652.3936363636367,22637.42090909091,7772.205909090909,5.0,1.0,50.778174,3.560505,32.01136363636363,50.0,11.0,6.0,,16.0,21.0,68.0,12.0,3.0,47.0,38.0,39.0,,54.0,38.0,53.0,16.0,16.0,24.0,45.0,8.0,10.0,11.0,9.0,12.0,19.0,19.0,4.0,,47.0,25.77777777777778,,14.857012506744216,13.593414495312429,15.538342772070818,10.089331621221453,6.037926073553548,70.91740450997965,52.63591701985331,1.8320781617349864,15.436399100434093,65.71644395442304,68.37252059850702,26.8990439910286,34.16148437150766,59.0867772329971,97.75614049,683.0303889500001,289.2856603499998,63.56335770999988,467.9080099700002,59.601598720000005,1.2563529800000002,88.41256981,1.63727579,86.77529401999999,0.0,88.41256981,123.16495642999988,16.2797055,113.83282692,0.0,0.0,17.054107799999997,120.1854318099998,21.93358832,0.0,289.2856603499998,0.0,64.84647625,0.0,57.47593684999999,80.15719349,0.00036505,2.779257769999999,467.9080099700002,262.64878056000015,782.0428824200001,845.60624013,845.60624013,0.0,0.65,0.0,0.0,0.0,0.0,0.0,0.05,0.15,4.0,8.05,5.014971759877354,6.204277407627913,5.437451940675001,0.5,7.0,1.54,5.0,1.85,0.0,1.09,4.75,0.49,1.0,0.0,0.3477,0.29,1.02,60.13975,61512.90242,5823672.43009,0.0,1963.2423,121760.22647999998,6008968.94104,363651.45521,616034.8187,2888260.85555,313573.06181000004,1423.83489,1702301.44563,1.18166,16833.324399999998,37353.6048,267.91392,0.0,69267.444,6008968.940570001,7283.52632,251962.50044,325721.51021,93572.30186,86983.17892,407.74856,4182.29168,131319.49895,67306.66762000001,775520.6742100001,4941.40142,40871.17679,15590.76444,4785.33167,1810448.57309,70462.36340999999,1880910.9365,0.0,60.13975,60.13975,19191.21905,42321.68337,61512.90242,222132.53777,50052.40092,1810448.57209,3741038.91931,5823672.43009,5885245.47226,123723.46877999998,6008968.94104,1218260.09957,1572097.40838,1587035.08558,0.0,10848.529460000002,454506.10828,1044174.66073,49890.396,305208.71714,689075.5475900001,0.0,34993.648180000004,27574.461730000003,14937.6772,55730.17601,292646.21445,5110.459860000001,350.45849,1218260.0995700003,802020.14752,2234936.6576500004,2147464.98052,31741.50112,55730.17601,3036956.8051700005,1762966.52959,455145.1531499999,101855.0,207220.0,0.0,424344.06601,0.0,-278273.91286000004,0.0,-1384.71117,453760.4419799999,0.0,0.0,-4265.83846,-179416.74773,1622412.62006,-129523.94626,101.8,,14.63747009772416,12.212142212626466,16.987769591969684,13.268180866676333,14.892919494842252,11.543641360484987,14.834061903866749,8.866564725200154,24.13104358199495,19.035165821299255,14.978663389943154,19.320562681545017,15.144803383338669,19.92971873222999,16.556891801779706,16.08874828652329,11.917891761427175,12.934467239068066,9.86260321952061,12.226818709401085,7.751117021955963,17.76774193548387,13.831830850035749,11.31515723478489,15.399148085376323,11.831352046860202,16.396006833213836,13.324338766483832,2678.6570278835216,2234.822024910643,16.987769591969684,583.7999581337585,119.14335595873801,92.3491308838799,919.7118380397384,62.06595307640108,24.13104358199495,19.035165821299255,59.91465355977262,57.96168804463506,378.62008458346673,179.36746859006993,165.56891801779707,16.08874828652329,524.3872375027956,103.47573791254453,78.90082575616488,758.0627599828673,54.25781915369174,17.76774193548387,13.831830850035749,45.26062893913956,46.197444256128975,295.783801171505,147.56406149892453,133.2433876648383,5.620827680829895,11696.94240380701
2020-04-01,,,,,,,,,,,,,,,,,4.0,3.0,0.0,3.0,,3.0,72.0,30.0,0.0,0.0,34.0,0.0,0.0,136.0,155043.67400000003,31861.594,21359.674,10501.92,-123182.08000000005,2566.52,2046.585,0.424,0.0,0.0,1534.966,3523.207,2303.31,779.95,1034.014,1464.637,1740.679,70.309,831.522,1068.607,210.165,507.598,15068.964000000002,2174.344,2046.585,0.424,0.0,0.0,1534.966,3501.207,2277.515,772.24,716.908,1263.114,1334.524,13.128,631.956,960.712,177.28900000000002,425.172,13608.731,0.0,0.622,3629.332,0.0,957.647,3892.358,5509.466,0.0,1.452,0.0,6669.441,699.3560000000001,221.052,202.125,0.0,168.413,70.08,33.08,1.606,3.0,64188.853,4709.453,0.0,1052.994,1659.231,1074.408,20731.257,0.455,42.322,950.159,538.061,0.0,0.0,6.408,209.919,1.566,25213.786000000004,48462.287,17327.934,65790.221,567.62,2524.281,3091.901,4279.763,73161.88500000001,17514.824,1722.119,4262.045,9021.159,1278.992,4203.935,12972.397,50975.47099999999,24962.393,5899.1050000000005,30861.498,44.82,155043.674,392.176,0.0,0.0,0.0,0.0,0.0,22.0,25.795,7.71,317.106,201.523,406.155,57.181,199.566,107.895,32.876,82.426,1460.233,27.025,1615.638,1642.663,0.0,5.946,5.946,182.846,1831.455,8453.982,1.415,5.142,51.637,1.529,0.0,37.205,8550.910000000002,8.424,111.131,119.555,0.0,10501.920000000002,2602060.0,731313.0,36130302.0,13573059.0,1.4048,1.0871090909090908,1.2419681818181818,2761.975238095238,23293.9,8292.407142857142,3.0,0.0,27.055714,1.344396,18.3785,10.0,8.0,,,9.0,12.0,91.0,24.0,,26.0,,87.0,,29.0,100.0,16.0,8.0,11.0,18.0,12.0,4.0,5.0,9.0,11.0,8.0,13.0,13.0,12.0,,17.0,23.041666666666668,,,,,,,,,,,,,,,,,,,,,,,,,,,,,,,,,,,,,,,,,,,,,,,,,,0.0,0.65,0.0,0.0,0.0,0.0,0.0,0.05,0.15,4.0,8.05,5.006058535297413,6.155512072302145,5.435637421168929,0.5,2.0,1.54,5.0,1.08,0.0,1.03,4.75,0.26,0.5,0.0,0.1,0.14,0.25,55.4663,58837.75024,5781994.06305,0.0,1971.91426,121391.97531,5964251.16916,357106.69634,609380.6878399999,2881592.77041,298737.5801,1405.51489,1692664.0323,4.00803,16833.4657,37279.1109,298.39094,0.0,68948.914,5964251.171449999,7072.91825,250379.83645,333375.1795,94059.17246,86012.65334,436.64498,4087.20071,131423.37849,66751.85453,768568.14215,4855.0703300000005,40685.16918,15474.31922,4796.966530000001,1807978.50612,70092.12976000001,1878070.63588,0.0,55.4663,55.4663,17752.885019999998,41084.86522,58837.75024,207495.37053,52193.744,1807978.50512,3714326.4434,5781994.06305,5840887.27959,123363.88957,5964251.16916,1354411.96808,1704756.41812,1719350.91293,0.0,12761.543130000002,598249.6466300001,1031177.11845,49890.396,305216.42262,676070.29983,0.0,34993.648180000004,27574.461730000003,14594.49481,57272.04806,292646.21445,0.0,426.18753,1354411.9680800005,825519.79977,2308778.3748699995,2219846.04993,31660.27688,57272.04806,3134298.1746399994,1722614.1585,378736.7587099999,157080.0,207220.0,0.0,424344.06601,0.0,-409907.3073,0.0,-16092.85869,362643.9000199999,0.0,0.0,-4233.641189999999,-179416.74773,1620206.4137000002,-76585.76630000019,,,14.416317087335402,12.424050648933608,18.51068727503534,14.136798188728879,14.881794826836993,11.809369657348695,14.488407051497745,9.295546927794605,21.896440001394776,17.684300933711235,15.052220920107924,17.840731388061446,13.500760693275579,18.917381304397004,15.968956999117985,16.304,12.157990288858583,12.94196782019904,9.639296653675926,12.573327521014933,8.017190476190477,18.584,13.27555854503694,11.56909587423143,16.14298197972838,12.010254206697764,15.822558125909438,13.680467433603665,2638.1860269823787,2273.60126875485,18.51068727503534,622.0191203040706,119.05435861469594,94.47495725878956,898.2812371928602,65.06882849456224,21.896440001394776,17.684300933711235,60.2088836804317,53.52219416418434,337.51901733188953,170.25643173957306,159.68956999117984,16.304,534.9515727097777,103.53574256159231,77.1143732294074,779.5463063029259,56.120333333333335,18.584,13.27555854503694,46.27638349692572,48.42894593918514,300.2563551674441,142.40302313318494,136.80467433603664,5.638956444250337,11734.66836048495
2020-05-01,,,,,,,,,,,,,,,,,17.0,25.0,6.0,25.0,,31.0,273.0,50.0,12.0,0.0,5.0,3.0,3.0,346.0,220143.291,53062.65900000001,39667.477000000006,13395.182,-167080.63199999998,5689.512,1268.956,3479.256,0.0,0.0,3437.4790000000003,5205.177,4881.186,1047.746,2720.827,3196.321,2849.568,33.646,3916.238,787.282,82.72800000000001,725.472,28883.67,5051.768,1268.956,3477.4700000000003,0.0,0.0,3399.849,4874.57,4776.64,950.436,751.47,2344.798,1730.844,2.323,3405.647,584.1610000000001,66.328,511.724,23398.79,0.0,0.222,6642.822,0.0,1701.07,4456.866,7396.84,1542.365,0.145,0.0,13136.773,4790.374000000001,150.14,154.74,0.0,296.418,3804.584,249.562,0.0,134.93,90896.271,6102.5070000000005,0.0,8081.982,1855.749,1102.376,23341.784,85.95,127.777,1132.45,1075.671,0.0,8.897,0.491,365.744,13.403,29110.292,43536.628,21923.893,65460.52100000001,6167.963,7292.839,13460.802,9497.561,88418.884,21566.896,6893.281,14113.847,13609.987,2974.451,5540.124,21062.251,85760.837,38644.635,6508.814,45153.449,810.121,220143.29100000003,637.744,0.0,1.786,0.0,0.0,37.63,330.607,104.546,97.31,1969.357,851.523,1118.724,31.323,510.591,203.121,16.4,213.748,5484.88,1289.905,4267.946,5557.851,51.182,11.961,63.143,108.487,5729.481,6690.784000000001,0.42,1.114,213.989,32.086,5.05,164.506,7107.9490000000005,345.862,211.89,557.7520000000001,0.0,13395.182,3540972.0,1765963.0,8764096.0,3146140.0,1.3972,1.09073,1.23019,2919.6150000000002,24271.0215,9105.655499999999,2.0,1.0,38.123895,2.559795,29.378947368421056,15.0,10.0,,,14.0,15.0,44.0,20.0,3.0,33.0,,19.0,,28.0,34.0,18.0,11.0,10.0,17.0,14.0,3.0,6.0,6.0,12.0,8.0,13.0,13.0,3.0,,17.0,15.44,,,,,,,,,,,,,,,,,,,,,,,,,,,,,,,,,,,,,,,,,,,,,,,,,,0.0,0.65,0.0,0.0,0.0,0.0,0.0,0.05,0.15,4.0,8.05,4.995802495876411,6.107848539623348,5.319565094570275,0.5,2.0,1.54,5.0,1.78,0.0,1.03,4.75,0.22,0.5,0.0,0.1,0.13,0.25,30.16769,57259.9417307476,5815853.37926,0.0,1955.29661,122071.7479041,5997170.533194847,361285.04102,597777.68985,2882039.96774,299854.1990207476,1293.2225,1730893.36855,4.7210741,16833.61174,37807.47966,327.56503999999995,0.0,69053.667,5997170.533194847,8419.97892,252839.62139,330631.54163,96764.86426,83391.75099,418.89656,3992.38123,157747.97977,66569.83606,779299.75587,4946.976009999999,40714.68465,15633.49872,4757.71294,1846129.479,70208.7023141,1916338.1813141,0.0,30.16769,30.16769,16307.43268,40952.509050747605,57259.9417307476,218949.65687,44110.5299,1846129.479,3706663.71349,5815853.37926,5873143.488680747,124027.0445141,5997170.533194847,1341099.66256,1691595.9607300002,1707341.6228800002,0.0,14184.23578,538457.0730000001,1077434.86899,49890.396,301533.39214,726011.08085,0.0,34993.648180000004,26526.13478,15745.66215,57295.19071,292646.21445,0.0,554.89301,1341099.66256,813896.0575700001,2433034.7435,2344079.27591,31660.27688,57295.19071,3246930.80107,1848535.9478,502455.05069,188790.0,207220.0,0.0,424344.06601,0.0,-317899.01532,0.0,-5287.33242,497167.71827,0.0,0.0,-3745.79157,-179416.74773,1619105.84966,-84575.08082999992,100.8,,14.329355666278477,12.177463449389107,21.64736726346366,13.568666839212264,15.546217691022196,11.082280828870967,14.281648356577442,9.093501204643548,21.54575319354839,22.8944951344314,14.608117018814122,18.299424721955308,14.009998887680574,19.386193587993994,15.896197898764393,16.138890272293903,11.79734604105572,13.34716729564065,9.256854838709677,12.09520582645219,7.809585253456222,17.59161290322581,14.24372772480278,11.588686317329698,15.976494372222206,11.833322653654468,16.24572729125844,13.968747909372729,2622.2720869289615,2228.4758112382065,21.64736726346366,597.0213409253397,124.36974152817757,88.65824663096774,885.4621981078014,63.65450843250485,21.54575319354839,22.8944951344314,58.43246807525649,54.898274165865914,350.24997219201435,174.47574229194595,158.96197898764396,16.138890272293903,519.0832258064517,106.7773383651252,74.05483870967741,749.9027612400358,54.66709677419355,17.59161290322581,14.24372772480278,46.35474526931879,47.92948311666662,295.8330663413617,146.21154562132597,139.6874790937273,5.594723588973102,11642.619788653026
2020-06-01,2217.1207083505897,967.0436524483578,223.74314949972583,170.54704502091425,66.49146114847572,82.56782553476296,263.0790448049964,148.02889274810724,15.85896500889335,,1980.0443702790608,6.223949614371783,0.2556701742870684,237.07633807152905,,273.28105234769737,8.0,0.0,0.0,,,0.0,412.0,61.0,7.0,3.0,9.0,1.0,1.0,494.0,258268.915,62626.323,41705.148,20921.175000000003,-195642.592,11496.768,2931.792,262.77,0.32,0.0,7542.022,4045.77,3645.825,1088.947,1265.208,1200.546,3035.132,52.083,1624.517,1040.845,114.259,622.172,25277.326,9296.248,2894.552,216.589,0.0,0.0,7413.333,3827.277,3481.425,643.503,874.913,860.9540000000001,2247.998,45.113,863.557,913.375,114.259,392.093,21677.800000000003,80.211,0.0,5944.847,0.0,2637.1910000000003,3494.877,8172.763,955.304,2.989,0.0,8530.502,11886.464,54.969,303.365,0.0,397.214,5586.767,1309.906,4185.8460000000005,48.397,81279.251,6601.261,0.0,7060.281,1510.361,895.371,35310.926,178.475,145.191,1024.527,505.937,0.0,9.232,31.296,561.265,2.325,40174.906,47755.205,19617.579,67372.784,6289.109,5467.1720000000005,11756.281,11856.395,90985.46,47937.993,3895.101,8675.399,9734.545,3614.205,7071.103,12604.536,93532.882,66998.619,6010.113,73008.732,741.841,258268.915,2200.52,37.24,46.181,0.32,0.0,128.689,218.493,164.4,445.444,390.295,339.592,787.134,6.97,760.96,127.47,0.0,230.079,3599.526,164.245,4361.488,4525.733,0.0,44.783,44.783,533.578,5104.094000000001,13720.601,2.057,5.308,186.526,8.226,0.146,301.061,14223.925000000005,1352.008,241.148,1593.156,0.0,20921.175000000003,3577907.0,1454276.0,48519198.0,2743356.0,1.3552,1.1259,1.2523272727272727,3104.6609090909087,26062.269999999997,9839.97,3.0,2.0,32.640446,4.356324,40.26681818181818,28.0,13.0,,15.0,16.0,22.0,54.0,23.0,3.0,,,18.0,,26.0,,21.0,20.0,12.0,20.0,12.0,4.0,4.0,3.0,12.0,11.0,17.0,13.0,,,27.0,17.130434782608695,,15.211826738917866,13.554000456422166,13.187803056102108,9.99899509893494,6.290813315594038,71.04007841901266,60.18510095895482,0.2045754745710692,1.6044795872234296,71.56854452613948,69.97112523283803,27.407037496600285,34.432833978631635,60.19849633697847,43.56820779,570.66184587,392.43752464,43.989978539999925,245.36988981,107.50178282,-0.5070268,19.90559095,0.0,19.90355565,0.0020353,19.90559095,151.4917613599999,11.028129889999995,269.31636582,0.0,0.0,7.404542130000001,98.67647679,6.012010010000001,0.0,392.43752464,0.0,22.55876649,0.0,37.93621756,31.13456925,0.00049034,0.8592036,245.36988981,152.88064256999996,613.72302686,657.7130053999999,657.7130053999999,0.0,0.65,0.0,0.0,0.0,0.0,0.0,0.05,0.15,4.0,8.05,4.983845651838331,6.075236215400123,5.269376566927239,0.5,2.0,1.54,5.0,1.28,0.0,2.2,4.75,0.21,0.5,0.0,0.1,0.16,0.25,31.10066,53000.64513,5786370.5001,0.0,2005.29706,122046.3598141,5963453.9027641,336121.15325000003,604906.61735,2877433.7757800007,296406.8824099999,1410.57304,1723123.2440600002,5.009754099999999,16833.75304,37759.26226,388.27182,0.0,69065.36,5963453.9027641015,8326.4182,258485.83528,329002.65189,94407.22346,76773.39684,428.38061,3894.58977,156999.39495,66233.02686,775033.89312,4838.48621,40616.35044,15719.22437,4734.0463,1835492.9183,70226.57299409999,1905719.4912941,0.0,31.10066,31.10066,13399.65258,39600.99255,53000.64513,217256.54604,29980.90296,1835492.9183,3703640.1328,5786370.5001,5839402.24589,124051.6568741,5963453.9027641,1567327.6815400005,2013690.83167,2028370.7382300005,0.0,15752.1495,806113.80378,1130724.37364,50017.4165,309693.23066,771013.7264800001,0.0,34800.63345,26299.871300000003,14679.90656,57309.49717999999,388832.2988000001,0.0,221.35415,1567327.68154,821828.95602,2388199.2180700004,2291573.1864400003,39316.53445000001,57309.49717999999,3210028.1740900003,1585390.9953699997,242951.01106999995,93646.0,207220.0,0.0,424344.06601,0.0,-482259.05494,0.0,-1491.73203,241459.27903999996,0.0,0.0,-3976.4884900000006,-179416.74773,1610016.0672000002,-82691.11465000034,99.8,,13.78693266292612,11.521822252089853,23.50283433891245,13.224276394141356,16.20874261993338,10.546638012432028,13.36023750282315,9.199410985325873,19.21557583472811,20.34547988061445,13.389862241836036,18.65823076139478,13.332996453626425,19.043144869970995,15.705562236583729,18.88003989607407,11.029141511608584,13.643761257458305,8.761273326837962,11.239105803937274,7.695836183052909,16.398333333333333,13.812518648962874,11.463705913203654,14.411404115345656,11.14047927752147,15.628168594432081,13.593012865666635,2523.0086773154794,2108.493472132443,23.50283433891245,581.8681613422197,129.66994095946703,84.37310409945623,828.3347251750353,64.39587689728111,19.21557583472811,20.34547988061445,53.559448967344146,55.974692284184336,333.3249113406606,171.38830382973893,157.05562236583728,18.88003989607407,485.2822265107778,109.15009005966644,70.0901866147037,696.8245598441111,53.870853281370366,16.398333333333333,13.812518648962874,45.854823652814616,43.234212346036976,278.51198193803674,140.65351734988872,135.93012865666637,5.496744125328406,11438.724524808415
2020-07-01,,,,,,,,,,,,,,,,,5.0,0.0,0.0,,,0.0,281.0,178.0,172.0,448.0,333.0,170.0,474.0,2056.0,256710.682,59855.203,37121.712,22733.491,-196855.479,8534.758,3086.58,1474.191,10.283,0.0,5660.468,4952.631,5662.719,697.773,1477.163,1359.353,2907.067,110.305,1163.873,636.618,267.43,1865.292,26760.692,5554.117,3082.974,1267.771,10.283,0.0,5425.82,3709.401,4064.591,499.903,653.46,870.854,1308.238,4.11,725.015,328.625,232.282,1767.621,19589.92,43.411,0.871,6484.292,0.0,1387.124,4008.887,7993.293000000001,953.804,8.649000000000001,7.5,9428.983,6804.897999999999,0.0,306.717,0.0,210.711,780.489,2154.343,2401.943,950.695,91664.396,6907.575,0.0,7249.916,2242.745,1844.688,39261.17,9.79,56.993,1133.107,491.095,0.0,4.497,7.004,241.346,15.053,45307.488000000005,45134.689,15230.648,60365.337,6131.21,8029.554,14160.764,12186.854,86712.95499999999,37728.825,3180.878,13680.476,12886.283,2929.9210000000003,7091.658,17123.482,94621.523,69694.254,5380.017,75074.27100000001,301.933,256710.682,2980.641,3.606,206.42,0.0,0.0,234.648,1243.23,1598.128,197.87,823.703,488.499,1598.829,106.195,438.858,307.993,35.148,97.671,7170.772,258.017,6110.154,6368.171,0.0,1.723,1.723,861.488,7231.382,8948.208,20.323,5.648,4124.187,621.488,112.319,419.041,14251.213999999998,313.038,925.637,1238.6750000000002,12.22,22733.491,4195036.0,1792477.0,11822901.0,11748229.0,1.3497,1.1488272727272728,1.2701227272727271,3207.6190909090906,26385.83090909091,10499.862727272728,4.0,0.0,38.489414,5.030856,43.24217391304348,29.0,10.0,,,18.0,25.0,52.0,18.0,3.0,,,24.0,,34.0,,34.0,23.0,17.0,23.0,12.0,5.0,4.0,7.0,30.0,13.0,18.0,16.0,,,70.0,22.045454545454547,,,,,,,,,,,,,,,,,,,,,,,,,,,,,,,,,,,,,,,,,,,,,,,,,,0.0,0.65,0.0,0.0,0.0,0.0,0.0,0.05,0.15,4.0,8.05,4.96998921500435,6.0505757254729415,5.273436121274781,0.5,2.0,1.54,5.0,1.1,0.0,,,0.16,0.5,0.0,0.1,0.13,0.25,32.24107,53764.39687,5795710.511050001,0.0,2044.56782,122493.93099,5974045.647800001,368290.74313,605918.89568,2879413.14016,290631.25446,1336.70475,1703916.4108099998,1.73501,16823.76842,38279.6632,392.87978,0.0,69040.4524,5974045.647799999,8572.87553,261285.71772,321681.73675,94490.76532,75765.18813,451.16661,3796.28106,156569.84965000002,66128.53838,779284.45385,4934.67055,40834.53143,15642.50799,4501.983389999999,1833940.26636,70211.34993999999,1904151.6163,0.0,32.24107,32.24107,14428.27676,39336.12011,53764.39687,212970.65061,53749.73846,1833940.26636,3695049.85562,5795710.511050001,5849507.1489900015,124538.49881,5974045.647800001,1661464.4875599996,2111416.79881,2126015.0969,0.0,9506.39267,704674.8681699999,1336149.64435,50017.4165,303247.3169,982884.91095,0.0,34800.63345,26285.26017,14598.29809,60985.07033000001,388832.2988000001,0.0,134.94212,1661464.48756,821762.3104699999,2471447.5807200004,2375522.3479700005,34940.16242,60985.07033000001,3293209.8911900003,1570760.3333000003,247549.4521099999,87810.0,207220.0,0.0,424344.06601,0.0,-471824.61390000005,0.0,-2268.95595,245280.4961599999,0.0,0.0,-6483.5427500000005,-179416.74773,1607971.0886,-96590.96097999954,100.7,,13.49473466103795,11.414124827848475,19.700281143879902,12.817760620527284,15.307500152896322,10.19567860080645,13.111978932145519,8.870701774778189,18.513423419354837,18.10050508341313,13.83159693797716,19.927012756813834,13.37814013707888,18.04189769297888,15.823972108787286,16.103057662222195,10.94327800357934,13.058744702423803,8.695322580645161,11.084564200709908,7.916989840199692,15.00741935483871,15.696695718171972,11.401534742141527,15.25365134470727,11.109884716159128,15.617764628705679,13.410489844856599,2469.536442969945,2088.784843496271,19.700281143879902,563.9814673032006,122.46000122317058,81.5654288064516,812.9426937930222,62.094912423447326,18.513423419354837,18.10050508341313,55.32638775190864,59.781038270441506,334.45350342697196,162.37707923680992,158.23972108787285,16.103057662222195,481.50423215749106,104.46995761939043,69.56258064516129,687.2429804440143,55.41892888139783,15.00741935483871,15.696695718171972,45.60613896856611,45.76095403412181,277.7471179039782,140.55988165835112,134.104898448566,5.409079899481484,11256.295270820967
2020-08-01,,,,,,,,,,,,,,,,,6.0,0.0,0.0,,,0.0,679.0,421.0,732.0,2136.0,810.0,526.0,798.0,6102.0,222370.878,53127.927,37852.246,15275.681,-169242.951,7511.155,2716.224,930.819,4.085,0.0,2274.132,4514.528,4680.286,1003.553,1935.688,2025.957,2286.288,204.123,1673.198,985.727,49.999,1074.261,22707.74,5854.018,2682.2000000000003,678.624,4.085,0.0,1888.051,4437.017,4652.7,532.884,1490.638,1164.87,1524.131,190.19,1318.806,631.857,49.999,957.584,18838.727,0.0,0.0,7200.525000000001,0.0,1670.678,3763.962,8047.036,1032.25,1.753,18.9,11329.124,4788.018,26.102,267.4,0.0,343.931,2018.215,1087.514,0.09,1044.766,97577.503,5834.542,0.0,7783.299,1633.535,1141.61,28179.188,91.919,131.575,1093.122,1011.23,0.0,4.127,0.2,442.663,20.563,33749.732,48556.733,19668.485,68225.218,5731.186,7820.927000000001,13552.113,11461.12,93238.451,26422.321,4036.814,9444.829,14137.884,2479.251,7965.046,15784.448,80270.59300000001,40852.937,7610.782,48463.719,398.115,222370.878,1657.137,34.024,252.195,0.0,0.0,386.081,77.511,27.586,470.669,445.05,861.087,762.157,13.933,354.392,353.87,0.0,116.677,3869.013,544.79,4076.284,4621.0740000000005,0.0,12.211,12.211,1121.705,5754.990000000001,8683.792,3.679,12.86,68.918,28.604,85.38,241.926,9125.158999999998,164.644,229.598,394.242,1.29,15275.681,3163274.0,423875.0,8239073.0,61574027.0,1.3229,1.1831142857142856,1.3142666666666667,3391.71,27821.36714285714,11212.290476190476,2.0,0.0,33.780502,5.31114,44.736000000000004,35.0,8.0,,18.0,19.0,27.0,56.0,21.0,,20.0,,,,38.0,,26.0,21.0,15.0,20.0,9.0,4.0,4.0,5.0,19.0,14.0,17.0,15.0,3.0,,55.0,20.391304347826086,,,,,,,,,,,,,,,,,,,,,,,,,,,,,,,,,,,,,,,,,,,,,,,,,,0.0,0.65,0.0,0.0,0.0,0.0,0.0,0.05,0.15,4.0,8.05,4.961219608562329,6.035505892468258,5.242736691259258,0.5,2.0,1.54,5.0,1.13,0.0,,,0.14,0.5,0.0,0.1,0.1,0.25,320.41352,51570.2049,5789398.46948,0.0,8650.19479,122330.76043,5972270.0431200005,361656.97258,609414.79556,2875362.86372,290983.24251,1304.49039,1702566.72314,1.19314,16816.30732,44777.60511999999,370.30464,0.0,69015.545,5972270.04312,8461.908089999999,263735.61538,310549.17284,92175.29392,80196.9395,429.01408,3832.5003,156306.6105,65855.84854,785222.69251,4936.4283,41517.30542,19079.30322,4376.42215,1836675.05475,70154.50379999999,1906829.55855,0.0,320.41352,320.41352,12824.57005,38745.63485,51570.2049,211985.19869,51157.79595,1836675.05475,3689580.42009,5789398.46948,5841289.087900001,130980.95522,5972270.0431200005,1678435.91525,2128558.9993000003,2149897.5341000003,0.0,12408.73952,620558.31583,1437407.5063200002,50017.4165,309744.407,1077645.6828200002,0.0,34800.63345,23383.80418,21338.5348,61047.024630000014,388832.2988000001,0.0,243.76062,1678435.9152500003,809944.7060700001,2556800.6373,2460718.80054,35034.812130000006,61047.024630000014,3366745.34337,1627262.4034899997,287772.92815999995,147080.0,207220.0,0.0,424344.06601,0.0,-490871.13785,0.0,-1809.22588,285963.70228,0.0,0.0,-5945.85077,-179416.74773,1608392.38753,-81731.08782000018,101.0,,13.011473568322804,11.209846729311154,17.11400680816711,12.213109119298892,14.709931885978717,10.27440875352293,12.341927832973742,7.714227049604795,18.2543487594143,16.009171885586465,13.611310544593074,19.387453555113225,13.354476108735248,18.76846499032754,15.788580371809436,15.691057410788487,10.67720762234767,12.965264038404987,8.568087090488351,10.838725908887733,7.650189847383511,14.62774193548387,16.441676413620005,11.255692794085972,15.35559969827955,11.105458909707515,15.202047021282338,13.148072980146916,2381.099663003073,2051.4019514639413,17.11400680816711,537.3768012491512,117.67945508782974,82.19527002818344,765.199525644372,53.99958934723356,18.2543487594143,16.009171885586465,54.4452421783723,58.16236066533968,333.8619027183812,168.91618491294787,157.8858037180944,15.691057410788487,469.79713538329753,103.7221123072399,68.54469672390681,672.0010063510393,53.55132893168458,14.62774193548387,16.441676413620005,45.02277117634389,46.06679909483865,277.63647274268783,136.81842319154106,131.48072980146915,5.200949391125119,10823.17568293137
2020-09-01,2407.790115142914,1031.533008145646,238.85545466446388,199.51848261256495,75.38305104500627,83.68223687480533,263.7130541120855,150.19663407724167,13.040376973477713,,2144.997835345234,0.0,28.91340884563321,262.79227979768024,,322.9544077919896,0.0,0.0,0.0,,,0.0,551.0,229.0,541.0,1605.0,748.0,218.0,975.0,4867.0,256802.923,55932.375,46032.126,9900.249,-200870.548,10770.955,2061.824,743.7620000000001,28.735,0.0,6157.74,4470.701,3710.814,458.086,1556.65,3736.753,2809.03,34.835,1710.418,897.211,274.303,409.963,26226.504,9626.614,1975.248,559.639,28.735,0.0,5957.155,4333.154,3678.386,368.038,1363.152,3118.565,2236.134,2.62,1202.359,742.071,274.303,295.133,23571.070000000003,505.96,1.2,11014.643,0.0,1661.989,4749.657,8329.546,1090.894,12.41,0.0,12056.792,6609.035000000001,323.31,314.526,0.0,434.2,647.516,730.467,2594.207,1564.809,95318.223,6040.2970000000005,0.0,7469.015,1759.381,1516.434,27393.574,158.33,111.428,1347.85,2319.728,59.851,4.526,18.379,496.343,41.385,35227.209,45984.784,18995.979,64980.763,5554.8240000000005,8073.465,13628.289,14989.985,93599.037,33851.595,8670.54,11224.539,24936.976,3686.929,8126.382,16227.113,106724.074,49599.329,5249.701,54849.03,1630.782,256802.923,1144.341,86.57600000000001,184.123,0.0,0.0,200.585,137.547,32.428,90.048,193.498,618.188,572.896,32.215,508.059,155.14,0.0,114.83,2655.434,206.464,3463.549,3670.013,0.0,5.149,5.149,264.955,3940.117,5223.1810000000005,57.905,26.351,90.585,2.97,24.004,178.748,5603.744,248.422,104.888,353.31,3.078,9900.248999999998,4552902.0,1307832.0,37702131.0,7434971.0,1.323,1.1785095238095238,1.2946809523809524,3365.516666666667,27733.39619047619,11088.740476190476,6.0,0.0,46.500033,2.977414,40.90954545454545,36.0,8.0,,,19.0,28.0,57.0,21.0,,,,,,39.0,,25.0,19.0,18.0,22.0,10.0,4.0,4.0,3.0,16.0,14.0,17.0,12.0,,,43.0,20.75,,16.166944466736897,14.434971093803131,13.479632415274253,10.297408763954424,6.591391549493225,71.48673008048941,58.76383084055652,0.5808248561377731,4.71693495354739,71.96808281178464,68.3375350574353,26.45910998660724,33.11655378439921,44.56939204692439,35.15724104,625.6170698999999,251.3146874065,-66.67359751482081,311.42314117000006,67.563862,0.1670879699999996,31.529972818679123,0.0070027686791247,27.50341142,4.01955863,31.529972818679123,0.8902644851791877,11.022548020000002,70.86899238000001,0.0,0.0,10.28442633,32.23626125,126.9024594265,0.0,251.3146874065,0.0,45.93991995,0.0,55.41994657000001,36.50968359,0.00136311,2.40702052,311.42314117000006,171.14520743000003,660.94139891,594.2678013951792,594.2678013951792,0.0,0.65,0.0,0.0,0.0,0.0,0.0,0.05,0.15,4.0,8.05,4.941014833448711,5.993924887583281,5.158215639537778,0.5,2.0,1.54,5.0,1.14,0.0,,,0.12,0.5,0.0,0.1,0.11,0.25,192.01993,49100.0626,5825767.90356,0.0,8687.03654,122563.47451,6006310.49714,376550.51248,602038.24763,2873938.84169,292067.57957,1252.37892,1729212.4258,0.71791,16805.60942,45000.49658,453.04914,0.0,68990.638,6006310.49714,9969.009300000002,270698.9821,339200.83385,89769.69317,82809.51663,396.80948,3598.88967,156531.57358000003,57411.93642,804651.8143300001,4699.40329,41531.8579,19014.97877,4337.0959,1884622.39439,70138.40869,1954760.80308,0.0,192.01993,192.01993,11347.92062,37752.14198,49100.0626,210959.42426,46497.56152,1884622.39439,3683688.52339,5825767.90356,5875059.98609,131250.51105,6006310.49714,1580190.92665,2031672.81832,2050184.47201,0.0,14190.89407,571633.2196800001,1387664.26694,50023.104,310488.86414,1027152.2988,0.0,34800.63345,23383.80418,18511.653690000003,61589.92447,388832.2988000001,732.5729399999999,327.09545999999995,1580190.92665,833818.6543200001,2610117.03823,2513433.72933,35093.38443,61589.92447,3443935.6925500003,1802154.8414299996,412205.59219,185160.0,207220.0,0.0,424344.06601,0.0,-404518.47382,0.0,-1971.7882500000003,410233.80394,0.0,0.0,-4319.09637,-179416.74773,1605958.3817,-30301.50011000061,101.1,,13.683897430979885,11.534708371900836,17.229028428539667,12.911330495592326,14.769898125133095,11.458357412429683,13.390604218856486,8.630937013513204,24.076244551724137,15.305710418267951,14.47723325475093,18.01756867615552,13.442080170446214,18.522348292146837,16.426886176258076,16.74346158517238,11.191632908030304,12.853404668462609,9.654162062246169,11.194272078354963,7.805889647493157,18.272758620689654,13.911571016168487,11.26711988333328,15.497962985453368,11.125401196544049,15.274300060613006,13.357926369754754,2504.153229869319,2110.851632057853,17.229028428539667,568.0985418060624,118.15918500106476,91.66685929943746,830.2174615691022,60.41655909459243,24.076244551724137,15.305710418267951,57.90893301900372,54.05270602846655,336.05200426115533,166.70113462932153,164.26886176258077,16.74346158517238,492.4318479533333,102.82723734770087,77.23329649796935,694.0448688580076,54.6412275324521,18.272758620689654,13.911571016168487,45.06847953333312,46.49388895636011,278.1350299136012,137.46870054551704,133.57926369754753,5.2528205659662985,10931.119597775867
2020-10-01,,,,,,,,,,,,,,,,,2.0,0.0,0.0,,,0.0,470.0,268.0,405.0,472.0,234.0,80.0,460.0,2389.0,241222.284,48676.974,37621.799,11055.175,-192545.31,5911.349,2158.68,1720.403,0.0,0.0,3483.42,3816.126,4914.921,1223.253,1416.035,2516.015,3515.812,89.13,1401.445,650.6850000000001,373.604,583.292,23983.738000000005,4939.537,2155.957,1671.507,0.0,0.0,3219.236,3798.425,4897.719,804.84,1154.901,2252.808,2438.491,85.433,1004.354,564.9590000000001,370.018,468.343,21059.527,74.997,0.05,6554.202,0.0,2526.832,5168.767,8191.434,2062.438,5.582,0.376,8110.451,4926.67,286.204,396.117,0.77,387.763,699.58,1174.558,1043.425,938.253,106186.036,6889.519,0.0,7862.131,1525.43,1218.256,23314.161,10.219,102.266,941.24,616.862,0.0,4.163,2.283,515.371,19.265,28269.516000000003,47942.618,20247.056,68189.674,6061.167,9433.412,15494.579000000002,14956.952,98641.205,35427.767,4128.809,9861.725,13356.7,3797.208,8775.244,19794.42,95141.873,40216.137,6147.196,46363.333,1075.873,241222.284,971.812,2.723,48.896,0.0,0.0,264.184,17.701,17.202,418.413,261.134,263.207,1077.321,3.697,397.091,85.726,3.586,114.949,2924.211,175.91400000000002,3177.399,3353.313,0.0,12.313,12.313,396.617,3762.243,6416.262,4.656,15.815,84.158,11.986,172.941,232.776,6938.593999999999,212.385,141.953,354.338,0.0,11055.175,4991366.0,1625942.0,27510645.0,10288246.0,1.3218,1.1767809523809523,1.2979761904761904,3418.701363636363,28005.105000000003,11435.292727272727,5.0,0.0,52.101763,5.93235,40.18954545454546,32.0,6.0,,,18.0,29.0,50.0,16.0,,,,21.0,,36.0,,21.0,17.0,15.0,21.0,7.0,5.0,2.0,4.0,12.0,15.0,15.0,12.0,,,42.0,18.857142857142858,,,,,,,,,,,,,,,,,,,,,,,,,,,,,,,,,,,,,,,,,,,,,,,,,,0.0,0.65,0.0,0.0,0.0,0.0,0.0,0.05,0.15,4.0,8.05,4.926133131288689,5.978871115908284,5.1838741585925145,0.5,2.0,1.54,5.0,0.98,0.0,0.61,4.75,0.09,0.5,0.0,0.1,0.1,0.25,81.98764999999999,49367.18809,5848727.8103,0.0,8640.64553,120486.47417,6027304.1057400005,409144.8469900001,598526.04511,2877092.36049,286702.69193999993,1209.58962,1725501.45189,0.68946,16798.56106,42941.798460000005,459.63972000000007,0.0,68926.431,6027304.1057400005,9620.15789,274461.68303,350193.22886000003,94568.25063,82664.27071,368.6724,3500.50688,156929.19954,56893.72176,801813.03981,4520.1783700000005,41588.75302,19651.50136,4378.67076,1901151.83502,70174.24978000001,1971326.0848,0.0,81.98764999999999,81.98764999999999,11079.6132,38287.57489,49367.18809,215369.08446,53610.39068,1901151.83502,3678596.50014,5848727.8103,5898176.98604,129127.1197,6027304.10574,1550269.52325,2001398.19923,2015514.22329,0.0,7459.93088,586876.82257,1349017.1650200002,50023.104,305694.23884000006,993299.82218,0.0,34800.63345,23243.64731,14116.02406,61602.5206,388832.2988000001,153.75240000000002,540.10418,1550269.52325,814957.60612,2642531.5242699995,2545878.22287,35050.78080000001,61602.5206,3457489.13039,1845617.0865400005,522950.45173999993,220070.0,207220.0,0.0,424344.06601,0.0,-328683.61427,0.0,-886.96177,522063.48997,0.0,0.0,-3411.2304700000004,-179416.74773,1604813.71909,-98432.1443199997,101.5,,14.15419666026009,11.800265311063338,20.535404032553007,13.229295737992844,15.031963042170327,12.171484759050502,13.735779560232471,9.378157699810844,23.824135502789556,16.794326388983123,13.587780221678205,20.212100583798257,13.928935575001846,19.649347664355016,17.202715039638107,17.221679532333305,11.39126787170202,13.156179532333303,9.879389961027776,11.31615655746356,7.781270453920633,18.43566666666667,14.242292138185105,11.478575926194395,17.168013298691353,11.61403346073925,16.014202628090512,13.608096777329592,2590.2179888275964,2159.4485519245914,20.535404032553007,582.0890124716851,120.25570433736262,97.37187807240402,851.6183327344132,65.6471038986759,23.824135502789556,16.794326388983123,54.35112088671282,60.636301751394775,348.22338937504617,176.84412897919512,172.02715039638105,17.221679532333305,501.2157863548889,105.24943625866642,79.03511968822221,701.6017065627407,54.468893177444436,18.43566666666667,14.242292138185105,45.91430370477758,51.50403989607407,290.3508365184813,144.1278236528146,136.08096777329592,5.372279977344739,11179.714632854404
2020-11-01,,,,,,,,,,,,,,,,,2.0,10.0,16.0,10.0,,26.0,644.0,431.0,1266.0,1326.0,791.0,398.0,1813.0,6669.0,244169.723,51032.315,39642.91499999999,11389.4,-193137.408,5966.628,2697.239,687.496,39.661,0.0,5985.669,4939.2210000000005,3776.927,1349.229,2279.957,1756.153,3081.911,6.214,1873.423,1052.537,267.89,863.787,27232.917999999994,5159.204,2695.699,673.9540000000001,39.661,0.0,5789.77,4630.305,3574.422,609.321,1553.02,1249.906,2237.109,0.0,1510.681,683.8000000000001,226.685,367.892,22432.911000000004,75.805,0.771,5181.405,0.0,1700.427,4459.243,8244.661,815.763,28.62,0.938,11525.527,7609.755,318.33,378.559,0.24,249.877,2162.526,1237.875,2468.557,793.791,102054.723,7880.726000000001,4.602,6556.168000000001,2362.881,1787.22,31299.412,22.855,149.861,1001.836,1884.084,0.0,43.863,0.145,549.899,109.348,39211.404,57151.334,20709.135,77860.46900000001,6269.8460000000005,8942.137,15211.983,11158.406,104230.85800000002,36869.378,4622.252,12206.006,12582.64,3936.533,4962.932,17714.217,92893.958,40117.63,5300.305,45417.935,1626.972,244169.7230000001,807.424,1.54,13.542,0.0,0.0,195.899,308.916,202.505,739.908,726.937,506.247,844.802,6.214,362.742,368.737,41.205,495.895,4800.0070000000005,236.758,4029.614,4266.372,144.332,28.5,172.832,139.905,4579.109,4982.139,9.486,121.777,316.32800000000003,13.405,17.765,432.082,5892.982000000001,520.293,396.516,916.809,0.5,11389.4,6723673.0,1240056.0,17509066.0,8980042.0,1.3073,1.1826277777777778,1.3198333333333334,3548.9925000000003,29124.0365,11794.5155,4.0,1.0,56.642508,2.502251,42.69238095238095,43.0,16.0,,,17.0,27.0,57.0,29.0,,,,,,39.0,,22.0,16.0,15.0,18.0,16.0,3.0,3.0,15.0,15.0,15.0,14.0,9.0,,,38.0,21.35,,,,,,,,,,,,,,,,,,,,,,,,,,,,,,,,,,,,,,,,,,,,,,,,,,0.0,0.65,0.0,0.0,0.0,0.0,0.0,0.05,0.15,4.0,8.05,4.918006153365491,5.903743338444554,5.053589624089528,0.5,2.0,1.54,5.0,0.78,0.0,,,0.12,0.5,0.0,0.1,0.09,0.25,72.77446,48119.92060549589,5854801.69868,0.0,8604.19982,117904.73309,6029503.326655496,354683.83881000004,581973.4542800001,2873943.76487,292630.2215148907,1007.54765,1798755.566620605,1.03745,16791.25072,42263.19286,563.1788799999999,0.0,66890.273,6029503.326655495,9512.62215,275629.39436000003,339777.10075,90679.94896,82055.345,358.42571000000004,4630.26525,162469.05753,62464.67618,795328.15523,4525.798070000001,41891.11536,19747.98325,4289.76492,1893359.65272,68164.86521,1961524.51793,0.0,72.77446,72.77446,9462.31374,38657.60686549589,48119.92060549589,201934.27742,71009.73995,1893359.65272,3688498.02859,5854801.69868,5902994.393745496,126508.93291,6029503.326655496,1532285.54929,1981841.35821,1997153.44382,0.0,10432.24804,572478.0394799999,1342819.16288,50023.104,308506.14492,984289.91396,0.0,34800.63345,21311.27436,15312.085610000002,60562.55129,388832.2988000001,58.700010000000006,102.25882,1532285.54929,818987.54434,2658960.17477,2563387.4018200003,35010.22166,60562.55129,3477947.71911,1885099.6185300003,562835.5847099999,204170.0,207220.0,0.0,424344.06601,0.0,-272898.4813000001,0.0,-2153.3167300000005,560682.2679799999,0.0,0.0,-2780.5777100000005,-179416.74773,1605135.08098,-98520.40498999978,101.1,,14.859632565244459,12.0461200356975,20.208619002885747,14.055742193661318,15.184060603659963,12.70318482561934,14.789999083939758,9.30352779364146,23.646592827586208,21.355423523012874,14.26146614991659,22.677510081902643,14.56064413450717,19.017116418012968,17.01983204009933,19.046206896551727,11.690039184952978,13.475758217528707,10.217591365871646,11.532492323071313,8.213032504636015,18.517931034482757,13.601915843754696,11.699302682270064,17.571866594993608,11.9175209679862,16.188867140285208,13.370900141356286,2719.312759439736,2204.4399665326423,20.208619002885747,618.4526565210981,121.47248482927971,101.62547860495472,916.979943204265,65.12469455549024,23.646592827586208,21.355423523012874,57.04586459966636,68.03253024570793,364.01610336267925,171.15404776211673,170.19832040099328,19.046206896551727,514.361724137931,107.80606574022966,81.74073092697317,715.0145240304214,57.49122753245211,18.517931034482757,13.601915843754696,46.797210729080255,52.71559978498083,297.93802419965493,145.69980426256686,133.70900141356285,5.378295095920043,11192.23209460961
2020-12-01,2531.5957083738062,1033.628325178979,256.1969039060445,190.4531770212465,73.24804607209992,82.99034223637751,263.2261489149308,157.27641192571167,7.758399732087826,,2213.476315349405,0.0,77.85263886231155,318.1193930244007,,388.9653145240173,0.0,0.0,0.0,,,0.0,1323.0,675.0,2086.0,6164.0,3350.0,1342.0,3255.0,18195.0,285932.535,47633.535,31247.172,16386.363,-238299.0,7867.378000000001,2405.901,744.517,19.641,0.0,2639.436,4760.587,3027.94,1590.405,1348.184,2198.688,3160.948,71.681,1288.492,1237.536,525.788,196.034,22045.719,3114.8540000000003,2402.236,716.947,19.641,0.0,2299.421,4723.296,2995.761,1257.532,506.776,1257.509,2399.107,63.842,707.431,878.798,525.332,21.109,17635.914,0.0,0.0,4809.418,0.0,1630.688,4671.638,5320.068,778.553,50.185,10.765,9563.636,4412.221,377.655,78.968,0.93,160.411,1140.771,993.827,705.946,953.713,118149.458,5491.978,0.0,7323.376,2802.675,1870.36,29211.058,39.732,158.272,1367.83,2550.073,0.0,38.937,3.777,45.57,10.029,38098.313,56587.064,25847.95,82435.014,7757.702,12967.688,20725.39,13418.913,116579.317,42627.905,5710.921,12091.36,14434.346,2773.618,8176.119000000001,18343.625,104157.894,56981.831,6426.645,63408.476,1786.848,285932.53500000003,4752.524,3.665,27.57,0.0,0.0,340.015,37.291,32.179,332.873,841.408,941.179,761.841,7.839,581.061,358.738,0.456,174.925,4409.805,514.902,4366.5560000000005,4881.4580000000005,0.0,18.936,18.936,3454.359,8354.753,6318.763,0.0,16.757,127.018,23.011,0.0,815.416,7300.965,318.907,411.418,730.325,0.32,16386.363,2727074.0,2120791.0,15330476.0,52773295.0,1.2809,1.2168,1.3434285714285714,3695.3100000000004,30148.58,12619.050909090909,4.0,0.0,43.531654,4.609942,49.99363636363637,48.0,28.0,,,14.0,23.0,82.0,29.0,,,,27.0,,62.0,36.0,27.0,15.0,13.0,24.0,9.0,3.0,3.0,16.0,16.0,18.0,18.0,13.0,,,35.0,25.40909090909091,,16.42463151154846,14.56412026516155,14.314670025632964,10.349664568394882,6.7147713423241,71.01469192733406,56.132585822629245,0.8563295669783854,6.936823414526014,71.10580428494153,67.6096743771508,27.704280983643383,34.78457218906599,47.38582978064467,30.946621830000005,604.1232282849153,243.06008546,-13.19413941191533,352.68813363,103.54202999999998,-0.5059349399999999,25.621556673,0.0,25.621556673,0.0,25.621556673,90.34789058808464,11.95016438,103.97149688,0.0,0.0,7.995535279999999,85.60317429,33.53971463,0.0,243.06008546,0.0,61.32940672,0.0,57.996065400000006,35.43642688,0.00147037,2.8844819800000003,352.68813363,195.04028228,634.5639151749153,621.369775763,621.369775763,0.0,0.65,0.0,0.0,0.0,0.0,0.0,0.05,0.15,4.0,8.05,4.908270445974962,5.902818907305594,4.984192870704799,0.5,2.0,1.54,5.0,0.77,0.0,,,0.07,0.5,0.0,0.1,0.09,0.25,20.0811,44525.75957,5834732.550105,0.0,8647.33024,97188.67244375,5985114.39345875,363183.93146,575411.75453,2860196.28555,284774.75433500006,952.15639,1794759.5085099998,0.87904,16783.91518,42422.86068,545.8985686,0.0,46082.44921515,5985114.39345875,9481.001289999998,281283.72715,338795.05989,89853.05081,82236.70978,353.60572,4392.45987,166321.13713999998,65081.20222,793093.73188,4467.91972,41889.06429,18872.69871,4217.271070000001,1900338.63954,47286.35462124999,1947624.9941612496,0.0,20.0811,20.0811,6346.18752,38179.57205,44525.75957,205282.38976,71043.3995,1900338.63954,3658068.121305,5834732.550105,5879278.390775,105836.00268375,5985114.39345875,2208473.6189800003,2658102.01818,2672389.71146,0.0,14471.98049,1004497.57871,1583868.4617199998,50025.632,447723.60136,1086119.2283599998,0.0,34800.63345,20463.36381,14287.69328,60614.82307,388832.2988000001,1e-05,181.27732,2208473.6189800003,890001.08718,2661799.33563,2568282.0297600003,32902.4828,60614.82307,3551800.4228100004,1282711.9807600006,-33182.047370000044,135340.0,208995.461,0.0,424344.06601,0.0,-801861.5743800001,0.0,-3064.6131800000003,-36246.66055000005,0.0,0.0,-2199.40137,-179416.74773,1606871.38483,-106296.59441999935,101.7,,14.805943811660578,12.391655326737633,16.98160047737806,14.129353164999205,14.792092268503112,12.268563449640475,15.002476727888029,9.406462115885454,23.800680037368508,17.516529294619435,14.997772051075813,21.003675450199694,14.448706197836774,17.751533766902917,17.302975737620226,17.68655172413793,12.161748556355798,13.236535743261463,9.931351683821838,12.41127651473798,7.895337884958946,18.967779256590035,14.837198763639764,11.659140586427151,16.781475611213263,11.924824069443662,15.713084657296696,13.443549721271989,2709.487717533886,2267.6729247929866,16.98160047737806,621.691539259965,118.33673814802489,98.1485075971238,930.1535571290577,65.84523481119817,23.800680037368508,17.516529294619435,59.99108820430325,63.01102635059909,361.2176549459194,159.76380390212628,173.02975737620224,17.68655172413793,535.116936479655,105.8922859460917,79.4508134705747,769.4991439137547,55.26736519471262,18.967779256590035,14.837198763639764,46.636562345708604,50.344426833639794,298.1206017360916,141.41776191567024,134.4354972127199,5.5915651654463465,11636.047109293848
2021-01-01,,,,,,,,,,,,,,,,,2.0,0.0,0.0,,2.0,0.0,649.0,151.0,614.0,719.0,809.0,117.0,488.0,3547.0,218109.906,41816.303,24658.835,17157.468,-176293.603,8621.116,1923.894,957.974,0.0,0.0,3363.128,2419.656,2966.415,967.64,763.113,1604.915,1904.788,161.601,1220.838,717.168,299.097,528.823,16917.182,3644.005,1922.097,859.9540000000001,0.0,0.0,3045.939,2075.775,2833.0370000000003,642.794,530.985,955.217,1392.587,15.755,730.429,476.031,299.097,257.50100000000003,13255.147,29.78,0.25,3140.983,0.0,2022.847,4374.214,3516.8740000000003,1525.284,4.893,0.06,6704.763,3338.887,148.33,152.447,0.18,152.268,1206.754,937.681,216.468,524.759,86649.43400000001,4660.279,0.252,4730.473,625.0790000000001,848.312,44162.705,101.118,7.359,871.826,513.589,221.592,2.236,1.604,1140.844,3.336,48499.6,38941.291,14822.505,53763.796,3947.997,7207.33,11155.327,8532.264000000001,73451.387,49975.617,3796.227,14150.902,12299.12,1903.359,3007.902,14849.463,99982.59,38674.984,4971.418,43646.402,1029.527,218109.906,4977.111,1.797,98.02,0.0,0.0,317.189,343.88100000000003,133.378,324.846,232.128,649.698,512.201,145.846,490.409,241.137,0.0,271.322,3662.035,412.353,4639.124,5051.477,0.0,16.68,16.68,3013.038,8081.195,7293.375,7.994,166.106,265.351,22.43,0.13,665.492,8420.877999999999,370.697,284.548,655.245,0.15,17157.467999999997,2881165.0,1745039.0,51675477.0,41910089.0,1.2725,1.2177666666666667,1.364138888888889,3793.748421052632,30821.352631578946,13186.605789473684,3.0,0.0,46.682553,2.276637,54.774,35.0,39.0,3.0,,15.0,21.0,69.0,32.0,,25.0,,39.0,,34.0,56.0,25.0,13.0,15.0,27.0,12.0,3.0,4.0,7.0,16.0,17.0,20.0,15.0,6.0,,38.0,23.44,,,,,,,,,,,,,,,,,,,,,,,,,,,,,,,,,,,,,,,,,,,,,,,,,,0.0,0.65,0.0,0.0,0.0,0.0,0.0,0.05,0.15,4.0,8.05,4.899395131193975,5.87721332275261,4.966879104692647,0.5,2.0,1.54,5.0,0.74227,0.0,,,0.06,0.5,0.0,0.1,0.08,0.25,19.9325299999946,53869.856271112,5831576.184210001,0.0,8572.94536,97494.9230477684,5991533.841418881,385347.00986,578412.0937900001,2852804.60116,279141.2218200001,914.89325,1788846.153131112,1.0244377684,16785.73026,43045.41752,485.01675000000006,0.0,45750.67943999999,5991533.84141888,8791.66422,285770.83111,347112.42788,89024.64045,79186.36101000001,343.78575,4283.2535800000005,164908.04843999998,64655.31441,794818.4117899999,4284.87945,41728.4081,18906.71918,4269.80129,1908084.54666,46961.9719977684,1955046.518657768,0.0,19.9325299999946,19.9325299999946,6207.98125,47661.875021112006,53869.856271112,208560.88103,71177.03456,1908084.54666,3643753.72196,5831576.184210001,5885465.973011113,106067.8684077684,5991533.841418881,2188685.94536,2634673.35874,2649141.09652,0.0,19548.894600000003,758112.85398,1801747.6129,50025.632,539083.47072,1212638.51018,0.0,34800.63345,20463.36381,14467.73778,60709.61893,384744.32763,179.26726000000002,354.19956,2188685.94536,898265.6523300001,2738188.67719,2642776.57546,34702.482800000005,60709.61893,3636454.32952,1387058.7652300005,75666.68606999982,200750.0,207220.0,0.0,424344.06601,0.0,-756647.3799400001,0.0,-2966.7809800000005,72699.90508999983,0.0,0.0,-2218.1712800000005,-176910.48099,1605000.77166,-111513.25924999952,101.8,,13.929062349434918,11.88005675393442,21.494907,12.471196005227274,15.731966177960839,9.748878675,13.515156580645161,11.454464405977623,18.379929,14.974598041843356,11.793788620921678,17.545550666666667,14.942902816,18.70717978242704,18.171963908368674,15.37,11.360909090909091,13.750149610277752,8.89125,11.515483870967742,8.758571428571429,14.59,12.745598441111007,10.642799220555503,13.993333333333334,11.403647875288879,17.846666666666668,14.4801196882222,2549.01840994659,2174.050385969999,21.494907,548.73262423,125.85572942368671,77.9910294,837.939708,80.18125084184337,18.379929,14.974598041843356,47.17515448368671,52.636652,373.5725704,168.36461804184336,181.71963908368673,15.37,499.88,110.00119688222202,71.13,713.96,61.31,14.59,12.745598441111007,42.57119688222201,41.980000000000004,285.091196882222,160.62,144.801196882222,5.262502125955327,10951.266924113035
2021-02-01,,,,,,,,,,,,,,,,,1.0,0.0,0.0,,1.0,0.0,612.0,112.0,93.0,258.0,211.0,100.0,494.0,1880.0,203316.279,51218.12299999999,31078.515,20139.608,-152098.15600000002,15916.202,567.354,1856.508,38.477,0.0,2649.082,4357.725,2382.364,991.383,1240.285,1304.142,1829.865,143.49,2164.386,613.3050000000001,63.235,534.214,18273.476,7634.301,549.716,1851.69,38.477,0.0,2571.982,4248.398,2309.108,922.907,880.806,838.889,1448.348,143.395,1232.267,283.476,36.571,432.636,15348.783,13.22,0.0,8429.893,0.0,1845.577,4113.062,4456.432,1771.431,5.978,0.756,7836.905,2605.261,189.704,225.233,0.0,198.997,1113.869,25.875,726.1800000000001,125.403,78558.125,4881.459,0.0,3480.3720000000003,2475.958,1360.473,19684.193,0.187,21.084,764.6560000000001,392.481,0.0,7.423,0.259,414.145,10.353,25131.212,48205.828,13505.144,61710.972,2311.478,4468.27,6779.7480000000005,7224.55,75715.27,30485.814,2470.843,6959.66,14819.232,1410.923,10498.094,14649.876,81294.44200000001,43207.135,2790.403,45997.538,309.029,203316.279,8281.901,17.638,4.8180000000000005,0.0,0.0,77.10000000000001,109.327,73.256,68.476,359.479,465.253,381.517,0.095,932.119,329.829,26.664,101.578,2924.693,1217.069,6550.892,7767.960999999999,0.0,47.516,47.516,3273.434,11088.911,8431.09,10.67,7.733,55.797,76.299,0.0,258.359,8839.948000000002,76.513,134.236,210.749,0.0,20139.608000000004,3124747.0,1414639.0,51131736.0,11505840.0,1.2696,1.2093947368421052,1.3867052631578947,3883.432105263158,31283.910000000003,13737.404736842105,3.0,1.0,42.058164,2.546915,62.2765,9.0,36.0,,,13.0,17.0,45.0,27.0,,,,36.0,,41.0,,20.0,12.0,17.0,27.0,13.0,3.0,5.0,3.0,16.0,13.0,18.0,12.0,5.0,,28.0,18.90909090909091,,,,,,,,,,,,,,,,,,,,,,,,,,,,,,,,,,,,,,,,,,,,,,,,,,0.0,0.65,0.0,0.0,0.0,0.0,0.0,0.05,0.15,4.0,8.05,4.887305254680101,5.821137186896761,4.9012620384897145,0.5,2.0,1.54,5.0,1.52831,0.0,,,0.11,0.5,0.0,0.1,0.04,0.25,12.8983899999946,42304.6517950053,5826705.209690999,0.0,8516.45698,96429.6399277684,5973968.856783773,390085.63992,575476.41918,2849744.5366199994,267291.69629667,875.21082,1785549.257039335,1.1381477684,16778.536659999998,42389.86236,393.26574,0.0,45383.294,5973968.856783773,9352.40872,284594.69118,361911.46448,88986.39755,80190.86370999999,347.11718,4172.2663,179465.89082,67926.90719,786839.9575499999,4023.90108,41383.72272,17906.89965,4210.86915,1931313.35728,46539.6317277684,1977852.989007768,0.0,12.8983899999946,12.8983899999946,4570.24889,37734.4029050053,42304.6517950053,202789.67968,69092.12665,1931313.35728,3623510.046081,5826705.209690999,5869022.759876004,104946.0969077684,5973968.856783773,2119876.67645,2565884.77222,2580953.5374600003,0.0,20448.20244,669456.1799499999,1823439.5607800004,50025.632,541214.8227799999,1232199.1060000004,0.0,34800.63345,17740.195600000003,15068.76524,60756.27294,384744.32763,0.0,507.4952,2119876.67645,885684.9958800001,2954939.24098,2859480.4852400003,34702.482800000005,60756.27294,3840624.236860001,1659991.2874700008,334370.2628099999,222430.0,207220.0,0.0,424344.06601,0.0,-519623.8032,0.0,-2985.27584,331384.9869699999,0.0,0.0,-1542.69884,-176910.48099,1604129.25557,-97069.77523999928,,,13.820919997481008,11.873199638821418,15.820956106277546,12.608771583266693,15.021543098697954,11.107269262357486,13.614566828250032,8.903372310406704,22.58280011111111,15.567677990858533,14.83853079730544,17.66144531811572,14.24822071768821,18.77965302620888,16.74528729325961,18.475362501069927,11.31406497397961,13.36610324181067,8.713524059639916,11.669818874147749,7.573616881728391,15.01925925925926,16.43813240954726,11.912869648662502,14.835629437174198,11.810750062869126,16.164083604197508,13.895894318279803,2529.228359539024,2172.7955339043197,15.820956106277546,554.7859496637344,120.17234478958363,88.85815409885988,844.103143351502,62.32360617284693,22.58280011111111,15.567677990858533,59.35412318922176,52.984335954347166,356.20551794220523,169.01687723587995,167.4528729325961,18.475362501069927,497.81885885510286,106.92882593448536,69.70819247711933,723.5287701971605,53.015318172098745,15.01925925925926,16.43813240954726,47.65147859465001,44.506888311522594,295.2687515717281,145.47675243777755,138.95894318279804,5.42659012336551,11292.734046723626
2021-03-01,2498.862121051686,994.0677320829008,243.35174597157533,175.40188950656196,69.38234853330889,75.52223157912546,280.5140853321718,136.38061584498266,14.261093546399213,,2264.2283178938087,2.960872877143247,19.77008285662591,234.63380315787728,,487.2494229208909,1.0,0.0,0.0,,1.0,0.0,390.0,181.0,188.0,198.0,337.0,139.0,336.0,1769.0,260562.207,70217.82,47046.046,23171.774,-190344.387,21258.823,1722.355,595.473,0.669,0.0,7235.895,3847.111,3760.258,1128.216,1649.213,1531.224,3194.186,38.718,2059.679,770.032,661.159,431.54,26307.231000000003,10707.676,1721.026,561.789,0.0,0.0,6967.166,3786.982,3728.618,1056.23,1104.227,839.051,2009.257,8.718,1234.223,513.1610000000001,579.299,284.128,22111.06,29.78,0.08,8700.429,0.0,1757.116,5759.298,5700.599,1867.997,1.638,9.993,13406.466,9812.65,206.044,142.252,0.18,314.02,3584.609,1005.59,4229.733,330.222,108492.852,7275.16,0.0,7242.347,1710.955,1061.219,38690.483,0.473,197.268,1294.466,1174.079,0.0,88.845,0.263,620.725,3.646,44842.42199999999,46867.347,22842.035,69709.382,5807.025000000001,9717.551,15524.576,12608.286,97842.244,43699.119,4185.778,12479.147,15476.008,2606.39,5185.285,21715.294,105347.021,51987.715,4508.987,56496.702000000005,876.24,260562.207,10551.147,1.329,33.684,0.669,0.0,268.729,60.129,31.64,71.986,544.986,692.173,1184.929,30.0,825.456,256.871,81.86,147.412,4196.171,1298.699,6404.935,7703.634,0.0,44.899,44.899,6193.839,13942.372,7597.67,163.695,21.028,180.507,79.08500000000001,172.721,400.566,8615.272,421.872,192.258,614.13,0.0,23171.774,3382016.0,639687.0,57740868.0,20890102.0,1.2569,1.1901608695652173,1.3863260869565217,3910.508260869565,32373.290869565215,13168.811304347824,4.0,1.0,45.49152,6.687107,65.41,21.0,24.0,,,13.0,18.0,49.0,29.0,,,,28.0,,25.0,36.0,20.0,10.0,16.0,29.0,15.0,3.0,4.0,3.0,13.0,14.0,20.0,11.0,3.0,,32.0,18.956521739130434,,16.20340640061431,14.381091180371234,16.497333278408185,10.248373757184249,7.375938672018958,70.5694551297548,53.2398643061287,0.6454317288406775,5.260516107548881,69.57931800876025,75.73323735992453,30.27265732990933,38.12913323647078,46.08564623951427,168.6630384,916.3791439650848,316.0712809439,-393.7282748191847,275.48227477200004,64.014939,-1.4039502900000005,98.35640154,0.0,96.44536797,1.91103357,98.35640154,-329.71333581918464,11.55364324,168.74644175389994,0.0,0.0,29.0324911,91.5627976,15.17590725,0.0,316.0712809439,0.0,24.30849648,0.0,40.59494699199999,21.825660829999997,0.0015588499999999,1.48548275,275.48227477200004,187.26612887000005,1083.6382320750847,689.9099572559,689.9099572559,0.0,0.65,0.0,0.0,0.0,0.0,0.0,0.05,0.15,4.0,8.05,4.873267625182104,5.8379077556722025,5.037061127617393,0.5,2.0,1.54,5.0,1.23475,0.0,,,0.09,0.5,0.0,0.1,0.03,0.25,158.69329999999502,38044.77502,5763871.9761500005,0.0,8408.32064,96045.8918977684,5906529.657007769,375204.02215,568940.09472,2840282.46553,259345.81936,825.20425,1757477.83846,1.3225177684,16770.56218,42122.5592,403.9976400000001,0.0,45155.771,5906529.657007769,9251.80802,285271.1279,350278.10507,80421.47213,80150.51878,358.33444000000003,4117.90308,188428.8346,71141.74773,762479.3876,4013.23304,41134.555,17559.14606,4081.51601,1898687.68946,46252.3390277684,1944940.0284877685,0.0,158.69329999999502,158.69329999999502,1410.58063,36634.19439,38044.77502,201977.6255,69746.71904000001,1898687.68946,3593459.94215,5763871.9761500005,5802075.44447,104454.2125377684,5906529.657007769,2113502.89022,2571687.6658,2585902.65144,0.0,8333.43251,613709.2621899998,1897144.71884,49994.9445,560007.0106800001,1287142.7636600002,0.0,34800.63345,17699.61881,14214.98564,60746.30612000001,384744.32763,12341.83473,352.3071,2113502.89022,889380.27633,3003182.6332500004,2908259.8181900005,34176.50894,60746.30612000001,3892562.9095800007,1718313.713240001,388701.05386,213000.0,207220.0,0.0,424344.06601,0.0,-455863.01215,0.0,-1089.9564700000003,387611.09739,0.0,0.0,-1111.0865600000002,-176910.48099,1603545.33403,-94821.1506299994,101.9,,14.861804308817817,12.248495262138974,17.07208132136765,14.210163025094362,14.291489647497224,11.795555052925524,14.9893658503356,9.000135432125978,23.743628581994948,15.186178583481524,14.955562201944417,19.255971555837668,14.767861676175652,19.820820059660747,17.224905265696457,14.612398793118198,11.924218174960899,12.899602685223977,9.699490284865588,12.227655976862065,7.685555753184843,17.948064516129033,14.098101868064425,12.14096057373651,15.52549217139783,11.8228725851154,16.412527224209455,13.901928504247277,2719.710188513661,2241.4746329714317,17.07208132136765,625.2471731041519,114.3319171799778,94.36444042340419,929.3406827208072,63.000948024881836,23.743628581994948,15.186178583481524,59.82224880777767,57.76791466751301,369.1965419043913,178.38738053694672,172.24905265696458,14.612398793118198,524.6655996982796,103.19682148179182,77.5959222789247,758.1146705654479,53.7988902722939,17.948064516129033,14.098101868064425,48.56384229494604,46.57647651419349,295.571814627885,147.71274501788508,139.01928504247277,5.558843698899505,11567.953737409869
2021-04-01,,,,,,,,,,,,,,,,,7.0,12.0,24.0,12.0,7.0,36.0,431.0,211.0,302.0,264.0,289.0,189.0,179.0,1865.0,229475.08,53788.14000000001,41198.12100000001,12590.019,-175686.93999999997,11446.798,2338.731,1084.383,20.039,0.0,3599.496,4439.767,3347.027,473.766,1693.644,2176.548,2035.509,19.551,1470.398,1636.746,105.409,508.574,21506.435,10910.943,2325.3830000000003,1048.354,20.039,0.0,2914.321,4383.753,3314.073,398.354,950.987,1295.484,1785.669,3.653,905.189,1313.536,49.657,383.877,17698.553,59.56,0.8,6081.043000000001,0.0,1692.37,4259.857,5219.098,1268.483,171.149,3.147,15427.691,7014.923000000001,128.227,168.117,0.5,120.709,4089.547,1313.34,792.4590000000001,402.024,107170.006,4453.602,1.903,4456.192,1897.348,1099.541,24606.445,167.457,173.518,821.908,1122.787,0.0,8.777000000000001,4.0,168.723,1.154,30071.658,52833.51,18782.725,71616.235,4345.719,6898.91,11244.629,9642.212,92503.076,38184.488,5612.0960000000005,11230.843,15880.141,1791.778,9258.636,13399.508,95357.49,36357.594,4391.687,40749.281,865.2330000000001,229475.08,535.855,13.348,36.029,0.0,0.0,685.1750000000001,56.014,32.954,75.412,742.657,881.064,249.84,15.898,565.2090000000001,323.21,55.752,124.697,3807.882,66.76,3658.603,3725.363,0.0,0.663,0.663,436.911,4162.937,7328.074,23.158,6.19,59.161,20.693,53.464,317.649,7808.389000000001,517.844,100.601,618.445,0.248,12590.019,3963245.0,1371184.0,40929122.0,13719312.0,1.2494,1.1965409090909092,1.3844954545454546,4141.176190476191,33803.28619047619,13900.438095238096,3.0,0.0,115.955021,4.093189,64.8065,33.0,21.0,,,16.0,21.0,52.0,31.0,,,,21.0,,31.0,,23.0,12.0,15.0,31.0,12.0,4.0,5.0,5.0,15.0,17.0,21.0,13.0,,,30.0,20.428571428571427,,,,,,,,,,,,,,,,,,,,,,,,,,,,,,,,,,,,,,,,,,,,,,,,,,0.0,0.65,0.0,0.0,0.0,0.0,0.0,0.05,0.15,4.0,8.05,4.854046142194648,5.787299234842025,4.869224540628023,0.5,2.0,1.54,5.0,1.93564,0.0,,,0.1,0.5,0.0,0.1,0.02,0.25,109.291859999995,36926.6802,5746815.52935,0.0,8385.07376,96045.6081977684,5888282.183367767,354096.07827,567702.22797,2835611.89056,261763.63117000004,786.58974,1763891.0836999998,1.6709377684,16763.682,41868.970720000005,466.5633,0.0,45329.795,5888282.183367767,9022.99854,287372.42302,337608.84971,80765.5533,80348.39246999999,319.89412,3919.73114,186783.23413,70288.55437,777489.7163,4004.19561,41482.47946,17661.264760000002,4134.354,1901201.64093,46401.46853776839,1947603.1094677683,0.0,109.291859999995,109.291859999995,1270.84564,35655.83456,36926.6802,196506.17102,67542.24736,1901201.64093,3581565.47004,5746815.52935,5783851.50141,104430.6819577684,5888282.183367768,2088298.4941599995,2534340.02838,2549965.04131,0.0,9525.28726,580581.9562199998,1893376.0229,49994.9445,562675.9575199999,1280705.12088,0.0,34800.63345,16056.12855,15625.01293,60818.71373,384744.32763,0.0,478.49286,2088298.49416,869318.4844300001,3155641.5200200006,3060646.2973500006,34176.50894,60818.71373,4024960.004450001,1875842.7965600009,549016.41457,204710.0,207220.0,0.0,424344.06601,0.0,-287257.6514399999,0.0,-2400.8299100000004,546615.58466,0.0,0.0,58.91657999999999,-176910.48099,1603132.9246899998,-97054.14837999915,102.0,,14.692040984180483,12.46197210669641,20.703389777824896,13.971593003786307,15.415512084699895,11.353710747808181,14.689652331851892,8.860806734057716,22.309607143096784,15.853651697351795,14.527313639971982,18.98258424095341,14.58292561517309,19.983835055870635,16.860422178196018,17.093559844111102,12.193250292401514,13.302734551819414,9.847168274874997,12.483287084202509,7.5535771280105815,18.988226510777768,13.703851982296205,11.954825926194394,15.731910764691333,11.937310731717023,16.196767049440304,14.299547485566631,2688.643500105028,2280.540895525443,20.703389777824896,614.7500921665976,123.32409667759916,90.82968598246545,910.7584445748173,62.02564713840401,22.309607143096784,15.853651697351795,58.10925455988793,56.94775272286024,364.57314037932724,179.8545155028357,168.6042217819602,17.093559844111102,536.5030128656666,106.42187641455531,78.77734619899998,773.9637992205555,52.87503989607407,18.988226510777768,13.703851982296205,47.819303704777575,47.195732294074006,298.4327682929256,145.77090344496273,142.99547485566634,5.586492636099165,11625.491175722364
2021-05-01,,,,,,,,,,,,,,,,,4.0,0.0,1.0,,4.0,1.0,323.0,205.0,983.0,702.0,343.0,102.0,704.0,3362.0,247711.346,52168.477,37806.642,14361.835,-195542.869,10017.543,1981.789,622.681,0.0,0.0,3935.683,4775.668,4344.647,1410.266,1578.607,1937.859,3316.03,121.321,2166.631,1183.229,297.214,382.321,25449.476,5803.477,1976.987,560.277,0.0,0.0,3632.157,4702.444,4332.477,1338.785,1040.405,1147.353,2442.958,117.642,981.838,1019.877,297.214,49.6,21102.75,133.93800000000002,13.614,7532.665,0.0,1718.711,6372.378,4875.95,309.73900000000003,48.109,0.0,12244.771,4556.767000000001,161.779,293.53000000000003,0.34,382.009,1541.562,1176.766,494.637,506.144,101723.578,6518.411,15.925,4703.139,2301.64,1478.883,22129.431,80.523,111.25,765.761,683.288,0.0,58.228,2.104,172.077,63.865,27847.050000000003,47841.628,20760.314,68601.94200000001,4271.5160000000005,7152.139,11423.655,10810.264,90835.861,51308.104,6463.005,12191.753,16542.149,2998.2380000000003,4288.606,16662.364,110454.219,39767.982,5561.253,45329.235,1092.031,247711.346,4214.066,4.8020000000000005,62.404,0.0,0.0,303.526,73.224,12.17,71.481,538.202,790.506,873.072,3.679,1184.793,163.352,0.0,332.721,4346.726000000001,789.564,4518.791,5308.3550000000005,152.103,16.965,169.068,2754.3,8231.723000000002,4762.157,1.427,23.939,136.222,6.782,3.403,605.811,5539.741,423.398,166.81300000000002,590.211,0.16,14361.835,3972226.0,1606354.0,29115248.0,2249147.0,1.2125,1.21463,1.40835,4167.8495,34270.3085,13520.229000000001,5.0,0.0,40.962649,3.152401,68.53421052631579,42.0,42.0,,,18.0,26.0,55.0,28.0,,,,,,40.0,,24.0,18.0,15.0,33.0,15.0,5.0,4.0,7.0,16.0,17.0,23.0,16.0,,,37.0,24.05,,,,,,,,,,,,,,,,,,,,,,,,,,,,,,,,,,,,,,,,,,,,,,,,,,0.0,1.05,0.0,0.0,0.0,0.0,0.0,0.05,0.15,4.0,8.05,4.847885238770971,5.787946443147533,4.934603324833051,0.5,2.0,1.54,5.0,0.94,0.0,,,0.1,0.5,0.0,0.1,0.02,0.25,226.70428,36698.3364646428,5741836.260609999,0.0,8317.2807,94104.0144577684,5881182.596512411,368557.01562,566396.1024399999,2823508.7539099995,260402.82303929876,747.02841,1759149.577935344,1.9948777684000003,16755.64502,40059.159,414.56326,0.0,45189.933,5881182.596512412,9606.762,285036.14408,326747.40893000003,80386.66648999999,82626.25423,316.24648,3806.76879,196587.83557,69402.17302,786954.8230900001,3922.31692,39878.36533,17388.742120000003,3902.10866,1906562.61571,46291.71047776841,1952854.3261877685,0.0,226.70428,226.70428,1131.90157,35566.4348946428,36698.3364646428,200164.1073,67526.25940000001,1906562.61571,3567583.2782,5741836.260609999,5778761.301354642,102421.2951577684,5881182.596512411,2047870.34658,2493697.05997,2512023.71739,0.0,11733.22728,479363.79389,1950714.5972,49994.9445,562138.33992,1338581.3127799998,0.0,36572.9033,15312.5383,18326.65742,60934.35628,384744.32763,0.0,148.02947999999998,2047870.3465800004,865818.8353800001,3218061.72085,3125860.5076300004,31266.85694,60934.35628,4083880.55623,1975075.8533700004,648128.6728899999,202910.0,207220.0,0.0,424344.06601,0.0,-186345.39312000005,0.0,-1748.5739900000003,646380.0989,0.0,0.0,99.4831,-176910.48099,1626489.66163,-120982.90926999952,101.6,,14.57442901941262,12.58274869600108,21.3141209253361,14.180894996507412,15.750847049814286,10.648894623210117,14.522218059602066,8.423847978667457,22.83068579743207,16.937656619393007,13.885317565244176,18.361499851561,14.25259256272824,19.94912353320551,16.50535827511109,18.810041271800756,12.212606570855103,13.475989211695373,10.196293103448276,12.627885638584846,7.645326093015872,20.654827586206896,12.98023297762442,11.843995799157039,15.922818086194106,12.10483125905899,16.453026521285633,14.11763120271644,2667.120510552509,2302.643011368198,21.3141209253361,623.9593798463261,126.00677639851429,85.19115698568093,900.3775196953281,58.9669358506722,22.83068579743207,16.937656619393007,55.5412702609767,55.084499554683,356.31481406820603,179.54211179884956,165.05358275111087,18.810041271800756,537.3546891176245,107.80791369356298,81.57034482758621,782.9289095922604,53.5172826511111,20.654827586206896,12.98023297762442,47.375983196628155,47.76845425858232,302.6207814764748,148.0772386915707,141.1763120271644,5.5612599344643865,11572.98192362039
2021-06-01,2597.373668446948,997.2126385068988,249.7292804335754,171.1905756477276,76.22853158376417,63.52873813951716,281.7269609502217,160.69479839150395,14.185909891931638,,2338.4895590948463,7.475309760964921,27.185263060115965,258.884109352102,,548.2156620807267,4.0,2001.0,11.0,2001.0,4.0,2012.0,517.0,419.0,2240.0,1546.0,733.0,236.0,757.0,6448.0,283386.99,51548.53,38742.887,12805.643,-231838.46,9334.453,3093.583,687.8050000000001,0.0,0.0,3734.786,5411.076,4381.465,712.9350000000001,1936.804,1413.262,3669.199,149.13,938.72,937.226,103.116,828.676,24216.395000000004,6564.611,3093.386,665.977,0.0,0.0,3362.987,5256.88,4318.167,440.813,1234.946,633.235,2389.4790000000003,149.13,756.309,614.6800000000001,102.816,623.64,19883.082,44.045,0.01,8725.658,0.0,1523.732,5525.529,6220.5740000000005,171.705,3.838,5.7700000000000005,11852.809,4669.217,329.398,210.484,1.03,227.577,1581.046,1189.089,433.856,696.737,109410.059,9382.598,0.0,7829.650000000001,7382.12,1755.095,25184.285,47.057,89.185,924.294,394.107,0.0,9.628,2.607,108.494,19.407,35916.279,55833.282,20253.487,76086.769,4833.822,9917.66,14751.482,14539.989,105378.24,42206.617,10296.83,12351.66,16807.153000000002,3090.031,9293.352,18262.374,112308.017,60953.652,3507.886,64461.538,1239.195,283386.99000000005,2769.842,0.197,21.828,0.0,0.0,371.799,154.196,63.298,272.122,701.8580000000001,780.027,1279.72,0.0,182.411,322.546,0.3,205.036,4333.313000000001,597.184,3948.685,4545.869,50.701,14.118,64.819,860.03,5470.718,4421.999,23.269,4.545,126.16,103.315,20.457,433.528,5133.273,1967.334,233.818,2201.152,0.5,12805.643,3232851.0,1181973.0,32893955.0,25393067.0,1.222,1.2048272727272726,1.402472727272727,4238.489545454546,34289.90727272727,14097.16909090909,5.0,0.0,46.188063,3.492494,73.1640909090909,42.0,22.0,,,19.0,29.0,54.0,28.0,,,,,,47.0,,31.0,14.0,21.0,37.0,16.0,6.0,4.0,9.0,15.0,18.0,28.0,17.0,3.0,,43.0,23.952380952380953,,16.142851519494975,14.442951001202294,18.182680119948785,10.10679904795238,7.679527842390835,70.04041289423584,51.447991155072046,0.8418519262680462,6.977001317181498,67.92423531148775,74.89726913020179,31.48375828136985,39.34109654935841,45.97607509575001,28.35773133,557.96332765,298.30124382,57.84796803999996,314.03792224999995,67.577913,-0.5920439399999999,31.23781701,0.0,31.23284488,0.00497213,31.23781701,125.42588103999996,11.99123525,147.68303676000002,0.0,0.0,10.08478983,107.49773102,21.04445096,0.0,298.30124382,0.0,45.691884380000005,0.0,49.60808465,35.02890461,7.515000000000001e-05,1.9584904300000003,314.03792224999995,181.75048303,585.7290150399999,643.5769830799999,643.5769830799999,0.0,1.05,0.0,0.0,0.0,0.0,0.0,0.05,0.15,4.0,8.05,4.817324177635646,5.750558861345673,4.908090705860685,0.5,2.0,1.54,5.0,1.05,0.0,,,0.15,0.5,0.0,0.1,0.04,0.25,16.018069999999998,36399.3478022794,5734656.20255,0.0,8300.69592,95349.4833777684,5874721.747720048,352449.31203,556737.23722,2839618.41542,261162.2366025112,716.51279,1760387.8543597683,1.4382977684,18048.26066,39808.02884,452.1415,0.0,45340.31,5874721.747720047,9805.60221,290299.69688,319200.24469,89738.46333,81440.68262,296.63817,3693.76615,195901.07142,72297.63134,775822.35118,3898.25075,38918.03061,17262.46197,3805.12172,1902380.01304,46391.44212776841,1948771.4551677683,0.0,16.018069999999998,16.018069999999998,992.68995,35406.6578522794,36399.3478022794,197900.1693,67786.53323999999,1902380.01304,3566589.48697,5734656.20255,5771071.568422279,103650.1792977684,5874721.747720048,2298817.99572,2749437.92459,2767379.16285,0.0,3408.72928,792638.4415999998,1901523.9052200003,0.0,563682.39728,1337841.5079400004,0.0,36572.9033,15293.94519,17941.23826,65273.59110000001,384744.32763,0.0,602.01014,2298817.9957200005,861113.7243300001,3202767.39455,3104849.29976,32644.50369,65273.59110000001,4063881.11888,1699789.5320599994,378421.94023,173140.0,207220.0,0.0,424344.06601,0.0,-426282.12578,0.0,-9176.19204,369245.74819,0.0,0.0,-1317.5792,-176910.48099,1624554.74896,-115782.90490000058,102.0,,13.939911514752113,11.97083123878629,20.901869064954713,13.261417606917428,14.880651228489402,10.196421027780275,13.660172881012853,9.719781043614221,23.23476657818529,14.97964751594473,13.827087757314493,18.088862748088353,13.598484676694108,18.71600505877819,17.48182836380519,16.26103448275862,11.618409393393415,12.86712371461204,9.455155105220301,11.8643218976307,7.611209844537493,18.37479962371645,14.437695369118694,11.559982019492287,15.870027514533838,11.581293088715698,15.724805837603217,13.802832641157057,2551.003807199637,2190.662116697891,20.901869064954713,583.5023747043668,119.04520982791522,81.5713682222422,846.9307186227969,68.03846730529953,23.23476657818529,14.97964751594473,55.30835102925797,54.26658824426506,339.9621169173527,168.44404552900372,174.8182836380519,16.26103448275862,511.21001330931034,102.93698971689632,75.64124084176241,735.5879576531033,53.278468911762445,18.37479962371645,14.437695369118694,46.23992807796915,47.610082543601514,289.5323272178925,141.52325253842895,138.02832641157056,5.306939144045176,11043.74035875801
2021-07-01,,,,,,,,,,,,,,,,,9.0,2018.0,64.0,2018.0,9.0,2082.0,599.0,405.0,3756.0,3922.0,1427.0,434.0,981.0,11524.0,284000.754,49353.777,36213.504,13140.273,-234646.977,8276.257,3186.333,384.79,6.454,3.08,2781.303,4677.357,5793.026,851.561,2077.007,1198.018,2548.724,67.877,1362.526,986.859,53.528,256.197,22653.983,5732.008,3186.036,316.96,6.454,3.08,2669.894,4364.45,5747.134,683.6850000000001,1332.0,828.438,1968.196,61.052,881.272,775.705,53.528,111.077,19476.431,281.379,1.2,7777.349,0.0,1951.237,5611.228,5063.196,61.447,15.009,5.2,10227.099,5219.16,514.9010000000001,252.536,0.24,342.26800000000003,1373.144,1327.47,558.86,849.741,100644.629,6396.467000000001,0.0,4964.081,12113.471,1066.121,36232.213,178.048,47.971,896.259,427.417,0.0,147.493,7.755,107.626,1.798,51226.172000000006,51565.167,18520.894,70086.061,4433.523,7817.953,12251.476,16120.31,98457.847,78465.568,5680.518,13212.388,16002.85,3474.841,4795.799,16034.828,137666.79200000002,43162.288,3210.6,46372.888,1503.227,284000.754,2544.2490000000003,0.297,67.83,0.0,0.0,111.409,312.907,45.892,167.876,745.0070000000001,369.58,580.528,6.825,481.254,211.154,0.0,145.12,3177.551999999999,487.784,3121.443,3609.227,29.8,20.662,50.462,1995.355,5655.044,6536.639,4.664,2.103,143.993,11.405,0.04,269.356,6968.2,306.454,205.347,511.801,5.228,13140.272999999996,3768407.0,1528644.0,28216520.0,24014652.0,1.253,1.1821380952380953,1.3807809523809524,4363.7128571428575,34798.80428571429,14639.072857142855,3.0,0.0,74.187659,3.804787,75.1659090909091,56.0,12.0,,,19.0,21.0,69.0,34.0,,,,,,39.0,,32.0,15.0,24.0,41.0,18.0,7.0,4.0,5.0,14.0,21.0,31.0,18.0,3.0,,52.0,25.476190476190474,,,,,,,,,,,,,,,,,,,,,,,,,,,,,,,,,,,,,,,,,,,,,,,,,,0.0,1.05,0.0,0.0,0.0,0.0,0.0,0.05,0.15,4.0,8.05,4.806090104913605,5.729753774223187,4.845299605243918,0.5,2.0,1.54,5.0,0.94,0.0,,,0.17,0.5,0.0,0.1,0.05,0.25,14.69073,35967.975603808605,5713541.796259999,0.0,8238.86254,94593.95684,5852357.281973808,346328.18931,557905.6278,2829330.80445,263087.5811546789,682.38328,1752189.8765991298,1.66946,18048.11846,39047.05934,434.96212,0.0,45301.01,5852357.281973808,9844.48394,288811.03787,320693.35507,84756.06791,82867.73958,307.81791,3579.20679,194171.10574,70034.44189,775129.94531,3825.46883,38839.67518,16981.93719,3897.55139,1893739.8345999997,46364.84825,1940104.6828499995,0.0,14.69073,14.69073,853.26516,35114.7104438086,35967.975603808605,191148.84754,67273.9231,1893739.8346,3561379.19102,5713541.796259999,5749524.462593808,102832.81938,5852357.281973808,2266250.5785,2718004.79701,2736730.14285,0.0,5907.90261,710907.50399,1949322.54192,0.0,562066.09578,1387256.44614,0.0,36572.9033,15293.94519,18725.34584,66867.74900000001,384744.32763,5.01,137.13187999999997,2266250.5785,883983.7529900001,3195840.67068,3096345.93337,32626.98831,66867.74900000001,4079824.42367,1746706.0961700005,428040.60687,167590.0,207220.0,0.0,424344.06601,0.0,-371113.45914,0.0,-3500.9046000000003,424539.70227,0.0,0.0,-2727.46768,-176910.48099,1622726.20598,-120921.86340999985,102.4,,13.836768264867477,11.780736128124637,14.426938020704624,13.499332570698849,14.147308742278513,10.429775807025795,13.597213185680792,10.13062837831192,25.16318600539914,15.884563744771848,14.7537826144381,17.401737076618602,13.110868924934207,18.381151311975295,16.770255241555535,14.380967741935484,11.585412000602801,12.78182541044352,8.986862777508954,11.75293337837322,7.602237780834613,18.72083820681,13.77699214035833,11.525979878288478,15.007926680573464,11.162079310884575,14.895169590752667,13.895453725881689,2532.128592470748,2155.8747114468088,14.426938020704624,593.9706331107493,113.1784699382281,83.43820645620636,843.0272175122091,70.91439864818345,25.16318600539914,15.884563744771848,59.0151304577524,52.20521122985581,327.7717231233552,165.43036180777767,167.70255241555532,14.380967741935484,509.75812802652325,102.25460328354816,71.89490222007163,728.6818694591396,53.215664465842295,18.72083820681,13.77699214035833,46.10391951315391,45.023780041720386,279.0519827721144,134.056526316774,138.9545372588169,5.110905779727661,10635.794927613262
2021-08-01,,,,,,,,,,,,,,,,,12.0,1569.0,392.0,1569.0,12.0,1961.0,687.0,505.0,3603.0,7335.0,2250.0,286.0,954.0,15620.0,286147.666,53601.422,35360.285,18241.137,-232546.24400000004,7842.576,1922.741,736.994,0.0,0.0,6040.0560000000005,3521.82,4524.778,706.005,1277.663,1405.674,2279.282,28.792,1316.933,545.227,154.647,476.791,22277.668,6073.089,1921.001,315.629,0.0,0.0,5977.049,3434.112,4438.115,608.154,853.1270000000001,929.916,1773.913,0.0,917.692,486.383,141.331,262.39300000000003,19822.185,305.51,0.8230000000000001,7494.865,0.0,1931.334,6201.943,4543.202,58.8,1.003,2.62,7421.053,7399.132,28.339,78.434,1.48,510.429,654.25,890.811,4507.926,727.463,112549.605,6099.634,0.603,6047.439,8047.789,1235.683,44298.536,102.063,95.4,1061.563,674.316,0.0,26.508,4.0,387.372,523.109,56456.33900000001,51236.398,24850.715,76087.113,7593.255,6796.814,14390.069,14604.224,105081.406,59045.625,4366.15,23231.693,16102.3,2257.62,8738.782000000001,17714.251,131456.421,43937.98,4096.344,48034.324,1575.515,286147.666,1769.487,1.74,421.365,0.0,0.0,63.007,87.708,86.663,97.851,424.536,475.758,505.369,28.792,399.241,58.844,13.316,214.398,2455.483,111.989,3047.222,3159.211,0.0,100.717,100.717,1072.866,4332.794,12511.251,3.605,3.077,95.304,23.753,0.0,127.775,12764.765,626.4540000000001,517.124,1143.578,0.0,18241.137,3786407.0,2032670.0,55436191.0,6211895.0,1.2599,1.1766954545454544,1.3796818181818182,4454.206363636364,35243.965454545454,14856.517727272729,3.0,0.0,49.116069,3.932145,70.74714285714286,64.0,14.0,,,19.0,22.0,66.0,31.0,,34.0,,23.0,,43.0,,34.0,19.0,27.0,39.0,18.0,7.0,4.0,5.0,15.0,23.0,30.0,18.0,3.0,,50.0,26.434782608695652,,,,,,,,,,,,,,,,,,,,,,,,,,,,,,,,,,,,,,,,,,,,,,,,,,0.0,1.05,0.0,0.0,0.0,0.0,0.0,0.05,0.15,4.0,8.05,4.797125968607038,5.741378533632678,4.93031439135713,0.5,2.0,1.54,5.0,0.88,0.0,,,0.18,0.5,0.0,0.1,0.05,0.25,23.56004,35307.3808700348,5743616.60811,0.0,8205.87914,95842.01619,5882995.444350035,352058.77621,552225.94665,2821141.3706,261468.1059462112,655.4599000000001,1791397.8897138236,2.11274,20019.9876,38804.9192,564.0187900000001,0.0,44656.857,5882995.444350035,10323.80069,285052.11374,317981.18904,86830.17947,80979.68936,273.07104,3465.0129,194099.36404,59135.84921,794147.13135,3751.17238,38018.014200000005,17026.76979,3841.3316,1894924.68881,45605.81067,1940530.49948,0.0,23.56004,23.56004,712.27754,34595.1033300348,35307.3808700348,192190.44944,110931.5226,1894924.68881,3545569.9472600003,5743616.60811,5778947.549020035,104047.89533,5882995.444350035,2472229.6762300003,2924653.17596,2947336.43135,0.0,8615.60157,622931.60434,1981704.44914,0.0,562000.79282,1419703.6563200003,0.0,36572.9033,274828.61761,22683.25539,67476.45364,384744.32763,0.0,202.71846,2472229.6762300003,875224.82999,3205442.39848,3104924.4909,33041.45394,67476.45364,4080667.22847,1540961.0985999997,481832.48897,202340.0,207220.0,0.0,424344.06601,0.0,-352071.57704,0.0,-5950.6803,475881.80867,0.0,0.0,-2718.5626,-438499.81802,1621371.5849399995,-115073.9143900001,103.4,,14.450963481517572,12.239116209429467,18.313110309219773,13.8761694614198,15.034890335738726,10.350464393463179,14.416101911015799,8.548668827711971,23.954403528784376,17.10519448146197,14.083030625433832,17.96230954645797,14.411598168357989,19.45636080439925,17.22640617955475,16.66793103448276,12.065380230014801,13.186428900464533,9.25760850646072,12.202272280016064,7.780689655172415,19.339820259616832,13.429350272758523,11.419609565383091,16.464919450638565,11.6578652094452,15.7168962530864,14.09145333081223,2644.5263171177157,2239.758266325592,18.313110309219773,610.5514563024711,120.27912268590981,82.80371514770543,893.7983184829795,59.84068179398379,23.954403528784376,17.10519448146197,56.33212250173533,53.88692863937391,360.28995420894967,175.10724723959325,172.26406179554752,16.66793103448276,530.8767301206512,105.49143120371626,74.06086805168576,756.5408813609961,54.464827586206894,19.339820259616832,13.429350272758523,45.678438261532364,49.39475835191569,291.44663023613,141.45206627777762,140.9145333081223,5.257980866641664,10941.858183481303
2021-09-01,2845.149271639789,1040.4151141065272,340.0279983172025,194.3705270184256,77.53379857968939,44.52014809546726,263.80321996641186,155.9745702052281,12.626434100435102,,2557.06838734906,0.0,87.58616599003349,288.0808842907288,,628.2912952603681,4.0,114.0,289.0,114.0,4.0,403.0,866.0,790.0,4664.0,6268.0,1953.0,422.0,2246.0,17209.0,285359.186,61232.012,38402.796,22829.216,-224127.174,5975.089,2122.548,700.944,44.615,0.06,4007.701,4947.582,5379.312,685.785,1792.666,2292.309,3635.595,63.806,1673.058,1134.122,231.579,1354.546,27198.061,4726.914,2122.213,697.591,44.615,0.06,3770.389,4942.28,5340.042,387.623,1143.292,1272.676,2596.908,32.978,1011.112,828.5450000000001,231.134,1241.948,22798.927,352.0,2.0,7106.085,0.0,2112.481,6155.683,7793.742,170.126,20.482,36.46,10091.814,4561.923000000001,42.942,172.282,0.32,493.191,2025.654,835.477,566.136,425.921,112356.764,8351.436,0.0,6580.546,2755.307,1077.056,19621.381,291.619,266.856,946.901,606.687,0.0,9541.877,6.23,558.1750000000001,21.6,35693.68900000001,55126.989,23407.283,78534.272,7285.281,9493.02,16778.301,15268.167,110580.74,54439.866,4567.751,16312.898,16548.656,4050.651,5082.158,22222.243,123224.223,45359.564,3539.6620000000003,48899.226,2654.997,285359.186,1248.175,0.335,3.353,0.0,0.0,237.312,5.3020000000000005,39.27,298.16200000000003,649.374,1019.633,1038.687,30.828,661.946,305.577,0.445,112.598,4399.133999999999,232.634,3851.728,4084.362,102.538,51.823,154.361,601.523,4840.246,14784.34,22.037,16.91,135.214,50.589,131.765,397.205,15538.06,631.359,1807.651,2439.01,11.9,22829.216,4330141.0,1586480.0,84448932.0,3794718.0,1.2671,1.1764904761904762,1.3732047619047618,4445.543333333333,34688.421428571426,15023.538571428571,5.0,0.0,66.239479,3.60154,74.48863636363636,51.0,17.0,3.0,,14.0,17.0,55.0,30.0,,19.0,,21.0,,46.0,,31.0,18.0,24.0,32.0,18.0,8.0,3.0,3.0,14.0,23.0,26.0,16.0,3.0,,42.0,22.25,,16.401149603272476,14.770028140698264,16.75920922697135,10.097158866246351,7.273164362908909,68.83592640070854,52.28355472179081,1.0721440605621435,8.828982527673086,68.03019747413981,74.25947447836268,32.67656405726692,40.94862429934285,43.01414950181014,128.32199978,723.4705298399999,269.10180159,-186.5994102699999,353.97943572,96.34979804,-1.45926665,40.65261539,0.0,34.899823219999995,5.75279217,40.65261539,-90.24961222999993,11.479583079999998,21.599210060000004,0.0,0.0,12.53195745,92.03675662999996,131.45429437,0.0,269.10180159,0.0,43.91147548,0.0,51.370628740000015,41.5667316,0.0,2.43344016,353.97943572,214.69715974,850.3332629699999,663.7338526999999,663.7338526999999,0.0,1.05,0.0,0.0,0.0,0.0,0.0,0.05,0.15,4.0,8.05,4.773956744889361,5.6872292351556,4.858851262458523,0.5,2.0,1.54,5.0,1.41,0.0,,,0.12,0.5,0.0,0.1,0.04,0.25,27.22184,35287.8731846586,5743937.421709999,0.0,8142.40566,95449.97857,5882844.900964658,342051.22153000004,529813.51433,2819639.68795,259168.83151031213,621.57187,1827957.6895443464,2.16911,20007.3212,40246.8211,566.15082,0.0,42769.922,5882844.900964661,10468.65582,286496.3797,319752.15548,83472.44213,77948.57104000001,263.44445,3350.55276,192332.13467,60140.678810000005,774990.86409,3781.97739,38504.55319,17762.754829999998,3794.44599,1873059.61035,43718.315160000006,1916777.92551,0.0,27.22184,27.22184,571.2980799999999,34716.5751046586,35287.8731846586,199811.83119,125120.13192,1873059.61035,3545945.84825,5743937.421709999,5779252.516734658,103592.38423,5882844.900964658,2397352.0772299995,2851497.73924,2875608.91551,0.0,12293.71817,561264.64639,1970953.35148,0.0,560707.5543,1410245.7971799998,0.0,34800.63345,272185.38975000003,24111.17627,68205.31306,384744.32763,1102.07324,93.94808,2397352.0772299995,879844.52189,3271529.1130699995,3174031.8101099995,29291.989900000004,68205.31306,4151373.63496,1685816.2446699997,618235.1998099999,206240.0,207220.0,0.0,424344.06601,0.0,-219568.8662,0.0,-5861.120779999999,612374.0790299999,0.0,0.0,-2799.9096200000004,-433560.21222,1589214.7773999998,-79412.48991999983,103.3,,13.99918829942306,12.01742275415745,18.598820652860233,13.035981347508066,15.456576973022285,10.2798137656131,13.900318513596552,12.773926367689272,22.85476248200923,15.69228522014135,14.216602897623286,17.411991704728113,13.623947883301508,18.205330382348187,16.044499559481118,18.2341866147037,11.767980285315655,13.220034584296268,9.318816601712959,11.709918046915769,9.548333333333334,19.897226510777767,12.990078493073973,11.24671588722217,15.618044184629612,11.313067025404433,15.838949375588461,13.98934619899997,2561.85145879442,2199.1883640108135,18.598820652860233,573.583179290355,123.65261578417828,82.2385101249048,861.8197478429863,89.4174845738249,22.85476248200923,15.69228522014135,56.86641159049314,52.23597511418434,340.59869708253774,163.8479734411337,160.4449955948112,18.2341866147037,517.7911325538888,105.76027667437015,74.55053281370367,726.0149189087776,66.83833333333334,19.897226510777767,12.990078493073973,44.98686354888868,46.85413255388883,282.8266756351108,142.55054438029615,139.89346198999968,5.366912089340899,11168.544057918412
2021-10-01,,,,,,,,,,,,,,,,,8.0,1478.0,467.0,1478.0,8.0,1945.0,682.0,717.0,6405.0,8098.0,1155.0,312.0,1135.0,18504.0,315388.91000000003,59038.662,38613.579,20425.083,-256350.248,9419.702,1913.928,392.341,0.649,0.0,8037.775000000001,3013.042,5186.676,512.529,2024.523,1851.863,4129.515,32.589,1760.032,1161.2,46.572,1115.59,28871.906000000003,6057.115,1913.928,281.982,0.649,0.0,7713.63,2973.4590000000003,5065.869,294.149,1270.893,1410.043,2731.959,31.693,1514.659,968.296,46.572,859.707,24880.929,298.445,0.0,6654.145,0.0,1824.339,5769.379,7698.791,4.345,11.249,26.44,7222.39,9104.056,206.459,171.407,0.0,550.966,609.857,933.273,5931.51,700.5840000000001,127054.132,9352.039,0.0,7307.558,2147.379,2184.935,49273.297,317.063,65.994,700.013,1333.391,0.0,15614.099,4.501,212.808,14.4,71867.88,60984.338,18807.867,79792.205,8058.626,11055.225,19113.851,14023.395,112929.45100000002,77931.431,6344.481,16186.295,16644.807,3623.3,8671.872,19147.679,148549.865,46747.121,5789.49,52536.611,1372.983,315388.91,3362.587,0.0,110.359,0.0,0.0,324.145,39.583,120.807,218.38,753.63,441.82,1397.556,0.896,245.373,192.904,0.0,255.883,3990.977,438.308,4892.06,5330.368,68.856,49.969,118.825,1721.014,7170.207,11714.633,8.006,45.719,127.878,24.245,52.167,198.001,12170.649,267.635,813.392,1081.027,3.2,20425.083,5820171.0,2227863.0,22789776.0,6813225.0,1.2434,1.159985,1.37009,4460.7071428571435,35055.5180952381,14879.012380952381,3.0,0.0,58.983083,2.803088,83.53809523809524,47.0,20.0,,,15.0,17.0,61.0,32.0,,19.0,,,,42.0,,31.0,15.0,26.0,32.0,24.0,9.0,6.0,5.0,13.0,22.0,25.0,15.0,,,43.0,24.714285714285715,,,,,,,,,,,,,,,,,,,,,,,,,,,,,,,,,,,,,,,,,,,,,,,,,,0.0,1.05,0.0,0.0,0.0,0.0,0.0,0.05,0.15,4.0,8.05,4.755924198371448,5.688841169135033,4.898410271597464,0.5,2.0,1.54,5.0,2.17,0.0,,,0.13,0.5,0.0,0.1,0.05,0.25,24.96298,34754.820135882,5761774.51472,0.0,8120.4311825,96042.53999,5900717.269008383,342088.57393,531512.22843,2826169.09178,257004.68986602413,596.7273100000001,1839182.986519858,2.4012525,19993.826180000004,40756.10942,640.7123200000001,0.0,42769.922,5900717.269008381,10008.50017,290389.68672000006,318666.43018,90462.92683,77298.31368,261.53995000000003,3235.29379,192066.43776,61119.508590000005,774056.7572999999,3691.18218,39301.48851,14641.1837,3800.27968,1878999.52904,43718.26903,1922717.7980700005,0.0,24.96298,24.96298,429.54243,34325.277705882,34754.820135882,207451.2214,129917.03869,1878999.52904,3545406.72559,5761774.51472,5796554.297835883,104162.9711725,5900717.269008383,2318000.53707,2771610.68209,2785806.77484,0.0,16479.503829999998,499120.44786,1952860.13604,0.0,556292.9421800001,1396567.1938600002,0.0,36048.07736,267102.517,14196.09275,62286.62223000001,384744.32763,0.408,6578.78716,2318000.53707,870425.01039,3234062.90427,3145156.34359,26619.93845,62286.62223000001,4104487.91466,1724200.7553599998,694923.57448,209190.0,207220.0,0.0,424344.06601,0.0,-145830.49153,0.0,-7351.07105,687572.5034299999,0.0,0.0,-2418.5747800000004,-433560.21222,1611944.42013,-139337.38120000006,103.8,,14.436685068944184,12.592867648138624,21.458935179219672,13.262060714525663,16.094867884726202,10.34598347398042,14.291308782139046,13.0067008817257,23.23087684588634,15.759607672387132,14.043237776950093,18.52717688490937,14.521860839626424,18.802701122321903,16.527310209172363,18.62278635488887,12.492150227447807,13.711609551819414,8.719849740185168,12.512575413469529,10.438719985153437,16.003692397999938,12.964411826407307,11.206735835259202,16.705835261098745,12.017212610854802,15.822882593448535,14.116618141840707,2641.9133676167858,2304.4947796093684,21.458935179219672,583.5306714391293,128.75894307780962,82.76786779184336,886.0611444926209,91.0469061720799,23.23087684588634,15.759607672387132,56.17295110780037,55.58153065472811,363.0465209906606,169.22431010089716,165.27310209172364,18.62278635488887,549.6546100077035,109.69287641455531,69.75879792148135,775.7796756351108,73.07103989607407,16.003692397999938,12.964411826407307,44.82694334103681,50.11750578329624,300.43031527137003,142.4059433410368,141.16618141840706,5.841457393164015,12156.072835174316
2021-11-01,,,,,,,,,,,,,,,,,28.0,17099.0,8162.0,17099.0,28.0,25261.0,783.0,1000.0,7994.0,10314.0,1755.0,502.0,1401.0,23749.0,367643.695,71598.919,38482.913,33116.006,-296044.776,9594.789,1632.546,988.965,0.191,0.0,4885.439,4479.878,5267.372,1300.485,1245.983,2303.946,3324.78,26.32,2764.156,1296.094,515.304,482.097,27891.854,5401.834,1493.742,787.822,0.191,0.0,4758.21,4237.644,4923.707,562.3100000000001,917.642,1853.724,2366.021,6.928,1439.697,917.324,493.056,320.039,22796.302,64.4,1.448,6621.401,0.0,2544.118,7207.775000000001,7637.515,58.317,52.409,6.704,9022.585,5266.241,182.526,370.314,0.19,376.995,1421.047,782.726,1484.255,648.188,142450.989,11454.587,0.0,7469.495,2680.299,1633.53,37175.138,153.002,175.875,1564.257,1026.052,0.0,40544.787,14.064,397.09,2.652,85366.746,74581.05,29689.204,104270.254,6590.764,14651.371,21242.135,22534.483,148046.872,76071.50600000001,10599.832,17365.393,18331.445,3922.903,9360.62,22682.747,158334.44600000005,49495.64,8678.294,58173.934,3088.443,367643.69500000007,4192.955,138.804,201.143,0.0,0.0,127.229,242.234,343.665,738.1750000000001,328.341,450.222,958.759,19.392,1324.459,378.77,22.248,162.058,5095.552000000001,627.033,5392.58,6019.613,35.128,31.78,66.908,2387.238,8473.759,22959.836,20.84,12.649,217.121,71.343,96.293,398.012,23776.094,720.575,145.378,865.9530000000001,0.2,33116.006,7266400.0,1832770.0,23374539.0,16225604.0,1.2567,1.14159,1.34626,4667.386666666666,35848.57095238095,15814.932857142858,5.0,0.0,85.665221,4.701524,81.05,70.0,20.0,3.0,,15.0,17.0,69.0,35.0,,47.0,,,,59.0,,35.0,24.0,27.0,32.0,32.0,10.0,5.0,5.0,16.0,22.0,24.0,18.0,4.0,,52.0,27.869565217391305,,,,,,,,,,,,,,,,,,,,,,,,,,,,,,,,,,,,,,,,,,,,,,,,,,0.0,1.05,0.0,0.0,0.0,0.0,0.0,0.05,0.15,4.0,8.05,4.749521088853795,5.686286382201361,4.907208034916262,0.5,2.0,1.54,5.0,3.59,0.0,,,0.09,0.5,0.0,0.1,0.05,0.25,542.7984799999999,34637.8397673518,5761350.11578,0.0,8003.8764,96024.5332,5900559.163627353,346737.96319000004,531247.83594,2817247.79138,261387.7392480729,561.87292,1839347.551349279,2.88528,19981.05594,40919.98383999999,557.1775399999999,0.0,42567.307,5900559.163627352,10156.25142,288109.52292,308556.80935,87641.3858,97135.32069,261.31655,3130.76977,207953.0496,59652.36733,775423.15181,3657.08438,39071.73698,14105.95982,3752.31363,1898607.04005,43459.29568,1942066.33573,0.0,542.7984799999999,542.7984799999999,287.33143,34350.5083373518,34637.8397673518,194357.60834,129316.5447,1898607.04005,3539068.92269,5761350.11578,5796530.754027352,104028.4096,5900559.163627352,2230874.262,2673946.09674,2689603.33669,0.0,6035.56019,413892.0950600001,1955865.52456,0.0,558977.53902,1396887.9855399998,0.0,35676.67175,262476.24518,15657.23995,58289.67663000001,384744.32763,26.12944,11.70104,2230874.262,895674.2039900001,3214016.1724900003,3132723.02122,23003.47464,58289.67663000001,4109690.37648,1820526.43785,778935.66897,217435.0,207220.0,0.0,424344.06601,0.0,-70063.39704,0.0,-6621.824729999999,772313.84424,0.0,0.0,-1927.49946,-433560.21222,1604067.77919,-120367.47390000032,104.0,,13.857827206111592,12.420629574294464,20.01567216115823,13.256368641956223,15.813030978624242,10.23925328099578,13.617688172160523,11.296295601671716,22.28329988340401,16.251360233474685,15.095522639607927,16.323254553435742,13.380251715412045,17.684098756403834,15.934778032002162,17.51833333333333,12.323765414392254,13.32506289814349,9.247448196930547,12.357885124413379,9.492481889915343,19.77878635488887,13.152078493073974,11.554679207564762,16.364453021555533,11.694781671285913,15.880244098024667,13.646018141840706,2535.982378718422,2272.975212095887,20.01567216115823,583.2802202460738,126.50424782899394,81.91402624796623,844.2966666739525,79.074069211702,22.28329988340401,16.251360233474685,60.382090558431706,48.96976366030722,334.50629288530115,159.1568888076345,159.34778032002163,17.51833333333333,542.2456782332591,106.60050318514791,73.97958557544437,766.1888777136295,66.4473732294074,19.77878635488887,13.152078493073974,46.21871683025905,49.09335906466661,292.36954178214785,142.922196882222,136.46018141840707,5.641846884281379,11740.683366189549
2021-12-01,3184.6083259161787,1047.979459735874,351.2272399526942,191.22694077193293,81.21356561073401,64.43292513951502,290.30525462502163,177.2546304648449,10.52986534681546,,2763.962112017781,0.0,178.95865829403735,420.64621389839726,,791.479785974709,67.0,47662.0,16087.0,47662.0,67.0,63749.0,2599.0,2116.0,10305.0,15522.0,4545.0,1358.0,2911.0,39356.0,363546.343,84755.88100000001,39431.97600000001,45323.905,-278790.462,9562.952,2106.368,559.634,6.878,0.22,3809.716,6646.8,3992.859,821.558,1458.188,1795.094,2911.93,12.582,2422.559,845.702,347.688,537.859,25602.535,7059.628,2098.719,483.687,6.878,0.22,3722.771,6637.076,3884.932,589.6990000000001,1155.57,1152.405,1981.64,12.582,1576.442,613.274,347.688,409.262,22083.341,174.0,0.027,6282.509,0.0,2475.64,5523.226000000001,5850.68,0.146,23.65,0.0,12799.726,6302.371999999999,126.206,161.823,0.0,542.412,2562.464,1371.348,912.333,625.7860000000001,124830.559,8583.784,0.0,8762.523000000001,3605.12,1540.152,56858.291000000005,144.967,128.427,1402.869,4831.904,3.1670000000000003,10144.631,11.434,893.938,14.787,79579.68699999998,69585.538,22966.849,92552.387,8467.114,13063.543,21530.657,26080.39,140163.434,84035.302,6533.3730000000005,20426.336,17365.266,3721.285,5557.0650000000005,22953.811,160592.43800000002,55321.681,5637.461,60959.14200000001,1831.329,363546.34300000005,2503.324,7.649,75.947,0.0,0.0,86.94500000000001,9.724,107.927,231.859,302.618,642.689,930.29,0.0,846.117,232.428,0.0,128.597,3519.194,258.253,4085.948,4344.201,107.018,42.006,149.024,1169.604,5662.829000000001,37817.169,0.9,6.708,271.383,37.894,1.259,1056.545,39191.858,364.464,104.554,469.018,0.2,45323.905,3213290.0,1720166.0,49140111.0,6119509.0,1.28,1.1300809523809523,1.330295238095238,4674.772727272727,35641.33409090909,15474.431818181818,6.0,0.0,72.297077,2.771684,74.1704761904762,63.0,32.0,4.0,,14.0,15.0,55.0,30.0,,25.0,,19.0,,50.0,,32.0,21.0,27.0,30.0,34.0,9.0,4.0,4.0,18.0,18.0,20.0,16.0,3.0,,47.0,24.583333333333332,,16.658939794573534,14.640657997042666,16.00381503878289,10.37317487654407,7.243505999071919,67.12421603399898,51.53145255213391,1.2140779009405551,10.00759227426345,66.89253771017447,73.09865185118267,31.401736952656663,39.104055102930666,46.847361415791305,62.47571347,708.49942693,247.22410302,-86.22474035999994,403.71101169,101.56574069,3.16156484,36.97685016999999,5.7439047400000005,29.57752125,1.6554241799999998,36.97685016999999,15.341000330000057,11.800821880000004,121.81027102999995,0.0,0.0,13.17145308,68.89024655,31.55131048,0.0,247.22410302,0.0,58.49706265,0.0,64.78394176,38.64142604,6.383e-05,2.87074176,403.71101169,238.91777565,774.13670524,687.91196488,687.91196488,0.0,1.05,0.0,0.0,0.0,0.0,0.0,0.05,0.15,4.0,8.05,4.732090025399209,5.679807943840262,4.891293178576604,0.5,2.0,1.54,5.0,4.09,0.0,,,0.16,0.5,0.0,0.1714,0.06,0.25,262.30656,34100.12876,5724557.57696,0.0,8063.24467,93766.72106,5860749.978010001,335899.98889,523210.47253,2809268.0798400003,261658.74596,533.85761,1828348.86745,1.83805,19968.30826,38925.52254,569.60488,0.0,42364.692,5860749.978010002,10290.65535,285163.73469,301168.82395,87783.05034,93682.24967,257.78514,3003.01741,216762.45265,59424.99379,765069.60094,3597.8325,39952.80737,13976.51204,3708.44878,1883841.96462,43157.70197,1926999.6665900005,0.0,262.30656,262.30656,144.28082,33955.84794,34100.12876,189509.65721,128464.44974,1883841.96462,3522741.50539,5724557.57696,5758920.01228,101829.96573,5860749.978010001,2605658.9446000005,3049752.1277300003,3063340.9815100003,0.0,12098.83305,613776.4291300001,2126194.73734,0.0,607212.75812,1518981.97922,0.0,35646.04136,262036.08685,13588.85378,59205.57302999999,384744.33762,0.0,143.27247999999997,2605658.9446,959708.89682,3173093.87342,3090844.6951,23043.605290000003,59205.57302999999,4132802.77024,1467938.25261,432886.17975,189805.0,207220.0,0.0,424344.06601,0.0,-388482.88626,0.0,-6989.83239,425896.34736,0.0,0.0,-1920.38034,-433560.24119,1608818.82216,-131296.2953800001,104.1,,14.816105882935975,13.044236032972261,21.506356675035338,13.605023908471376,15.965359251386339,10.253368013189908,14.956548036505328,11.818226609611589,22.74137761813212,15.70389666401846,14.969692756320676,22.11001534769893,14.674984722629253,19.114764566162155,16.78749947705654,18.23489317744443,13.086906311673397,13.79374951284719,9.398708170949062,13.271262962980282,9.646455230671958,18.33153281370367,12.745598441111007,11.540449155601795,16.58945731011108,12.266739508853318,15.868101812292155,14.06645675134811,2711.3473765772837,2387.0951940339237,21.506356675035338,598.6210519727406,127.72287401109071,82.02694410551926,927.3059782633304,82.72758626728113,22.74137761813212,15.70389666401846,59.8787710252827,66.33004604309677,366.8746180657312,172.03288109545937,167.87499477056542,18.23489317744443,575.8238777136295,110.34999610277752,75.1896653675925,822.8183037047777,67.5251866147037,18.33153281370367,12.745598441111007,46.16179662240718,49.76837193033324,306.66848772133295,142.8129163106294,140.66456751348107,6.129682103075465,12755.868456500044
2022-01-01,,,,,,,,,,,,,,,,,61.0,31431.0,15718.0,31431.0,61.0,47149.0,8909.0,3611.0,10910.0,16395.0,3397.0,1172.0,4454.0,48848.0,342286.303,81248.47099999999,33597.03599999999,47651.435,-261037.832,7169.651,3227.342,659.63,0.594,8.4,7656.413,2944.826,3714.978,644.248,2484.77,1226.971,2842.27,33.851,1260.84,611.4350000000001,141.586,377.672,23939.86,5377.077,2866.799,499.471,0.0,8.4,7188.236,2938.8830000000003,3689.985,644.248,1937.667,963.87,2143.379,8.787,639.847,457.782,131.885,318.574,21063.143,161.6,0.0,5601.243,0.0,1628.213,4591.3550000000005,5120.502,12.691,22.387,3.295,6507.232,9948.518,172.726,209.951,0.0,230.401,1040.12,2289.505,5793.818,211.997,122361.473,5409.1630000000005,0.0,6592.799,3021.053,1240.504,62244.541000000005,46.986,50.073,1231.693,484.072,4.695,5006.957,0.6,499.022,5.989,73836.18500000001,58480.06,15882.623,74362.68299999999,6660.622,9436.393,16097.015,17586.022,108045.72,106680.539,5429.746,21718.759,13724.96,2887.783,10386.136,20639.663,181467.586,42162.614,9333.991,51496.605,1276.392,342286.303,1792.574,360.543,160.159,0.594,0.0,468.177,5.9430000000000005,24.993,0.0,547.1030000000001,263.101,698.891,25.064,620.993,153.653,9.701,59.098,2876.717,249.318,3235.456,3484.7740000000003,443.336,62.513,505.849,1186.84,5177.463000000001,41443.674,92.423,25.906,55.938,15.141,11.551,270.402,41915.03500000001,430.889,128.048,558.937,0.0,47651.43500000001,2591255.0,1485646.0,58073850.0,59958871.0,1.2622,1.131675,1.355525,4573.8155,35456.145000000004,14531.377499999999,3.0,0.0,76.447035,2.826145,86.50523809523808,69.0,34.0,3.0,,17.0,23.0,52.0,28.0,,35.0,38.0,25.0,,56.0,,50.0,25.0,38.0,50.0,42.0,10.0,6.0,6.0,19.0,27.0,37.0,26.0,6.0,,87.0,32.36,,,,,,,,,,,,,,,,,,,,,,,,,,,,,,,,,,,,,,,,,,,,,,,,,,0.0,1.05,0.0,0.0,0.0,0.0,0.0,0.05,0.15,4.0,8.05,4.724963206281006,5.646493912775916,4.834159242466995,0.5,2.0,1.54,5.0,4.17,0.0,,,0.32,0.5,0.0,0.25,0.15,0.25,2630.93379,34235.17539,5710399.93872,0.0,7869.01253,91549.44081,5846684.501239999,353245.68022,526404.9830000001,3228531.4319,256157.17307,507.02341,1382419.7563,2.17216,19955.30092,37105.85628000001,424.25498,0.0,41930.869,5846684.50124,10392.9371,281831.65724000003,300742.68860000005,88107.07127,97244.85785,250.73279,2886.34151,215121.41867,58921.79738,767115.9625499999,3502.40001,39651.60939,13857.19959,3616.13632,1883242.81027,42662.7724,1925905.58267,0.0,2630.93379,2630.93379,0.5358200000000001,34234.63957,34235.17539,193413.94304,126592.36222,1883242.81027,3507150.82319,5710399.93872,5747266.047900001,99418.45334,5846684.50124,2549051.37421,3007424.22954,3021850.78971,0.0,20393.53854,592982.3333900003,2098027.78702,0.0,598290.63878,1499737.1482399998,0.0,35447.07761,260573.49298,14426.56017,64206.50297000001,394090.88862,0.0,75.46374,2549051.37421,923291.12136,3211132.3641099995,3124280.11678,22645.744360000004,64206.50297000001,4134423.48547,1521165.6082899997,462699.9462299999,185855.0,207220.0,0.0,424344.06601,0.0,-354719.11978000007,0.0,-8433.362000000001,454266.5842299999,0.0,0.0,-1133.0178400000002,-436168.06147,1604168.5715500002,-99968.46818000056,104.2,,14.515408974241005,12.750484248234555,18.307655293167457,13.41860273141796,15.67607598346641,10.06088882652324,14.73959116598836,11.215249070297128,18.589942225106014,15.572810733474684,14.56660948416937,18.994790632915524,14.608509712776288,19.17384668625671,16.214562675754852,17.438866147037004,12.720948402180131,13.327607781226815,9.6719348441111,12.936007243940855,9.421645706862432,18.44557270977774,12.745598441111007,11.468495809277721,15.089741737234535,12.018072842186651,15.995252963818904,13.745423418014775,2656.3198422861037,2333.3386174269235,18.307655293167457,590.4185201823904,125.40860786773128,80.48711061218592,913.8546522912783,78.5067434920799,18.589942225106014,15.572810733474684,58.26643793667748,56.984371898746566,365.2127428194072,172.56462017631037,162.14562675754854,17.438866147037004,559.7217296959258,106.62086224981452,77.3754787528888,802.0324491243331,65.95151994803703,18.44557270977774,12.745598441111007,45.873983237110885,45.269225211703606,300.4518210546663,143.95727667437015,137.45423418014778,5.955515862296461,12393.428509438934
2022-02-01,,,,,,,,,,,,,,,,,57.0,25163.0,13759.0,25163.0,57.0,38922.0,9328.0,4127.0,16555.0,18097.0,3168.0,1119.0,2213.0,54607.0,364259.435,80095.85399999999,33116.648,46979.206,-284163.58099999995,10050.786,2144.449,592.201,0.0,0.0,3896.51,4562.495,3809.982,771.093,1422.747,1775.931,3217.656,16.988,1648.699,590.796,19.16,1022.92,22754.977,7155.685,2144.043,341.701,0.0,0.0,3657.72,4489.909,3781.66,384.404,1241.756,948.172,1818.957,0.0,965.738,347.495,0.0,696.008,18331.819000000003,35.299,0.0,7805.815,0.0,1678.51,4622.714,6630.878,35.625,14.013,20.0,7762.885,4510.909,7.038,211.584,0.0,233.15,1069.722,1509.256,1212.727,267.432,127373.56,7636.145,0.0,6428.62,2817.59,1154.577,50448.294,42.81,181.78,1059.587,1087.48,0.187,12146.994,5.47,472.918,1.002,69418.689,60612.278,33333.901,93946.179,5115.249,9865.049,14980.298,20692.222,129618.699,111851.204,7510.38,20268.889,13825.737,5313.89,5565.695,22772.953,187108.748,38143.834,7562.696,45706.53,1825.458,364259.43500000006,2895.101,0.406,250.5,0.0,0.0,238.79,72.586,28.322,386.689,180.991,827.759,1398.699,16.988,682.961,243.301,19.16,326.91200000000003,4423.158,407.604,4299.434,4707.0380000000005,80.0,30.484,110.484,1542.439,6359.961000000001,38568.565,42.649,27.025,348.10200000000003,107.179,313.708,561.962,39969.19,323.392,326.663,650.0550000000001,0.0,46979.206,3607778.0,1699982.0,80140698.0,4588559.0,1.2711,1.1349052631578949,1.354021052631579,4435.98052631579,34648.48052631579,13898.728421052632,5.0,0.0,65.254773,2.984854,97.12899999999999,81.0,35.0,4.0,10.0,20.0,26.0,55.0,26.0,,36.0,,,,66.0,,43.0,24.0,36.0,50.0,35.0,11.0,7.0,9.0,16.0,21.0,39.0,24.0,5.0,4.0,77.0,30.4,,,,,,,,,,,,,,,,,,,,,,,,,,,,,,,,,,,,,,,,,,,,,,,,,,0.0,1.05,0.0,0.0,0.0,0.0,0.0,0.05,0.1448709194819294,4.0,8.05,4.707101563783621,5.6614490488257845,4.906646152355143,0.5,2.0,1.54,5.0,3.59,0.0,,,0.37,0.5,0.0,0.475,0.33,0.25,3795.89805,34327.801739999995,5702344.04874,0.0,7824.10968,87311.34041,5835603.198619999,352033.97987000004,530795.6915800001,3220501.92526,257897.42459,483.10878,1378755.61845,2.48467,19942.08954,33210.26124,584.13064,0.0,41396.484,5835603.198620001,10400.05617,277829.009,297172.69762,90275.65398,99163.86435,247.95949,2769.43479,214815.35316,57728.357240000005,765141.20299,3672.60936,39895.659960000005,13668.81723,3576.00955,1876356.68489,42175.98782,1918532.67271,0.0,3795.89805,3795.89805,0.5508200000000001,34327.25092,34327.801739999995,189976.60922,127160.47246,1876356.68489,3508850.28217,5702344.04874,5740467.74853,95135.45009,5835603.19862,2529622.36663,3003076.6809,3017890.28199,0.0,17468.31781,612879.3946200002,2078987.0544599995,0.0,588947.3845599999,1490039.6698999996,0.0,35646.04136,258095.87265,14813.60109,79265.44933,394090.88862,4.0,93.97632000000002,2529622.36663,926949.02266,3292253.38646,3190308.54035,22679.39678,79265.44933,4219202.40912,1610314.5931600004,508761.3276399999,211065.0,207220.0,0.0,424344.06601,0.0,-333867.73837000004,0.0,-5103.02199,503658.30565,0.0,0.0,-2204.3502000000003,-436168.06147,1604584.78252,-59556.08333999968,104.6,,14.271977185121896,12.46400243445611,19.535286125040773,13.618154452787659,15.979174604709332,10.102198852390115,13.949197776278348,11.643951441668607,18.00306194560796,15.742156562328994,15.01534080574177,20.2221964433806,14.378724419937756,17.88797271689079,16.309579694036877,18.02389218777777,12.391276155642963,13.162561066298045,8.782009390544857,12.560152547435894,8.928021978021977,16.814937622136696,13.56632163794862,11.61472229747858,16.409368871025617,11.763765961982894,15.643298845512799,13.993813330521334,2611.7718248773067,2280.912445505468,19.535286125040773,599.198795922657,127.83339683767466,80.81759081912092,864.8502621292575,81.50766009168025,18.00306194560796,15.742156562328994,60.06136322296708,60.6665893301418,359.4681104984439,160.99175445201712,163.09579694036879,18.02389218777777,545.2161508482903,105.30048853038436,70.25607512435886,778.7294579410253,62.49615384615385,16.814937622136696,13.56632163794862,46.45888918991432,49.22810661307685,294.09414904957237,140.7896896096152,139.9381333052133,5.654577807214364,11767.176416813092
2022-03-01,3355.751142937671,1090.151270283122,385.41690172823496,191.0404992608186,73.50153335069938,55.04490706732415,319.6540363640053,192.4011088155519,16.518497828161358,,2842.678185913306,1.4761298831378544,264.15081125835064,513.0729570243645,,766.3954470982643,60.0,37784.0,17370.0,37784.0,60.0,55154.0,9246.0,5289.0,18512.0,21767.0,3455.0,767.0,1692.0,60728.0,378991.777,120446.455,54087.563,66358.89199999999,-258545.322,13026.471,3592.217,1958.47,31.934,0.0,8014.691,5388.801,7380.678,1375.749,4128.286,2294.708,3352.842,143.599,2483.386,1449.458,248.228,570.4830000000001,36830.909,10212.321,3582.445,1716.839,31.934,0.0,7957.315,5386.887,7199.378,655.169,3084.76,1438.649,2194.357,107.184,1373.208,1157.37,247.801,499.984,31302.062000000005,2.0,1.262,7324.503,0.0,2085.623,8795.486,7509.322,22.635,5.877,0.2,15286.209,13054.446,829.355,604.986,0.0,264.549,4560.127,1097.902,5242.314,455.213,131124.452,7682.825,0.0,6299.917,3936.454,1967.155,67296.101,118.699,112.581,1288.674,1034.129,0.469,6058.9800000000005,6.763,1010.029,4.22,82834.25399999999,66195.312,23329.564,89524.876,5469.419,13281.612,18751.031000000003,20073.16,128349.067,102101.876,9608.048,28474.425,16649.227,3007.567,11413.385,22654.675,193909.203,50846.682,4433.72,55280.402,1453.105,378991.777,2814.15,9.772,241.631,0.0,0.0,57.376,1.914,181.3,720.58,1043.526,856.059,1158.485,36.415,1110.178,292.088,0.427,70.499,5528.847,477.713,4795.036,5272.749,149.61,66.761,216.371,1229.363,6718.483,56704.016,40.502,14.122,779.244,35.97,111.279,316.30400000000003,58001.437000000005,873.717,765.255,1638.972,0.0,66358.892,3462154.0,2485494.0,116816852.0,7085524.0,1.266,1.1018521739130436,1.3168130434782608,4391.265217391305,34029.74043478261,13623.26304347826,5.0,0.0,67.179704,5.079599,117.24521739130434,67.0,27.0,4.0,15.0,20.0,27.0,54.0,27.0,4.0,18.0,36.0,,,52.0,,42.0,19.0,35.0,46.0,32.0,12.0,7.0,13.0,15.0,19.0,39.0,20.0,4.0,,67.0,27.73076923076923,,17.86340599036597,15.897015953239462,13.029693224126774,10.69753818165554,6.570529480527637,67.04440756268501,54.58422085305607,1.518551915388897,12.553196558567151,62.11684079725431,72.39030683897994,34.40389942367037,42.78718032667814,47.38584010870668,202.46679237,899.228607129,333.53109961,-275.5858334189997,426.1742523800001,133.441099,2.49907083,68.90328492,0.0,64.03086107,4.87242385,68.90328492,-142.14473441899975,10.90670486,159.36133821,0.0,0.0,25.574872520000007,116.53262855,21.15555546999999,0.0,333.53109961,0.0,64.23561871,0.0,54.81508358,51.77671425,-2.7430000000000007e-05,6.092780039999999,426.1742523800001,249.25408323000005,1104.1944703289998,828.6086369100001,828.6086369100001,0.0,1.05,0.0,0.0,0.0,0.0,0.0,0.05,0.14,4.0,8.05,4.696064592429885,5.6227121126684505,4.875860485322402,0.5,2.0,1.54,5.0,6.12,0.0,,,0.58,0.75,0.0,0.6196,0.44,0.37,599.4704,34298.252010000004,5693713.31199,0.0,8819.91366,85975.81259,5823406.760650001,327963.12661,530598.6514099999,3200283.8387,251307.21994,458.94745,1417999.25029,3.0252099999999995,19928.074600000004,33396.60188,605.9255599999999,0.0,40862.099,5823406.76065,10345.94117,276245.97315,313916.84146,87481.94326999999,99430.90292,248.91664,2650.7213500000003,216425.55522,57635.78687,759226.65659,3442.86704,39398.28332,14004.23353,3541.87993,1883996.50246,41639.72228999999,1925636.22475,0.0,599.4704,599.4704,0.94447,34297.30754,34298.252010000004,187639.89653,126380.33903,1883996.50246,3495696.57397,5693713.31199,5728611.0344,94795.72625,5823406.760650001,2534830.06523,3007661.55275,3023022.13362,0.0,18380.28235,667555.62357,2031614.59767,0.0,578921.76201,1452692.8356599996,0.0,35208.08109000001,254902.96807,15360.58087,69318.13482,394090.88862,9080.24601,342.21807,2534830.0652300003,928961.06931,3561122.3127900003,3468713.7300100005,23090.44796,69318.13482,4490083.3821,1885935.18205,750212.91233,214985.0,207220.0,0.0,424344.06601,30000.0,-126336.15368,0.0,-6027.01759,744185.89474,0.0,0.0,-1763.1041,-436168.06147,1600767.45886,-21087.00598000002,105.5,,14.566379460155538,12.866187137728968,22.249777595429265,13.728094708359832,15.697432859801813,9.782992973102072,14.311661231272845,11.85305730308829,17.354632066482363,18.541534693012483,15.518243052641672,19.562695088284695,14.681534678744363,18.435666732860376,17.560710052216773,18.796296296296298,12.907345364003922,13.600218071059642,8.82207010333846,13.021111986819323,9.196666666666667,16.890147282098706,13.182798498847637,11.672954732808588,15.864923014142631,12.228213125481467,15.952337095724713,14.309294289411488,2665.6474412084635,2354.512246204401,22.249777595429265,604.0361671678326,125.5794628784145,78.26394378481658,887.3229963389165,82.97140112161803,17.354632066482363,18.541534693012483,62.07297221056669,58.68808526485408,367.038366968609,165.92100059574338,175.6071005221677,18.796296296296298,567.9231960161726,108.80174456847713,70.57656082670768,807.3089431827981,64.37666666666667,16.890147282098706,13.182798498847637,46.69181893123435,47.59476904242789,305.7053281370367,143.57103386152244,143.09294289411488,5.888961555457642,12254.92899690735
2022-04-01,,,,,,,,,,,,,,,,,25.0,21610.0,13054.0,21610.0,25.0,34664.0,4450.0,4150.0,17817.0,16469.0,2381.0,507.0,1285.0,47059.0,375347.227,86097.702,43690.423,42407.279,-289249.525,16634.902000000002,2053.49,759.5740000000001,0.6910000000000001,8.39,3118.548,4518.669,5786.728,707.394,2204.951,1747.699,2528.196,13.343,1592.063,754.192,215.455,281.71,23468.948,14656.837,1958.108,661.436,0.6910000000000001,8.39,3034.897,4461.444,5761.519,515.003,1232.408,1019.838,2303.096,5.09,1055.381,465.268,215.455,52.48,20121.879000000004,303.463,0.276,6341.816,0.0,1614.852,5897.14,4193.171,105.704,6.761,0.4,9754.629,15472.211,301.311,185.67,0.0,309.362,10465.078,1148.936,2277.076,784.778,124454.529,6994.774,0.0,5902.24,3340.1330000000003,2400.687,89746.711,110.818,165.446,1014.722,990.8,0.0,182.473,0.751,1055.183,35089.442,134097.166,63438.87,20567.054,84005.924,4916.1,5943.059,10859.159,13592.58,108457.663,135216.766,6462.534000000001,19270.943,16562.948,2870.504,10420.348,18785.635,209589.678,51283.766,3453.573,54737.339,2562.547,375347.227,1978.065,95.382,98.138,0.0,0.0,83.651,57.225,25.209,192.391,972.543,727.861,225.1,8.253,536.682,288.924,0.0,229.23,3347.069,389.573,3604.242,3993.815,0.0,32.113,32.113,1061.034,5086.962,36044.282,56.699,31.5,144.237,130.655,23.497,396.677,36827.547000000006,134.53,357.94,492.47,0.3,42407.27900000001,3728034.0,1443676.0,24242096.0,4917403.0,1.2628,1.080295238095238,1.2933428571428571,4391.296,34314.990000000005,13394.163,5.0,0.0,82.898701,5.327755,104.57526315789474,65.0,26.0,4.0,,18.0,25.0,58.0,32.0,2.0,38.0,24.0,32.0,,59.0,26.0,40.0,16.0,29.0,45.0,26.0,8.0,8.0,10.0,16.0,16.0,35.0,22.0,3.0,,58.0,27.444444444444443,,,,,,,,,,,,,,,,,,,,,,,,,,,,,,,,,,,,,,,,,,,,,,,,,,0.0,1.05,0.0,0.0,0.0,0.0,0.0,0.05,0.14,4.0,8.05,4.69001415624712,5.582680623184651,4.747293447475214,0.5,2.0,1.54,5.0,7.96,0.0,,,1.32,1.25,0.0,0.75,0.76,0.5,2392.99792,34177.6407,5690806.114220001,0.0,8809.598880000001,104762.41392,5840948.765640002,320826.93547,535815.9263699999,3197289.1932499995,254784.47751,437.64721,1418222.57303,3.54816,19915.04204,52761.24094,564.46766,0.0,40327.714,5840948.765639998,9901.24706,271816.78108999995,308372.5329,84767.55309999999,102042.49795,242.78107,2696.35377,216258.91302,57729.60384,756919.59853,3350.91077,41377.79808,14542.309539999998,3563.1532,1873582.03392,60784.06332,1934366.09724,0.0,2392.99792,2392.99792,0.5823200000000001,34177.05838,34177.6407,192561.26762,126081.81974,1873582.03392,3498580.9929400003,5690806.114220001,5727376.752840001,113572.0128,5840948.765640001,2535953.87961,2995617.28408,3009481.01582,0.0,14871.726080000002,718025.20273,1980604.4987,0.0,568476.44908,1412128.04962,0.0,34237.778880000005,247878.07769,13863.73174,65081.46905,394090.88862,369.87491,121.17189,2535953.87961,931040.11836,3619319.28512,3531043.6281,23194.18797,65081.46905,4550359.40348,1949324.05482,779505.6383199999,191085.0,207220.0,0.0,424344.06601,78000.0,-121143.42769,0.0,-5328.58131,774177.0570099999,0.0,0.0,-2949.163,-436168.06147,1583456.5546100002,30807.667670000075,106.3,,15.679363177889716,13.314639096488957,21.493387451702002,14.76531383420741,16.515039338817214,10.533798339988099,16.28905317613434,12.075270767586574,24.222541512553008,15.130172280992353,14.716499524586036,19.949859476611376,15.271867728345075,19.095749889280093,17.55906391392413,16.25127927251847,13.303570258153195,13.778722807208299,9.661703183939805,13.696487274951012,9.218047619047619,18.575719428407368,12.745598441111007,11.898142527907355,14.436755035925891,12.565736831794059,16.848015869045238,14.573891501155522,2869.323461553818,2436.5789546574792,21.493387451702002,649.673808705126,132.1203147105377,84.27038671990479,1009.9212969203288,84.52689537310602,24.222541512553008,15.130172280992353,58.86599809834414,59.849578429834125,381.79669320862683,171.86174900352083,175.59063913924132,16.25127927251847,585.3570913587406,110.22978245766639,77.29362547151844,849.1822110469627,64.52633333333333,18.575719428407368,12.745598441111007,47.59257011162942,43.310265107777674,314.14342079485147,151.63214282140717,145.7389150115552,6.129361591499753,12755.201471910983
2022-05-01,,,,,,,,,,,,,,,,,0.0,0.0,0.0,,,0.0,2213.0,2906.0,13660.0,10996.0,1662.0,452.0,2060.0,33949.0,367205.7,73966.35,44618.644,29347.706,-293239.35,16580.336,2318.002,485.216,6.978,0.0,4533.273,4982.369,6543.933,1034.022,1338.956,2443.437,3888.585,39.626,1496.833,1398.742,653.089,3039.507,31392.372,8314.876,2317.7000000000003,305.5,6.978,0.0,4192.905,4896.331,6332.482,924.768,967.434,1557.979,2998.135,34.748,929.777,1047.298,639.009,2737.234,27258.1,158.5,0.666,5844.741,0.0,2661.058,7078.945,5544.488,64.975,38.112,0.0,13872.908,9354.251,161.15,514.58,0.0,333.396,3429.789,853.669,2581.071,1480.596,136229.818,7961.977,0.0,9006.367,3764.462,1756.436,75096.642,2.432,113.31,998.585,364.623,0.0,252.281,130.631,252.542,2.075,82734.01900000001,69503.027,23010.749,92513.776,9071.824,8673.165,17744.989,17637.652000000002,127896.417,96454.319,7434.924,22335.033,17694.867000000002,3404.939,6348.503,23967.9,177640.48500000002,56530.519,3666.419,60196.938,1471.86,367205.7,8265.460000000001,0.302,179.716,0.0,0.0,340.368,86.038,211.451,109.254,371.522,885.458,890.45,4.878,567.056,351.444,14.08,302.273,4134.272,516.866,3969.887,4486.753000000001,0.0,8.097,8.097,6915.405,11410.255,15231.728,394.441,98.721,271.454,46.733,166.416,534.8580000000001,16744.351,903.053,280.047,1183.1,10.0,29347.706,3709754.0,1379221.0,74431427.0,16373422.0,1.2859,1.0567190476190476,1.2438380952380952,4040.3599999999997,32379.462857142855,11829.729523809525,5.0,1.0,69.15273,3.686496,113.33761904761906,65.0,25.0,5.0,9.0,17.0,22.0,61.0,28.0,7.0,24.0,51.0,25.0,,47.0,26.0,31.0,14.0,26.0,36.0,22.0,8.0,8.0,14.0,12.0,14.0,28.0,17.0,4.0,,43.0,24.607142857142858,,,,,,,,,,,,,,,,,,,,,,,,,,,,,,,,,,,,,,,,,,,,,,,,,,0.0,1.05,0.0,0.0,0.0,0.0,0.0,0.05,0.14,4.0,8.05,4.677872738467347,5.600429432622153,4.812334289566709,0.5,2.0,1.54,5.0,8.12,0.0,,,1.37,1.25,0.0,0.9762,0.98,0.94,496.54315,31991.08071,5671565.44322,0.0,8712.44736,104052.7719,5816818.286339999,325546.02764999995,534089.65709,3182855.74706,254835.10034,410.60045,1406315.93449,3.7963400000000007,19901.82828,52539.14858,527.11706,0.0,39793.329,5816818.286339999,10021.01787,271262.08751,311336.46614,87257.05523,103869.21373,236.12788,2787.25319,215081.49596,56366.32707,758865.4941799999,3250.80981,41635.74639,14898.98452,3454.89527,1880322.97475,60208.28814999999,1940531.2629,0.0,496.54315,496.54315,0.6584,31990.42231,31991.08071,182148.87265,124961.61878,1880322.97475,3484131.97704,5671565.44322,5704053.06708,112765.21926,5816818.28634,2518932.29781,2975526.12798,2990691.3883,0.0,20326.24016,669637.9765900002,2006665.76359,0.0,569098.75491,1437567.0086799995,0.0,34375.33226,244520.81538,15165.26032,62199.15269000001,394090.88862,4.0000100000000005,299.78885,2518932.29781,918896.52696,3655940.14005,3570493.415,23247.57236,62199.15269000001,4574836.66701,1993705.21651,832697.5578899999,209315.0,207220.0,0.0,424344.06601,94000.0,-102181.50812,0.0,-4797.1686500000005,827900.3892399999,0.0,0.0,-1921.2124200000003,-436168.06147,1584494.4809100002,19399.62025000024,108.1,,16.046663258384275,13.27275656970228,20.10204099977108,15.4170689211513,15.983363552579913,11.380305642327194,16.72489724398783,11.94631224013464,25.937257526927315,16.690674543056353,14.854508934145251,20.450321797971366,15.720029248322051,18.898593728719433,17.212412641944415,15.847160284587746,13.475899324345058,13.447326872486522,8.84543840795697,13.59298992686495,9.137957582135176,14.826914922150458,12.745598441111007,12.302431491191706,16.345711375376315,12.728552046860202,16.418150174452386,14.325799471989212,2936.539376284322,2428.914452255517,20.10204099977108,678.3510325306571,127.8669084206393,91.04244513861755,1036.9436291272455,83.62418568094247,25.937257526927315,16.690674543056353,59.418035736581004,61.350965393914095,393.0007312080512,170.08734355847488,172.12412641944417,15.847160284587746,592.9395702711824,107.57861497989218,70.76350726365575,842.7653754656269,63.96570307494623,14.826914922150458,12.745598441111007,49.209725964766825,49.03713412612894,318.21380117150505,147.76335157007148,143.2579947198921,6.131256235772247,12759.144226642045
2022-06-01,3098.728303532035,1092.9803541877116,327.48422042013846,176.2929800964829,77.92213741738935,53.91287501643768,298.45920629733325,190.8468756503181,14.860301375082246,,2674.735769461641,9.014500921141794,170.21828248249614,423.9925340703937,,686.7365696675033,0.0,0.0,0.0,,,0.0,2146.0,2759.0,14567.0,9549.0,1673.0,492.0,1577.0,32763.0,328074.18,64789.73400000001,37923.30100000001,26866.433,-263284.446,11312.82,2658.336,695.453,0.0,0.0,2944.2200000000003,3803.07,6028.8150000000005,1174.098,1567.626,1641.986,4345.907,70.313,2181.982,1415.344,177.202,831.45,26182.013000000003,5589.046,2635.339,592.035,0.0,0.0,2644.337,3797.927,5983.272,806.022,1118.956,891.69,3123.206,35.593,1364.94,1162.416,177.202,554.414,21659.97500000001,554.4,0.0,8005.98,0.0,2275.53,8321.939,4948.571,20.752,14.947,0.0,9455.496,4325.686,96.043,260.99,0.0,517.745,778.183,1246.056,1116.371,310.298,125697.901,7529.514,0.0,5734.673,11296.03,1609.556,70252.371,4.424,13.382,1103.017,584.996,0.0,749.941,62.832,702.308,14.412,86393.269,66859.778,22985.977,89845.755,4711.456,8589.189,13300.645,15685.398,118831.798,82023.549,7019.8910000000005,16737.175,21991.13,2580.524,10507.388,24119.661,164979.318,38993.679,4165.737,43159.416000000005,1103.648,328074.18000000005,5723.774,22.997,103.418,0.0,0.0,299.883,5.143,45.543,368.076,448.67,750.296,1222.701,34.72,817.042,252.928,0.0,277.036,4522.038,777.71,4167.814,4945.524,64.974,17.836000000000002,82.81,4457.237,9485.571,15859.131,191.454,12.718,88.084,29.19,34.516,585.164,16800.257,253.568,326.487,580.0550000000001,0.55,26866.433,5392405.0,2277181.0,48722192.0,20236367.0,1.2804,1.0567190476190476,1.2320428571428572,3898.9466666666667,31446.712857142855,11418.919047619047,7.0,0.0,57.30442,4.70983,122.71095238095238,61.0,28.0,4.0,11.0,17.0,25.0,55.0,33.0,14.0,31.0,43.0,,,45.0,,35.0,15.0,24.0,36.0,21.0,8.0,6.0,17.0,12.0,16.0,28.0,18.0,3.0,,43.0,24.96153846153846,,18.0957741467586,16.217233502161836,13.918888578948682,10.649542133571591,6.482809108988295,67.31511066891859,51.34112627153563,1.5556676058438932,9.577245111113584,63.20930155828829,72.50288828630063,34.18223363510526,42.74013142571966,42.260814505437246,18.73417663,614.2204179819199,337.42791561,138.34029807808008,390.08393575,104.26972850192,0.55307123,44.33611256,0.0,39.93530773,4.40080483,44.33611256,242.61002658000007,14.2746466,162.69538982999995,2.44011611,0.0,19.095442480000003,117.74661369999998,21.17570689,0.0,337.42791561,0.0,22.78414168,0.0,56.42832097,46.27988851,0.0,3.81466149,390.08393575,260.77692310000003,633.5076658419199,771.84796392,771.84796392,0.0,1.05,0.0,0.0,0.0,0.0,0.0,0.05,0.14,4.0,8.05,4.670300345533775,5.60808107917905,4.853776779057421,0.5,2.0,1.54,5.0,7.78,0.0,,,2.09,1.75,0.0,1.1375,1.49,1.38,2493.02116,33454.53647000001,5685413.26243,0.0,8717.07502,103533.95751,5833611.85259,336919.87694000005,539704.3336499999,3174182.93851,255665.07571000003,389.0921,1414499.50315,4.56011,19889.14408,52320.97648,623.2798600000001,0.0,39413.072,5833611.85259,10056.29933,272475.69618,312816.06197000004,88165.33912,106426.12588,149.35723000000002,2292.9696200000003,213663.08717,56698.752270000005,770345.74935,3363.13805,42355.936700000006,14850.21945,3447.175,1897105.90732,59585.969430000005,1956691.87675,0.0,2493.02116,2493.02116,0.6155499999999999,33453.920920000004,33454.53647000001,182527.87825,125147.72529,1897105.90732,3480631.7515700003,5685413.26243,5721360.82006,112251.03253,5833611.85259,2538427.1559999995,2989391.49703,3002799.25086,0.0,12216.87268,758939.2530899999,1992581.82814,0.0,566908.9139,1425672.9142399996,0.0,33817.00919,191836.53393,13407.75383,56328.20947000001,394090.88862,91.86283,453.38011,2538427.155999999,914626.05211,3685034.5778700006,3604935.73029,23770.63811,56328.20947000001,4599660.629980001,2004905.2645100015,852124.6784699999,199165.0,207220.0,0.0,424344.06601,120200.0,-98804.38754,0.0,-5665.789819999999,846458.88865,0.0,0.0,-2691.16882,-436168.06147,1576156.15549,21149.45066000176,108.4,,15.981285129993795,13.240658325848656,20.497757902323222,15.263356460767882,15.73492790115844,11.474625246319327,16.658106648882885,12.653393340806339,27.956695900880348,17.767317347713334,14.393791216091705,19.213228940466134,15.501338659715245,18.887617252859805,17.497605911357077,14.245350810306453,13.371914978606753,13.311680530531575,8.828316965885996,13.569534080560494,9.662419689074985,15.898992135862004,12.986439874176144,11.994819923649375,16.140473079425256,12.730335772079679,16.28554593608767,14.424839430199196,2924.5751787888644,2423.040473630304,20.497757902323222,671.5876842737867,125.87942320926751,91.79700197055462,1032.802612230739,88.57375338564437,27.956695900880348,17.767317347713334,57.57516486436682,57.639686821398406,387.5334664928811,169.9885552757382,174.97605911357076,14.245350810306453,588.3642590586971,106.4934442442526,70.62653572708797,841.3111129947506,67.6369378235249,15.898992135862004,12.986439874176144,47.9792796945975,48.42141923827576,318.258394301992,146.56991342478904,144.24839430199194,6.234090086414738,12973.141469829068
2022-07-01,,,,,,,,,,,,,,,,,0.0,0.0,0.0,,,0.0,2154.0,2692.0,15099.0,13123.0,3155.0,954.0,2200.0,39377.0,360815.269,72128.789,40465.835,31662.954,-288686.48,16431.051,3086.646,1523.833,0.769,0.0,4188.152,6127.058,6366.767,566.09,1747.392,2013.169,2931.313,50.668,1301.347,1129.452,647.451,1010.64,28079.499000000003,4960.099,3051.442,1399.783,0.769,0.0,4020.056,6127.058,6273.5380000000005,420.036,1257.598,1103.291,2385.703,12.063,812.1220000000001,1061.793,644.271,617.249,24734.778,196.71,0.0,7550.677000000001,0.0,1499.035,7897.658,4170.729,14.984,2.135,0.0,11920.142,7213.765000000001,155.463,629.6510000000001,0.0,184.439,1131.055,1741.208,2739.268,632.681,130660.02,9610.083,0.0,7628.709,4240.216,1553.32,72138.228,110.386,178.935,1314.781,965.77,0.0,128.27700000000002,4.7780000000000005,287.467,31087.8,112009.958,75171.372,21883.249,97054.621,7161.189,8000.102,15161.291,14119.48,126335.392,102096.734,5859.838,15945.458,19430.251,2292.42,11510.64,22259.482,179394.823,49225.319,4598.698,53824.01700000001,1261.037,360815.269,11470.952,35.204,124.05,0.0,0.0,168.096,0.0,93.229,146.054,489.794,909.878,545.61,38.605,489.225,67.659,3.18,393.391,3344.721,656.753,5466.275000000001,6123.028,108.546,50.253,158.799,7910.677000000001,14192.504,16024.843,10.916,6.271,260.579,63.152,9.175,457.638,16832.574,408.494,229.382,637.876,0.0,31662.954,3468563.0,1502641.0,27895773.0,4020889.0,1.2936,1.016825,1.198665,3911.7295,31535.3235,11622.6315,7.0,0.0,45.870069,4.783452,111.92571428571429,60.0,23.0,4.0,11.0,19.0,21.0,62.0,34.0,39.0,29.0,,,,50.0,,35.0,15.0,22.0,38.0,25.0,8.0,11.0,36.0,13.0,15.0,29.0,16.0,3.0,,53.0,26.84,,,,,,,,,,,,,,,,,,,,,,,,,,,,,,,,,,,,,,,,,,,,,,,,,,0.0,1.05,0.0,0.0,0.0,0.0,0.0,0.05,0.14,4.0,8.05,4.663819657015523,5.590910400688292,4.808896297423382,0.5,2.0,1.54,5.0,7.62,0.0,,,2.65,2.75,0.0,1.25,2.23,1.85,974.28248,33648.75168,5723479.192740001,0.0,8657.607779999998,103029.43696,5869789.271640001,337217.80832,575697.9475,3169989.43532,255585.17718,364.67993,1419247.17865,5.1200600000000005,19944.93602,52078.97392,678.7657399999999,0.0,38979.249,5869789.271639999,9537.60514,272581.17469,322506.78023000003,88270.05118000001,112301.25256,152.61514000000005,2281.3125800000003,212294.55355,56050.84768,770636.3711900001,3343.8325,43084.257130000005,16232.17169,3335.7658300000003,1912608.59109,59170.34721000001,1971778.9383,0.0,974.28248,974.28248,0.7483099999999999,33648.00337,33648.75168,198588.94843,124813.16031,1912608.59109,3487468.49291,5723479.192740001,5758102.2269,111687.04473999998,5869789.27164,2556593.3296799995,3007330.50254,3021156.65274,0.0,16258.757350000002,706965.0298299999,2010467.98416,0.0,571494.23862,1438973.7455399998,0.0,33710.51098,239928.22022,13826.1502,56342.77434,394090.88862,8.27401,295.23589000000004,2556593.3296799995,942050.68261,3660843.27423,3580729.72195,23770.777940000004,56342.77434,4602893.95684,1989957.8528200008,862786.87958,213155.0,207220.0,0.0,424344.06601,156200.0,-138132.18643,0.0,-4856.56677,857930.3128099999,0.0,0.0,-1619.4665200000002,-436168.06147,1569273.88241,541.1855900006294,109.0,,14.771333429652811,12.229426358196479,22.65345123881603,13.694771033914957,15.57780458401853,10.654495098970227,15.203860652424758,10.762054796888389,25.47220869874513,18.337199463147822,14.867172815514012,18.354400320658165,14.404196653751155,18.559974257122384,16.461251435912274,16.892523016965807,11.953222014345377,13.114455372013861,9.228586463514953,12.224304204823543,8.666923076923077,19.031245914017077,13.186152347222123,12.009506972820464,14.896122657222195,11.735693969177767,15.554888622412138,13.950093402470056,2703.154017626465,2237.9850235499557,22.65345123881603,602.5699254922581,124.62243667214824,85.23596079176181,942.6393604503351,75.33438357821872,25.47220869874513,18.337199463147822,59.46869126205605,55.0632009619745,360.10491634377894,167.03976831410148,164.61251435912274,16.892523016965807,525.9417686311965,104.91564297611089,73.82869170811962,757.9068606990597,60.668461538461536,19.031245914017077,13.186152347222123,48.03802789128186,44.68836797166659,293.3923492294441,139.99399760170925,139.50093402470054,5.679443819663483,11818.922588719706
2022-08-01,,,,,,,,,,,,,,,,,0.0,0.0,0.0,,,0.0,2367.0,2771.0,13660.0,10813.0,2227.0,621.0,1870.0,34329.0,336916.17600000004,96566.427,62456.66299999999,34109.764,-240349.74900000004,18282.865,4612.8820000000005,1169.425,0.0,0.0,21972.497,5219.618,6900.636,727.974,1796.474,2658.863,3817.523,19.76,1542.231,1043.182,141.65800000000002,393.16,46233.57600000001,7958.321,4600.8730000000005,974.781,0.0,0.0,21923.689,5176.384,6837.434,655.625,1396.668,1149.616,2916.263,8.034,860.1320000000001,870.13,141.65800000000002,370.699,42306.332,297.1,0.0,8650.506,0.0,2170.757,8640.784,5455.9220000000005,17.275000000000002,1.07,0.0,8371.804,28851.445,34.691,128.506,0.0,447.099,3796.221,1718.5,21611.521,1114.907,137428.948,6614.443,0.0,7589.445,11771.268,2371.688,24245.719,118.609,140.848,990.829,1014.509,0.0,1819.811,11.582,499.053,8.608,42992.524,71335.996,24451.402,95787.398,9612.597,9058.385,18670.982,15459.931,129918.311,42452.56,10734.491,30240.245,23054.582,3859.764,7132.876,31488.997,148963.51499999998,51070.275,4855.8550000000005,55926.130000000005,2108.2200000000003,336916.176,10324.544,12.009,194.644,0.0,0.0,48.808,43.234,63.202,72.349,399.806,1509.247,901.26,11.726,682.099,173.052,0.0,22.461,3927.244,1438.542,6137.774,7576.316000000001,0.0,28.863,28.863,3425.725,11030.904,18877.772,3.141,4.813,178.296,77.071,57.084,905.693,20103.869999999995,365.234,2609.012,2974.246,0.744,34109.764,3662948.0,1676906.0,79858120.0,3915558.0,1.2917,1.0128782608695652,1.1983,4158.563043478261,33009.56478260869,12570.260434782609,9.0,1.0,63.500303,3.970689,100.44636363636364,65.0,20.0,3.0,12.0,19.0,21.0,60.0,31.0,14.0,22.0,52.0,,,56.0,,36.0,15.0,24.0,37.0,27.0,8.0,9.0,18.0,9.0,17.0,29.0,17.0,,,58.0,27.16,,,,,,,,,,,,,,,,,,,,,,,,,,,,,,,,,,,,,,,,,,,,,,,,,,0.0,1.05,0.0,0.0,0.0,0.0,0.0,0.05,0.14,4.0,8.05,4.649360026085359,5.599023701385455,4.811300784569077,0.5,2.0,1.54,5.0,7.64,0.0,,,3.22,2.75,0.0,1.6818,2.63,2.5,3079.91675,33515.70368,5707755.38774,0.0,8545.73445,93992.92353,5846889.666150001,342362.64751999994,581618.42117,3154879.35647,259607.73108,337.34496,1405545.50697,5.89244,6746.4312,51877.25354,670.03276,0.0,43239.04804,5846889.666150001,9527.74996,268197.31674000004,315884.54010000004,89583.34251999999,114830.55692,146.75798999999998,2356.21046,211213.04519,54655.59,763637.87633,3199.91343,43186.95079,16968.56021,3159.2114100000003,1896547.62205,63373.98699,1959921.6090399995,0.0,3079.91675,3079.91675,0.66716,33515.03652,33515.70368,205812.32466,123753.79323,1896547.62205,3481641.6478000004,5707755.38774,5744351.00817,102538.65798000002,5846889.66615,2421518.5408299994,2871820.5487899994,2895566.49115,0.0,13628.44994,615241.7843099999,1976940.74363,0.0,563794.8739700001,1413145.86966,0.0,33143.71199,232865.85892,23745.94236,56295.012590000006,394090.88862,0.0,-83.89325,2421518.54083,909680.69696,3625798.2827,3545714.40181,23788.8683,56295.012590000006,4535478.979660001,2057665.42624,880427.9488499999,202425.0,207220.0,0.0,424344.06601,156200.0,-109761.11716,0.0,-3734.8168300000007,876693.1320199999,0.0,0.0,-2549.7851,-436168.06147,1559806.74096,59883.39982999992,109.8,,15.094787193589605,12.608800070357002,21.829545826276505,14.025452710289224,17.79567885277432,11.359297603649773,15.247083113729673,10.680983112156024,25.04706700836867,17.323212662553008,14.87564088484909,19.08091237433795,14.779342141621203,18.96072486610702,17.082508719134573,18.1476196882222,12.377332704243685,13.952832042076357,9.544822392826381,12.63751320192025,9.165714285714285,20.667339766166652,13.738038596999905,11.987229240041616,15.124419558314784,11.881712584873318,15.763535174493802,14.235091501155523,2762.346056426898,2307.4104128753315,21.829545826276505,617.1199192527258,142.36543082219455,90.87438082919819,945.3191530512397,74.76688178509217,25.04706700836867,17.323212662553008,59.50256353939636,57.24273712301384,369.48355354053007,170.64652379496323,170.82508719134574,18.1476196882222,544.6026389867222,111.62265633661086,76.35857914261105,783.5258185190554,64.16,20.667339766166652,13.738038596999905,47.948916960166464,45.37325867494435,297.042814621833,141.8718165704442,142.35091501155523,5.891943900704872,12261.13525736684
2022-09-01,3089.529308781711,1121.7145495452894,317.4938000391988,197.8939189218436,78.60220108680019,47.195816811551566,294.75651948917545,184.04345402372303,11.823249542176065,,2683.1889608032743,0.0,175.10107714316163,406.3403479784363,,660.9047221787906,1.0,2278.0,3.0,2278.0,1.0,2281.0,2326.0,3021.0,11319.0,8386.0,1272.0,363.0,2160.0,28847.0,334826.189,75484.602,47222.825,28261.777,-259341.587,14553.849,2284.967,1535.797,0.0,0.06,4996.694,5410.966,5680.7570000000005,1277.012,1662.782,4984.414,3853.645,84.205,1981.722,2120.765,218.395,477.575,32748.932000000004,8161.728,2276.413,1397.5,0.0,0.06,4586.602,5318.125,5659.95,786.944,1087.279,1105.884,3332.4120000000003,38.03,1374.957,1928.952,218.395,267.88,25705.41,83.2,0.0,9312.311,0.0,2211.591,9141.57,6916.479,49.928,2.77,21.8,11147.968,8335.207999999999,98.02,197.655,0.0,434.362,4065.973,1561.766,1441.534,535.898,131587.925,7384.161,0.56,5211.085,10907.533,1477.932,54517.652,92.031,114.95,1148.699,655.865,0.765,7326.471,22.125,522.569,7.628,76794.22,64171.812,28788.337,92960.149,6099.227,14646.175,20745.402,17103.929,130809.48,57961.797,10532.755,26795.121,17101.794,4403.377,11242.692,23640.46,151677.996,46776.092,3624.397,50400.489,1938.224,334826.189,6392.121,8.554,138.297,0.0,0.0,410.092,92.841,20.807,490.068,575.503,3878.53,521.2330000000001,46.175,606.765,191.813,0.0,209.695,7043.522000000001,1098.045,5109.701,6207.746,83.0,29.516,112.516,2304.146,8624.408,13376.9,2811.541,349.443,184.024,25.268,142.372,624.043,17513.591,1836.933,283.339,2120.272,3.506,28261.777,5162369.0,2046280.0,32578183.0,6003256.0,1.3339,0.9898809523809524,1.1319714285714286,3850.520476190476,30649.559523809523,11402.85,4.0,0.0,45.880377,4.657502,89.7647619047619,60.0,23.0,3.0,,19.0,27.0,59.0,33.0,,19.0,28.0,19.0,,52.0,,34.0,13.0,27.0,34.0,29.0,6.0,6.0,6.0,9.0,15.0,27.0,16.0,3.0,,55.0,24.88,,18.163607925081365,16.441705112983847,13.62726063856674,10.87739821280626,6.119801683165468,67.75465035757483,49.82385811632643,1.5378424781640971,9.530522634030532,64.10798859162357,73.67633899388744,32.8707126029064,41.75439120350607,37.237549474739616,40.89654773,797.225846886104,345.837513175,-53.5295439811041,383.600154,146.85262590610398,6.12513225,61.28031571,20.0,38.76255288,2.517762830000001,61.28031571,93.32308192499988,12.8433152,43.31065235,3.356012315000001,0.0,20.60336957,99.11846149,140.97002856999998,25.635673680000004,345.837513175,0.0,57.042764429999984,0.0,60.70436687,38.47574854,0.0,5.46320025,383.600154,221.91407391,844.247526866104,790.7179828849999,790.7179828849999,0.0,1.05,0.0,0.0,0.0,0.0,0.0,0.05,0.14,4.0,8.05,4.638535326239685,5.564404922623604,4.740155667791038,0.5,2.0,1.54,5.0,7.57,0.0,,,3.55,3.5,0.0,1.9167,3.13,2.73,450.40844,180302.47619,5731206.493720001,0.0,8515.609752499999,93632.12579,6014107.113892501,343393.38045,588233.98461,3168482.61914,267203.40886,312.72916,1544333.25613,6.3431625,6733.31884,51677.65156,693.9889800000001,0.0,43036.433000000005,6014107.113892499,9736.99121,268305.37869,335754.86759,82364.05153,97000.72728,137.52367999999998,2052.17865,210042.16145,51507.17668,773887.45122,3391.82486,42772.05189,24847.57483,3151.50375,1904951.4633100005,63170.27173000001,1968121.73504,0.0,450.40844,450.40844,146520.03143,33782.44476,180302.47619,212563.39236000003,123414.76036,1904951.46331,3490276.87769,5731206.493720001,5911959.378350001,102147.73554249998,6014107.113892501,2322429.66913,2772720.8336899998,2789824.9536399995,0.0,13218.23242,560520.50987,1940478.34946,0.0,556195.7950599999,1384282.5543999998,0.0,32597.08423,225906.65771,17104.11995,56192.36219000001,394090.88862,0.0,7.91375,2322429.66913,900580.71366,3532093.17008,3444818.51065,31082.29724,56192.36219000001,4432673.88374,2054051.85242,849275.79803,185935.0,207220.0,0.0,424344.06601,156200.0,-124423.26798,0.0,-4370.49804,844905.29999,0.0,0.0,-1860.49402,-436168.06147,1549436.7010800005,97738.40683999992,107.9,,14.963637416586952,12.664890610891058,18.693997004328626,13.821032985779619,15.893602621616687,10.703588573574313,15.174238219079728,11.899349987201198,23.60575752589863,19.183017059011625,14.261501893115383,20.678157267734523,15.005899562285082,18.10744289416036,17.466672073675525,21.90073092697317,12.34354480070881,14.229715080483688,10.04313440212643,12.537169506084538,9.611724137931034,20.565172413793103,13.605019292030557,11.884543994386918,14.499948959412485,11.873297987576997,16.115665613690915,14.680725065701118,2738.345647235412,2317.6749817930636,18.693997004328626,608.1254513743032,127.14882097293349,85.6287085885945,940.802769582943,83.29544991040838,23.60575752589863,19.183017059011625,57.046007572461534,62.034471803203566,375.1474890571271,162.96698604744324,174.66672073675522,21.90073092697317,543.1159712311877,113.8377206438695,80.34507521701144,777.3045093772413,67.28206896551724,20.565172413793103,13.605019292030557,47.538175977547674,43.499846878237456,296.83244968942495,145.0409905232182,146.8072506570112,5.780612884440846,12029.455412521402
2022-10-01,,,,,,,,,,,,,,,,,9.0,11256.0,382.0,11256.0,9.0,11638.0,2321.0,3278.0,14408.0,11357.0,1539.0,437.0,1457.0,34797.0,322483.71300000005,64773.33499999999,30829.416,33943.918999999994,-257710.37800000008,13914.476,2397.338,1230.58,0.062,0.0,3026.272,3665.806,3531.719,611.144,1237.843,4008.907,2833.09,24.254,2167.436,986.436,867.335,611.295,23571.537,5719.398,2386.754,1020.696,0.0,0.0,3016.308,3660.244,3499.273,481.738,905.101,527.121,2032.28,21.406,1298.552,787.465,838.2950000000001,323.348,17391.131000000005,37.469,0.0,6856.3240000000005,0.0,1883.835,6599.669,4942.004,32.949,4.1770000000000005,20.0,6808.446,3644.543,0.0,148.013,0.0,215.299,585.164,1315.993,1043.801,336.273,114220.079,7585.193,0.0,5937.997,6929.316,1360.022,57998.488000000005,1895.679,154.78900000000002,977.803,785.772,0.0,4328.5070000000005,70.58800000000001,1023.349,16.032,75540.34500000002,59554.267,20044.96,79599.227,10260.024,13522.834,23782.858,17006.776,120388.861,77025.151,5349.5560000000005,18643.037,13880.493,4793.896,6155.901,22373.239,148221.273,48045.267,3152.021,51197.288,2676.291,322483.713,8195.078,10.584,209.884,0.062,0.0,9.964,5.562,32.446,129.406,332.742,3481.786,800.8100000000001,2.848,868.884,198.971,29.04,287.947,6180.406,1256.553,4919.25,6175.803,8.0,58.298,66.298,5482.487,11724.588,18663.175,2175.814,16.534,90.368,31.387,0.067,596.998,21574.342999999997,286.085,357.88100000000003,643.966,1.022,33943.918999999994,5124916.0,1864323.0,81418723.0,24346563.0,1.3689,0.985295,1.133225,3726.050952380953,30570.68380952381,10801.494285714285,10.0,1.0,57.086604,4.773167,93.33190476190477,58.0,17.0,5.0,10.0,20.0,25.0,62.0,34.0,2.0,22.0,47.0,18.0,,66.0,38.0,35.0,16.0,24.0,30.0,34.0,9.0,5.0,7.0,10.0,16.0,26.0,16.0,3.0,,55.0,25.357142857142858,,,,,,,,,,,,,,,,,,,,,,,,,,,,,,,,,,,,,,,,,,,,,,,,,,0.0,1.05,0.0,0.0,0.0,0.0,0.0,0.05,0.15,4.0,8.05,4.637441792727465,5.560385906272229,4.731487742467503,0.5,2.0,1.54,5.0,7.79,0.0,,,3.86,3.5,0.0,2.25,3.72,3.25,3744.19275,179949.99065,5758147.326724875,0.0,8435.8640563548,93164.6596748,6043442.03385603,362460.68738,591285.2944,3174091.5286930003,266340.58178,287.97762,1547375.440251875,5.680191154800001,6722.53132,51504.19688,534.2975800000002,0.0,42833.81776,6043442.03385603,10599.3838,278154.65653,338100.91272,84772.43715299999,89192.26297,137.464,3420.09924,208885.90276,65907.2655,769661.60431,3155.57603,42987.57408,25300.15493,3345.24677,1923620.5407930005,62888.3379264,1986508.8787194,0.0,3744.19275,3744.19275,146519.48732,33430.50333,179949.99065,225576.17039,121377.411251875,1923620.540793,3487573.20429,5758147.326724875,5941841.510124875,101600.5237311548,6043442.03385603,2273579.075660001,2723976.842110001,2738313.2947500004,0.0,18029.42351,517440.1839,1929314.27042,0.0,552708.96354,1376605.3068799998,0.0,32683.994530000004,226508.96975,14336.45264,56213.24255,394090.88862,5.00005,88.63522999999999,2273579.07566,894889.71791,3499731.82136,3394936.00192,48582.57689,56213.24255,4394621.53927,2064829.22106,871395.19141,207335.0,207220.0,0.0,424344.06601,156200.0,-123703.8746,0.0,-5712.009529999999,865683.1818799999,0.0,0.0,-1998.82788,-436168.06147,1548580.1783200002,88732.75020999956,107.7,,14.896065728226029,12.561404518000845,20.49140545529272,13.571567117276762,15.863178344013493,10.532462353690482,15.35523002749093,11.535212298682858,23.737739865799636,27.11951485495136,13.791662580483035,19.47042818159527,14.669378894957642,17.85935856570633,17.24999072202766,20.48918489650204,12.367578097419564,14.060906974382688,9.813161017289088,12.623291263475373,8.856220097572017,19.82041469934156,12.745598441111007,11.879928850185134,14.765431617626852,11.607846301428792,15.70418735922266,14.25283954965429,2725.980028265363,2298.7370267941546,20.49140545529272,597.1489531601775,126.90542675210794,84.25969882952386,952.0242617044378,80.74648609078001,23.737739865799636,27.11951485495136,55.16665032193214,58.41128454478581,366.73447237394106,160.73422709135696,172.49990722027664,20.48918489650204,544.1734362864609,112.4872557950615,78.50528813831271,782.6440583354732,61.99354068300411,19.82041469934156,12.745598441111007,47.51971540074054,44.296294852880564,290.1961575357198,141.33768623300395,142.5283954965429,5.678091614453142,11816.108649676988
2022-11-01,,,,,,,,,,,,,,,,,40.0,44987.0,17508.0,44987.0,40.0,62495.0,7411.0,5273.0,16826.0,18570.0,2900.0,743.0,2232.0,53955.0,373077.38600000006,85858.976,35994.88,49864.096,-287218.41000000003,12093.067,3346.153,780.53,0.0,0.0,4899.411,5152.793,4583.154,540.11,1533.244,1354.135,3655.474,3.797,1134.114,840.342,367.915,1101.249,25165.738,5451.148,3342.896,627.974,0.0,0.0,4640.809,4878.774,4348.377,337.649,1138.866,1024.349,2128.467,3.073,566.684,487.369,367.915,832.375,20754.707,123.269,1.0,7931.367,0.0,2008.099,7832.486,5823.765,34.503,1.422,0.299,7416.428,4822.242,49.836,207.629,0.0,430.218,1018.666,2014.175,828.751,272.967,138461.567,9695.333,0.0,8651.708,4919.849,2432.384,70088.39,626.517,106.864,1961.511,1181.308,1.806,509.633,0.327,925.934,6.665,82761.188,82157.312,21662.371,103819.683,10123.885,15665.527,25789.412,19340.559,148949.654,86847.149,7600.92,18896.306,15029.546,4767.481,12251.036,25299.786,170692.224,48495.336,3208.1910000000003,51703.527,1731.981,373077.38600000006,6641.919,3.257,152.556,0.0,0.0,258.60200000000003,274.019,234.777,202.461,394.378,329.786,1527.007,0.724,567.4300000000001,352.973,0.0,268.874,4411.031,650.806,6251.732,6902.5380000000005,0.0,212.83,212.83,3596.663,10712.031,36708.819,19.705,47.515,141.241,112.712,69.983,858.205,37958.18000000001,739.076,454.809,1193.885,0.0,49864.09600000001,4734946.0,3689754.0,24707006.0,14022667.0,1.3457,1.01919,1.1727349999999999,3917.488571428571,33417.95809523809,10973.638095238095,8.0,1.0,72.073049,4.549213,91.41545454545455,68.0,22.0,3.0,,19.0,21.0,66.0,40.0,3.0,30.0,32.0,19.0,,64.0,,35.0,23.0,24.0,31.0,38.0,11.0,7.0,9.0,9.0,16.0,27.0,16.0,3.0,,52.0,26.46153846153846,,,,,,,,,,,,,,,,,,,,,,,,,,,,,,,,,,,,,,,,,,,,,,,,,,0.0,1.05,0.0,0.0,0.0,0.0,0.0,0.05,0.15,4.0,8.05,4.621212909394837,5.542447155881447,4.741159670751208,0.5,2.0,1.54,5.0,7.86,0.0,,,4.06,4.0,0.0,2.9318,4.15,3.95,747.92592,225867.04085,5853975.910080001,0.0,8760.08878,90286.5488,6179637.51443,356053.66612,665731.4857900001,3172829.36432,268993.44417000003,266.03742,1616716.87903,6.58494,6707.144619999999,49009.83724,691.8687800000001,0.0,42631.202000000005,6179637.51443,10279.33385,328771.66535,353121.54153,83362.81483,94506.11723,133.35985,3531.50215,208428.71243,65086.35908,787658.58328,3140.88173,42284.71872999999,25626.37123,3148.94743,2009080.9087000005,62720.46725,2071801.37595,0.0,747.92592,747.92592,146527.09837999998,79339.94247,225867.04085,219297.16442,121984.49771,2009080.9087,3503613.33925,5853975.910080001,6080590.8768500015,99046.63758,6179637.514430001,2180356.14791,2630812.25881,2645089.58333,0.0,14803.952740000002,409130.18649,1950062.3418499995,0.0,556814.1708099999,1393248.1710399997,0.0,33487.46624,223328.31149,14277.32452,56240.5132,394090.88862,5e-05,124.70903,2180356.14791,940511.72246,3363570.64776,3267158.80767,40171.32689,56240.5132,4304082.37022,2067485.70911,900921.08869,182785.0,207220.0,0.0,424344.06601,212370.0,-125797.97732,0.0,-6639.66358,894281.42511,0.0,0.0,-1033.75164,-436168.06147,1559752.66864,50653.42846999979,109.8,,15.016773382913327,12.596842766451518,16.742052915106015,14.135433644144603,15.47503162270873,10.568484225972737,15.620731919323621,10.685162015835857,26.121245306973893,23.19926098061445,14.159943823965454,19.049755166895043,14.79510554346962,17.705048327688353,16.54061352972321,20.105,12.381609657997473,13.909076250962935,9.502166504282396,12.77450319647252,8.711169516386242,20.7687464588148,14.152851982296205,11.83771588722217,14.918901754555524,11.595066973441467,15.691205631469115,14.191238219785156,2748.0695290731387,2305.222226260628,16.742052915106015,621.9590803423627,123.80025298166984,84.5478738077819,968.4853789980646,74.796134110851,26.121245306973893,23.19926098061445,56.63977529586182,57.14926550068513,369.8776385867405,159.34543494919515,165.40613529723208,20.105,544.7908249518888,111.27261000770348,76.01733203425917,792.0191981812962,60.978186614703695,20.7687464588148,14.152851982296205,47.35086354888868,44.756705263666575,289.8766743360367,141.22085068322204,141.91238219785154,5.7055037856507775,11873.153377939268
2022-12-01,3186.7558088716646,1120.973171202597,345.3914179927286,172.20046135309607,77.4266321444207,45.26608119397337,294.5079090223911,177.92015628095223,15.639143775609211,,2709.4408677676365,0.0,254.12870362910252,477.31494110402815,,683.3021322767938,66.0,76018.0,29532.0,76018.0,66.0,105550.0,11252.0,5784.0,17899.0,24027.0,6112.0,1778.0,3635.0,70487.0,408634.804,93811.779,37873.011,55938.768,-314823.025,13624.731,1866.65,1048.627,0.0,1.54,3068.725,4846.5470000000005,5558.09,1280.074,1752.446,1932.642,4390.3640000000005,5.245,2429.584,1439.495,378.412,508.829,27590.453,5958.945,1864.613,743.02,0.0,1.54,2789.262,4819.487,5490.9130000000005,1199.054,1338.934,1219.393,3830.005,2.86,1564.513,1151.54,378.412,330.07800000000003,24114.451,0.0,0.611,4735.185,0.0,2938.2000000000003,6443.832,6332.548,7.071,17.038,2.3000000000000003,8937.145,8459.081,97.298,167.274,0.0,359.731,2258.737,2142.306,3108.6040000000003,325.13100000000003,131933.529,8946.013,0.0,7424.159000000001,7998.296,2821.763,127988.882,140.767,700.113,1443.8,887.556,0.0,1104.198,0.0,414.134,1254.652,144754.161,79496.635,24824.764,104321.399,10307.903,12612.695,22920.598,17118.049,144360.04599999997,122081.385,8076.572,18362.418,16660.727,3553.8450000000003,9751.51,25854.209,204340.66600000003,51493.344000000005,4372.668,55866.012,4068.08,408634.804,7665.786,2.037,305.607,0.0,0.0,279.463,27.06,67.177,81.02,413.512,713.249,560.359,2.385,865.071,287.955,0.0,178.751,3476.0020000000004,346.41700000000003,4765.618,5112.035000000001,297.148,29.032,326.18,5090.368,10528.583000000002,43795.613,5.855,9.195,157.803,63.656,67.054,585.894,44685.07,343.663,377.246,720.909,4.206,55938.768,2888064.0,1553104.0,15344046.0,2638640.0,1.3585,1.0590666666666668,1.2180190476190478,3912.3809523809523,33482.25714285715,10838.995714285715,8.0,0.0,116.973068,4.97251,80.924,71.0,20.0,5.0,,19.0,22.0,76.0,45.0,,36.0,38.0,33.0,,65.0,31.0,38.0,23.0,24.0,37.0,47.0,10.0,8.0,5.0,11.0,17.0,29.0,17.0,4.0,,60.0,30.423076923076923,,17.74097310999624,16.864064253900327,14.71963615955152,11.231855886757383,5.844325619965884,67.39034509453312,44.91575544691172,1.7023405304088297,11.640075988586666,64.19682244606788,72.3543403405228,32.116626324563846,40.62994742894547,38.16541820775996,129.48064665,719.26114751,305.48382088000005,-32.0530957200001,499.07766311,130.45624099999998,13.747526009999994,25.87474046,0.0,25.83767424,0.03706622,25.87474046,98.40314527999988,13.307113200000002,156.23720384,3.5288796399999995,0.0,20.15360534,55.57997757,27.22709507,29.44994622,305.48382088000005,0.0,97.62866587,0.0,63.3741934,59.57614795,0.0,3.72662614,499.07766311,274.77202975,862.48932017,830.4362244499999,830.4362244499999,0.0,1.05,0.0,0.0,0.0,0.0,0.0,0.05,0.15,4.0,8.05,4.626726643288989,5.521789022943876,4.662173392424463,0.5,2.0,1.54,5.0,8.04,0.0,,,4.25,4.5,0.0,3.25,4.25,4.27,8689.97796,224919.51563,5892464.35557,0.0,8672.1592,91811.7913,6226557.799659999,345721.04785,684672.73912,3193721.19803,271814.6115,241.08814,1629903.16452,7.09504,6682.52326,50615.76396,749.9812400000001,0.0,42428.587,6226557.799659999,10336.18133,326506.35115,344515.2762,84677.59212999999,92406.07386,130.57065,3036.35899,225948.59698,63959.34524,796652.47323,3113.20539,42084.66183,25684.47702,3214.48547,2022265.64947,62504.893370000005,2084770.54284,0.0,8689.97796,8689.97796,146537.1195,78382.39613,224919.51563,220525.08297,141735.7644,2022265.64947,3507937.85873,5892464.35557,6126073.84916,100483.9505,6226557.79966,2330647.0111,2781134.7630200004,2795085.5870700004,0.0,26324.267600000003,544427.92029,1950744.6846100003,0.0,560682.0303900001,1390062.65422,0.0,33895.03452,225742.856,13950.82405,56228.24528,394090.88862,8.999999999999999e-05,168.61793,2330647.0111,1043651.68106,3345498.8948,3248143.28691,41127.36261,56228.24528,4389150.57586,2002275.3194800008,830773.44855,214385.0,207220.0,0.0,424344.06601,212370.0,-227545.61746,0.0,1978.74545,832752.194,0.0,0.0,-1690.99558,-436168.06147,1574482.4542,32899.72833000088,109.8,,14.692124418925934,12.87191327948955,22.271271332795177,13.298892296532658,16.188373197071556,10.932514819235664,14.954414178738073,9.251590780692384,22.523420363584954,14.921854812496456,14.635819138584951,18.287091745732305,15.003026472074945,18.88232232441231,17.646792791694594,18.33398615314176,12.657810876494246,13.293020232739433,9.637020535110143,13.147540960638976,8.73984232613574,19.09848222107276,13.136439874176144,11.534037070957798,15.049337411404817,12.433034267739448,15.986644918062986,14.229095987298813,2688.6587686634457,2355.5601301465877,22.271271332795177,585.1512610474371,129.50698557657245,87.46011855388531,927.1736790817606,64.76113546484669,22.523420363584954,14.921854812496456,58.543276554339805,54.86127523719692,375.07566180187365,169.94090091971083,176.46792791694594,18.33398615314176,556.9436785657468,106.34416186191547,77.09616428088114,815.1475395596165,61.17889628295017,19.09848222107276,13.136439874176144,46.13614828383119,45.148012234214455,310.82585669348623,143.8798042625669,142.29095987298814,5.8919199710740475,12261.085459805094
2023-01-01,,,,,,,,,,,,,,,,,68.0,83981.0,38422.0,83981.0,68.0,122403.0,13016.0,6606.0,18407.0,21734.0,3956.0,1442.0,5429.0,70590.0,382454.082,96991.672,36855.714,60135.958,-285462.4099999999,20743.942,2802.07,1448.859,7.31,0.0,5223.358,3953.25,5504.96,272.009,1333.771,1575.965,2240.308,71.978,1373.327,765.902,68.479,227.341,22610.648,7303.767,2792.454,1319.949,7.31,0.0,4875.767,3946.02,4995.35,206.13,821.734,509.444,1608.965,0.0,753.799,504.676,68.479,99.11,18389.474,179.0,0.0,9822.141,0.0,1994.036,6608.512,4934.158,12.062,71.862,28.93,5946.439,7258.574,0.0,114.704,139.446,19.496,1635.709,3155.292,1589.391,604.5360000000001,129600.368,5604.671,0.0,9393.897,5954.559,1327.436,84147.638,4.877,114.182,1092.471,545.379,0.0,229.313,40.174,538.775,389.965,94384.769,62919.343,19068.42,81987.763,10236.587,10426.054,20662.641,16543.467,119193.871,116211.921,6412.379,17943.514,14387.912,2605.018,10653.191,27046.782,195260.71700000003,62962.801,2933.524,65896.325,2103.169,382454.08200000005,13440.175,9.616,128.91,0.0,0.0,347.591,7.23,509.61,65.879,512.037,1066.521,631.343,71.978,619.528,261.226,0.0,128.231,4221.174000000001,1000.219,6244.488,7244.707,0.0,10.428,10.428,6656.117,13911.252,41755.417,60.087,6.91,155.898,31.647,189.66,3236.431,45436.05,603.3770000000001,185.279,788.6560000000001,0.0,60135.958000000006,3036593.0,1550270.0,19503633.0,4331455.0,1.3422,1.07769,1.223735,3960.6565,33656.0005,11013.991,7.0,0.0,78.325842,4.526017,82.50142857142858,72.0,22.0,3.0,,22.0,25.0,66.0,34.0,3.0,38.0,42.0,,,62.0,,59.0,26.0,37.0,54.0,71.0,17.0,11.0,10.0,13.0,24.0,51.0,30.0,4.0,,92.0,35.52,,,,,,,,,,,,,,,,,,,,,,,,,,,,,,,,,,,,,,,,,,,,,,,,,,0.0,1.05,0.0,0.0,0.0,0.0,0.0,0.05,0.1453067589037187,4.0,8.05,4.597974986980108,5.508897150999208,4.685246681426115,0.5,2.0,1.54,5.0,8.09,0.0,,,4.37,4.5,0.0,3.5,4.54,4.5,696.8117199999999,224683.51616,5865143.44493,0.0,9341.02074,85437.1618,6185301.95535,338612.10866,679880.0424099999,3160885.24151,266975.66827,216.06806,1643954.6439,8.00594,6670.636480000001,45364.2781,740.49802,0.0,41994.764,6185301.95535,11248.9072,321139.16634,342536.1303,86715.78465,91215.78567,133.28025,3504.4033,224447.50404,67894.41651000001,793057.46195,2978.66255,40760.57594,25442.55467,3150.25273,2014224.8861,61978.971580000005,2076203.85768,0.0,696.8117199999999,696.8117199999999,146519.1345,78164.38166,224683.51616,214073.28233,145023.72877000002,2014224.8861,3491821.54773,5865143.44493,6090523.77281,94778.18254,6185301.95535,2361195.585480001,2792582.2262900006,2807318.6819400005,0.0,13737.358760000005,525538.6035000001,1990229.93204,29665.575,564965.69092,1395598.6661200002,0.0,34343.91389,228732.4181,14736.45565,56263.45113,374732.33405,221.7437,169.11193,2361195.58548,982335.11301,3339333.9542300003,3241942.7110300004,41127.79207,56263.45113,4321669.06724,1904210.0306300004,765338.6552599999,152295.0,207220.0,0.0,424344.06601,212370.0,-230890.41075,0.0,1399.739030000001,766738.39429,0.0,0.0,554.10101,-414742.58966000006,1573941.9338699998,-22281.8088799994,108.0,,14.794775596812801,13.027209601037846,22.499674733905167,13.848392528879419,16.161560847491835,10.186739416147248,14.678762194304037,10.041237546295317,20.71471572857442,15.179102523014752,15.595601195304015,18.399825525127603,15.359769063562485,19.42564136383728,17.215596876032716,16.78548387096774,12.823004024427332,13.214017308212338,9.094190121433678,13.36721613900566,9.35765706383512,15.765689367132552,12.977998491397747,11.722102370931843,15.317719927240109,12.714281079118265,16.148067003568272,14.547014940774156,2707.4439342167425,2383.9793569899257,22.499674733905167,609.3292712706944,129.29248677993468,81.49391532917798,910.0832560468502,70.28866282406722,20.71471572857442,15.179102523014752,62.38240478121606,55.19947657538281,383.9942265890621,174.83077227453555,172.1559687603272,16.78548387096774,564.2121770748026,105.7121384656987,72.75352097146943,828.7674006183508,65.50359944684584,15.765689367132552,12.977998491397747,46.88840948372737,45.95315978172033,317.85702697795665,145.33260303211446,145.4701494077416,5.974007550365366,12431.909712310327
2023-02-01,,,,,,,,,,,,,,,,,66.0,76571.0,37672.0,76571.0,66.0,114243.0,11844.0,6216.0,19212.0,20995.0,3390.0,1200.0,2138.0,64995.0,318116.909,89733.321,38318.706,51414.615000000005,-228383.588,12830.267,2785.539,1199.223,0.0,0.0,5184.395,6402.258,3939.742,776.476,1769.451,1591.23,3681.648,40.314,2173.245,951.387,229.59,852.844,27592.58,6277.9400000000005,2778.986,1100.728,0.0,0.0,4926.425,6310.076,3840.556,548.486,1116.097,577.0070000000001,2691.024,28.291,1429.652,793.626,221.758,635.085,23118.08300000001,96.204,0.0,9247.614,0.0,2691.251,6314.857,5433.138,9.336,50.826,12.794,7546.66,6916.026,42.08,209.34,0.0,659.587,928.702,2299.245,2426.384,350.688,116070.679,7592.954,0.0,5709.905,4919.1900000000005,1803.09,81869.713,383.518,145.587,1211.692,771.773,0.0,53.113,0.5720000000000001,972.919,4.751,92135.918,67583.979,23102.212,90686.191,8853.213,7001.814,15855.027,14254.131,120795.349,83738.751,7120.962,12466.08,13265.372,3096.4880000000003,10579.248,19408.523,149675.424,41943.051,3564.3050000000003,45507.356,2138.78,318116.909,6552.327,6.553,98.495,0.0,0.0,257.97,92.182,99.186,227.99,653.354,1014.223,990.624,12.023,743.593,157.761,7.832,217.759,4474.497000000001,763.751,5294.719,6058.47,0.0,72.319,72.319,3917.335,10048.124,39206.43,8.583,14.519,185.791,163.258,207.426,611.38,40397.387,686.408,282.696,969.104,0.0,51414.615,3796270.0,1550168.0,30575925.0,53058427.0,1.3454,1.0702263157894736,1.2084000000000001,4079.684736842105,33648.25631578948,11785.074210526316,36.0,1.0,72.017486,3.162813,82.58500000000001,88.0,18.0,3.0,,24.0,29.0,69.0,35.0,4.0,39.0,48.0,20.0,,72.0,,45.0,22.0,32.0,45.0,53.0,15.0,14.0,15.0,13.0,17.0,41.0,25.0,,,68.0,34.16,,,,,,,,,,,,,,,,,,,,,,,,,,,,,,,,,,,,,,,,,,,,,,,,,,0.0,1.05,0.0,0.0,0.0,0.0,0.0,0.05,0.1454533648659471,4.0,8.05,4.581577699522592,5.512266246197072,4.699539295934169,0.5,2.0,1.54,5.0,8.09,0.0,,,4.5,4.75,0.0,3.975,4.65,4.74,490.8068,224827.88326,5893324.235312,0.0,9214.39416,84776.27511999999,6212633.594652,342250.63775999995,675579.6425000001,3185970.70318,269941.74205,188.0173,1644712.182582,9.07008,4658.26812,45216.25874,646.69334,0.0,43460.379,6212633.594652001,11247.13377,315401.65420999995,346688.97858,101623.47906,98073.95806,127.05264,2841.84216,223152.04834,67098.83738,801236.9755599999,2983.80001,41045.96535,26713.25206,3218.94212,2041453.9193,63414.09108,2104868.01038,0.0,490.8068,490.8068,146519.1495,78308.73376,224827.88326,211516.5578,144102.79928,2041453.9193,3496250.958932,5893324.235312,6118642.925372,93990.66928,6212633.594652,2311944.2945300005,2743393.3308300003,2756893.4144200003,0.0,16674.420439999998,516365.51225,1962986.06139,29665.575,555429.03495,1377891.45144,0.0,33842.58576,213524.75099,13500.08359,56229.48636,374732.33405,486.17640000000006,1.03949,2311944.29453,982093.06566,3398316.29473,3300484.4145000004,41602.39387,56229.48636,4380409.36039,2012235.579500001,853943.4660499999,212585.0,207220.0,0.0,424344.06601,212370.0,-202575.59996,0.0,-6153.75975,847789.7063,0.0,0.0,-948.85959,-414742.58966000006,1566222.53774,13914.784710000991,109.1,,15.466456747965747,13.158426073617166,21.47479094376893,14.837184894826668,16.222263095161303,10.375743567074975,15.580722090441535,9.92613779286796,16.844322357294306,15.33421439300859,15.420740263614235,20.82400461312048,15.95628898754905,20.385454482083617,16.906904443464796,16.663057087182537,13.158366123682352,13.355499512847189,8.861233622361091,13.554386063765993,8.883212117641715,15.426698830833256,13.1111127824999,11.750152708472163,15.475028033240704,12.794984333141254,16.38437733238092,14.277500821718215,2830.3615848777313,2407.9919714719413,21.47479094376893,652.8361353723734,129.77810476129042,83.0059485365998,966.0047696073751,69.48296455007572,16.844322357294306,15.33421439300859,61.68296105445694,62.472013839361445,398.9072246887263,183.46909033875255,169.06904443464796,16.663057087182537,578.9681094420235,106.84399610277751,70.88986897888873,840.3719359534916,62.182484823492004,15.426698830833256,13.1111127824999,47.00061083388865,46.42508409972212,319.87460832853134,147.4593959914283,142.77500821718212,6.259001563794645,13024.982254256656
2023-03-01,3413.5733033476454,1121.9436009591975,392.9680747644457,156.67119884435252,74.21424389170384,56.40695656181765,389.8114639024862,196.81650002741767,16.167330385996035,,2863.017416784787,1.723148338415882,295.6092816352068,550.555886562858,,711.241504036605,77.0,82105.0,42325.0,82105.0,77.0,124430.0,12240.0,7334.0,18889.0,20086.0,3017.0,700.0,1466.0,63732.0,352937.437,104145.56900000002,53686.211,50459.35800000001,-248791.868,11115.064,3533.848,1438.336,0.0,0.0,13735.004,6007.456,5414.066,1302.131,2026.417,2659.237,3559.102,53.181,2140.101,702.097,497.833,869.068,38965.693,7188.841,3465.3740000000003,1240.076,0.0,0.0,13705.493,5995.117,5307.316,923.17,1541.819,1213.056,2994.216,51.439,1510.044,313.382,497.566,705.991,34758.609,193.68,0.0,7332.061000000001,0.0,3206.416,8296.192000000001,6106.753,30.026,46.149,4.483,11318.353,17152.097999999998,86.502,217.959,0.0,204.557,1530.332,3119.898,11343.768,649.082,126194.776,8488.179,0.0,10092.58,4676.626,2696.763,82121.063,655.025,146.134,1500.989,1249.369,0.0,876.477,17.844,1298.522,23.145,95261.957,67085.159,24748.73,91833.889,15165.733,10691.846,25857.579,17941.163,135632.631,86564.764,5946.754,16611.43,15157.322,3140.182,4917.101,24957.529,157295.08200000002,52827.761,5363.185,58190.946,1818.778,352937.437,3926.223,68.474,198.26,0.0,0.0,29.511,12.339,106.75,378.961,484.598,1446.181,564.886,1.742,630.057,388.715,0.267,163.077,4207.084000000001,734.061,4343.939,5078.0,70.436,27.449,97.885,2492.113,7667.998,41297.449,16.136,4.216,264.973,24.974,69.944,583.788,42261.48,262.436,266.444,528.88,1.0,50459.358,4547834.0,2414060.0,72296340.0,45040316.0,1.3683,1.0711347826086957,1.213778260869565,3968.5591304347827,32483.478260869564,11637.092173913043,7.0,1.0,62.027343,4.819165,78.43434782608696,77.0,14.0,3.0,11.0,24.0,32.0,75.0,39.0,6.0,39.0,50.0,18.0,,78.0,,45.0,19.0,29.0,39.0,48.0,11.0,8.0,13.0,12.0,15.0,38.0,22.0,,,63.0,31.846153846153847,,18.71559115919749,18.10350509722968,13.401214587381288,11.822823499762016,5.531496137472054,66.10842633545711,45.42043020721034,1.541299567570602,12.096008424595734,62.28226874047043,70.51149337632658,32.72639493633356,41.671555446803325,38.73857273497715,260.41367799,958.03711446,392.4180068400001,-297.69875105999995,456.6925152600001,167.66223434,6.236819999999996,77.87833929000001,0.0,68.88226803,8.99607126,77.87833929000001,-130.03651671999995,12.62485145000001,186.5137862800002,4.172964019999998,0.0,20.928049499999997,120.93214789999983,27.582745500000076,19.663462189999997,392.4180068400001,0.0,69.78811798,0.0,61.34697221,51.784060620000005,0.0,8.61178705,456.6925152600001,265.16157740000017,1224.6876124500002,926.9888613900002,926.9888613900002,0.0,1.25,0.0,0.0,0.0,0.0,0.0,1.0,0.145566257670743,4.0,8.05,4.568067679689223,5.48134176449512,4.669562113279675,0.5,2.0,1.54,5.0,8.21,0.0,,,4.3,4.75,0.0,4.0761,4.69,4.82,676.6873,223202.34602,5897450.90788,0.0,9218.88184,83973.20824,6214522.03128,345696.80459,686749.89956,3193145.80858,264751.28332000005,162.71166,1630823.43349,9.67668,3454.42032,46188.90266,613.09642,0.0,42925.994,6214522.031279999,11003.26468,311561.64614,325341.47245,110083.00384,100733.23601,135.66437,3251.09777,221971.04855,67456.38853,807742.54085,3044.15212,39925.83243,26300.41049,3138.7672,2031688.52543,62797.97224,2094486.49767,0.0,676.6873,676.6873,146519.1645,76683.18152,223202.34602,217261.99024,150259.69907,2031688.52543,3498240.69314,5897450.90788,6121329.9412,93192.09008,6214522.031280001,2786439.17075,3229924.13394,3243802.73351,0.0,21508.36577,711629.3984,2246357.09222,29665.575,561274.19634,1655417.3208800002,0.0,34261.49311,216167.78444,13878.59957,56280.01973000001,374732.33405,12246.14752,226.46189,2786439.1707500005,944509.27857,3532903.8325399994,3439626.9254,36996.88741,56280.01973000001,4477413.111109999,1634693.9206299996,617571.20058,167151.0,207220.0,0.0,424344.06601,212370.0,-393513.86543,0.0,-3085.94985,614485.25073,0.0,0.0,-2671.0557900000003,-414742.58966000006,1567148.64917,-129526.3338200004,110.0,,15.831426870309434,13.370767700025056,22.008182347334625,15.12691028765734,16.914207021919886,11.185572544523755,16.132088918856127,9.96027782926756,20.464310250102592,16.397404518965395,15.292421953162645,20.25422263085477,16.04984081591664,19.935722189267473,17.53875973812607,20.435019304551968,13.364597848926353,13.815230098292975,9.139286801339587,13.879406987555203,8.641824812954425,15.870566685913907,13.501688864265136,11.80367012543901,15.487229621421712,12.775903248529016,16.785259818347246,14.020747783655873,2897.1511172666264,2446.8504891045854,22.008182347334625,665.584052656923,135.31365617535909,89.48458035619004,1000.1895129690799,69.7219448048729,20.464310250102592,16.397404518965395,61.16968781265058,60.762667892564316,401.24602039791597,179.42149970340725,175.38759738126072,20.435019304551968,588.0423053527595,110.5218407863438,73.1142944107167,860.5232332284226,60.49277369068097,15.870566685913907,13.501688864265136,47.21468050175604,46.461688864265135,319.3975812132254,151.0673383651252,140.20747783655872,6.402322479882,13323.233080634442
2023-04-01,,,,,,,,,,,,,,,,,31.0,47610.0,20756.0,47610.0,31.0,68366.0,3697.0,4761.0,18539.0,14566.0,2001.0,438.0,1194.0,45196.0,326772.451,76056.372,36464.16,39592.212,-250716.079,11940.45,3996.787,625.403,0.0,0.0,3505.676,4744.492,5653.692,791.171,1909.509,2262.655,2772.842,81.636,1174.177,1177.762,102.866,567.241,24743.719,6271.33,3994.566,505.132,0.0,0.0,3285.035,4707.369,5061.562,465.916,980.848,693.3820000000001,2257.4790000000003,10.096,620.92,802.7620000000001,102.866,419.119,19407.354,635.692,0.0,7061.29,0.0,1732.676,6170.9490000000005,4055.801,1.824,10.574,1.6,6096.358,10697.396,156.644,431.512,0.0,576.5790000000001,3281.476,2958.672,3081.029,211.484,105241.453,6171.704,0.0,7100.877,8339.643,1964.475,81892.24,393.291,17.742,892.446,1125.557,0.0,161.649,28.531,992.512,2.898,95810.984,67923.742,18579.28,86503.022,10885.415,8053.304,18938.719,14107.576,119549.317,94620.233,4865.723,13454.373,13191.803,2791.413,9366.897,19659.998,157950.44,42326.388,6108.948,48435.336,837.3580000000001,326772.451,5669.12,2.221,120.271,0.0,0.0,220.641,37.123,592.13,325.255,928.661,1569.273,515.363,71.54,553.2570000000001,375.0,0.0,148.122,5336.365000000001,334.677,5204.345,5539.022,0.0,13.56,13.56,1827.876,7380.458,28044.614,310.915,7.336,209.935,91.832,36.47,1922.28,30623.382,1255.032,328.59000000000003,1583.6219999999998,4.75,39592.21200000001,4403506.0,1976234.0,67128353.0,36394001.0,1.3484,1.0962,1.244575,4121.467368421053,33731.28052631579,12073.464736842105,7.0,0.0,50.856023,4.657649,84.63833333333334,75.0,18.0,3.0,14.0,26.0,32.0,89.0,42.0,8.0,43.0,56.0,,,71.0,,38.0,16.0,27.0,35.0,36.0,8.0,10.0,15.0,11.0,14.0,30.0,20.0,4.0,4.0,52.0,29.51851851851852,,,,,,,,,,,,,,,,,,,,,,,,,,,,,,,,,,,,,,,,,,,,,,,,,,0.0,1.25,0.0,0.0,0.0,0.0,0.0,1.0,0.1454621410469973,4.0,8.05,4.561101283173436,5.475083617895413,4.6365576907023325,0.5,2.0,1.54,5.0,8.14,0.0,,,4.38,4.75,0.0,4.25,4.92,5.0,667.05879,224361.35555,5932835.64615,0.0,8928.293,83459.62903,6250251.98252,340477.20482,694081.9238900001,3205598.2521300004,270022.82955,143.07087,1647540.7792299998,8.12999,3445.78892,45830.61692,711.7772,0.0,42391.609,6250251.982520001,11429.93934,311382.80619,330181.21354,108382.11619,99757.51198,134.96597,11759.679279999998,220844.90793,66866.29043,814169.55268,2920.33757,39958.48503,26190.14429,3064.64323,2047042.59365,62268.89507,2109311.4887200003,0.0,667.05879,667.05879,146519.1795,77842.17605,224361.35555,233724.58459,139794.85916999998,2047042.59365,3512273.60874,5932835.64615,6157864.060490001,92387.92203,6250251.982520001,2811579.86507,3234948.23776,3249635.88533,0.0,15377.62647,698841.7813699999,2269969.14478,29637.516600000003,572203.5560999999,1668128.0720800003,0.0,34306.696520000005,216452.98862,14687.64757,56264.20391,366841.00835,5.0,258.16043,2811579.86507,967846.21152,3651977.4733100007,3553987.2830300005,41725.98637,56264.20391,4619823.684830001,1751979.6158499997,730553.3025999999,189541.0,207220.0,0.0,424344.06601,212370.0,-302921.76341,0.0,-2565.5218900000004,727987.78071,0.0,0.0,-1683.4818699999998,-414742.58966000006,1560062.45204,-119644.54536999988,109.9,,15.87766959624992,13.63241557261403,21.667446904184334,15.771300762780795,16.892194189965256,10.402142579686643,15.875899050974757,11.363007011749398,17.08188870153613,15.845935770992353,14.340282234557623,19.292217045421413,16.301896611839148,19.130820548641758,17.991696646652244,18.7571866147037,13.682288989345112,13.574739376444402,9.047018015060164,14.118764623066301,9.533386651820106,14.253518648962872,12.745598441111007,12.227319168592537,15.840421702592558,13.325417346420723,17.05662476370779,14.080825991148101,2905.6135361137353,2494.7320497883675,21.667446904184334,693.937233562355,135.13755351972205,83.21714063749315,984.3057411604349,79.54104908224578,17.08188870153613,15.845935770992353,57.36112893823049,57.87665113626424,407.5474152959786,172.17738493777586,179.9169664665224,18.7571866147037,602.0207155311849,108.59791501155522,72.37614412048131,875.3634066301107,66.73370656274074,14.253518648962872,12.745598441111007,48.90927667437015,47.52126510777767,333.1354336605181,153.50962287337012,140.80825991148103,6.855361522610508,14266.007328552467
2023-05-01,,,,,,,,,,,,,,,,,2.0,5119.0,4.0,5119.0,2.0,5123.0,2788.0,3661.0,17207.0,13851.0,2094.0,569.0,2595.0,42765.0,356961.741,70402.637,41903.183,28499.454,-286559.104,15519.283,2896.337,1404.081,0.0,0.0,5024.079,4537.787,5269.299,1180.227,1617.381,2008.386,3367.713,7.263,1842.183,726.504,165.772,683.803,26430.397,6536.225,2892.836,1392.921,0.0,0.0,4804.553,4482.56,5184.5070000000005,851.888,1114.084,1327.826,2580.5170000000003,2.229,1027.908,505.194,161.95000000000002,354.874,22398.090000000004,237.323,1.032,10460.222,0.0,3209.663,7639.584,7099.397,0.8130000000000001,0.084,59.723,7136.837,6058.505,49.072,402.962,0.0,231.079,1176.848,2701.576,1223.121,273.847,131216.718,7909.851000000001,0.0,10591.78,8691.195,1643.636,63522.183000000005,0.599,239.037,1474.22,628.598,0.0,80.136,0.0,784.086,21.315,77085.005,76844.28600000001,26743.278,103587.564,13174.469,11717.904,24892.373,18177.626,146657.563,72315.40000000001,6846.993,18582.667,15392.669,2839.187,6547.532,25400.708,147925.15600000002,56586.547,4621.307,61207.854,1171.168,356961.74100000004,8983.058,3.501,11.16,0.0,0.0,219.526,55.227,84.792,328.339,503.297,680.5600000000001,787.196,5.034,814.275,221.31,3.822,328.92900000000003,4032.307,187.69,4567.398,4755.088,0.0,451.771,451.771,7059.006,12265.865,13397.383,59.14,6.253,374.235,30.272,2.198,483.796,14353.277000000002,610.672,1261.14,1871.812,8.5,28499.454,3700882.0,2210104.0,35570249.0,4260106.0,1.3517,1.0867090909090908,1.2483727272727272,4146.173181818182,33316.80227272728,12446.530454545455,6.0,1.0,47.8469,5.798206,75.466,78.0,11.0,3.0,17.0,24.0,30.0,88.0,40.0,14.0,31.0,50.0,,,58.0,,34.0,15.0,22.0,31.0,25.0,7.0,7.0,11.0,12.0,13.0,30.0,18.0,3.0,,52.0,27.846153846153847,,,,,,,,,,,,,,,,,,,,,,,,,,,,,,,,,,,,,,,,,,,,,,,,,,0.0,2.0,0.0,0.0,0.0,0.0,0.0,2.0,0.1462933511989076,4.0,8.05,4.5503876367887175,5.469168213268495,4.639201500665119,0.5,2.0,1.54,5.0,7.82,0.0,,,4.59,4.75,0.0,4.425,5.14,5.23,522.19298,223082.21264,5886548.114498594,0.0,8876.87027,82682.23269,6201711.623078594,323500.75374,690781.24182,3189239.84955,266788.98617,114.74324,1639726.945598594,9.09898,3437.31476,45622.12500000001,580.0472199999999,0.0,41910.517,6201711.623078595,11758.24501,311979.59042,329424.07103,107609.41818,94676.0561,134.37511999999998,10501.90126,218901.08483,66447.03513,804842.4160399999,3039.54952,39770.74916,27823.57168,3104.69868,2030012.76216,61859.95247,2091872.71463,0.0,522.19298,522.19298,146519.58632,76562.62632,223082.21264,222551.2549,137278.441148594,2030012.76216,3496705.65629,5886548.114498594,6110152.520118593,91559.10296,6201711.623078593,2720353.010529999,3144124.114619999,3160608.3038999992,0.0,21436.6993,640009.72448,2248861.5041,29637.516600000003,569783.26902,1649440.7184799998,0.0,33808.97367,200007.21307,16484.18928,56271.99996,366841.00835,625.85481,32.24097,2720353.01053,982718.62307,3692509.5176900006,3584505.6463400004,51731.87139,56271.99996,4675228.140760001,1898603.13027,807882.4419299999,205307.98859,207220.0,0.0,424344.06601,212370.0,-241359.61267000003,0.0,-4969.60217,802912.8397599999,0.0,0.0,-3626.84743,-414742.58966000006,1552992.85681,-38933.12921000028,110.5,,15.63805930221708,13.189638916198744,22.737409208098715,15.151135398451427,16.771067714270302,10.964515053823403,15.66565521983303,11.391268352116207,19.7233299611298,15.46902300688572,15.17208751895423,19.527903973613807,16.010253209594058,19.499915960293688,16.92633324793847,19.014696723906805,13.133882600802373,13.705010737168422,9.369532006630807,13.437460675946346,9.159729017890424,15.95522480071678,13.088321072042909,12.146679840573423,15.304218868733539,12.942300159800702,16.669800303377112,13.783275495419312,2861.7648523057255,2413.7039216643702,22.737409208098715,666.6499575318628,134.16854171416242,87.71612043058722,971.2706236296478,79.73887846481344,19.7233299611298,15.46902300688572,60.68835007581692,58.58371192084142,400.2563302398515,175.49924364264317,169.2633324793847,19.014696723906805,577.8908344353043,109.64008589734738,74.95625605304646,833.1225619086734,64.11810312523298,15.95522480071678,13.088321072042909,48.58671936229369,45.91265660620062,323.55750399501756,150.028202730394,137.83275495419312,6.402743243039406,13324.108688765004
2023-06-01,3137.776700114166,1127.404835727296,338.6980742209442,165.14467010794905,79.04469450861515,63.08482501374706,293.09239363713004,190.35199711354957,15.388500113395676,,2667.3931917087148,10.52300509687824,206.4236811812763,470.3835084054511,,648.6200233933844,1.0,0.0,0.0,,1.0,0.0,2632.0,4708.0,15853.0,9771.0,1739.0,382.0,1585.0,36670.0,341447.407,64559.758,42851.59299999999,21708.165,-276887.64900000003,10496.395,2606.798,1326.471,0.487,217.359,4841.883,5612.499,6080.703,1125.321,2650.357,1901.11,5041.714,1.341,2068.429,161.93800000000002,661.1320000000001,485.783,30632.21,4446.467,2565.857,1238.758,0.487,217.359,4777.522,5594.76,5944.97,981.14,1638.341,1264.039,3735.475,1.161,1469.966,0.0,647.492,305.153,26360.019,392.26,0.908,8064.376,0.0,3929.921,7257.549,4922.9800000000005,52.44,399.393,1.1,9567.458,8263.208,60.505,356.516,0.0,234.577,1433.436,3569.92,2039.529,568.725,131783.03,7083.318,0.0,9736.642,3616.856,1459.628,75435.817,3.5380000000000003,143.977,1141.316,982.354,0.0,21.082,92.164,873.94,12.706,83783.37800000001,74187.432,23981.697,98169.129,12104.797,12193.389,24298.186,15195.464,137662.779,69951.84300000001,5882.509,20981.171,13000.55,4052.153,11051.406,21735.141,146654.77300000002,51702.456,3710.787,55413.243,1716.612,341447.40700000006,6049.928,40.941,87.71300000000001,0.0,0.0,64.361,17.739,135.733,144.181,1012.016,637.071,1306.239,0.18,598.463,161.93800000000002,13.64,180.63,4272.191,178.88,5153.8640000000005,5332.744000000001,202.906,17.748,220.654,4304.366,9857.764,10099.303,61.535,23.942,283.457,98.591,408.133,387.126,11362.087,229.104,258.377,487.481,0.833,21708.165,3707538.0,2582366.0,24508560.0,2155683.0,1.3286,1.0840285714285716,1.2627190476190475,4345.372857142857,33904.97619047619,13463.77761904762,6.0,0.0,57.226596,4.246006,74.83909090909091,62.0,12.0,3.0,21.0,23.0,37.0,78.0,40.0,21.0,32.0,60.0,,,65.0,,34.0,15.0,21.0,33.0,28.0,7.0,7.0,15.0,9.0,13.0,34.0,17.0,,,43.0,29.2,,18.72270788437492,18.101899038122387,13.221242157151018,11.753843446291125,5.388333009540549,65.64715310330654,44.01139850903074,1.3546373927056508,10.55450150059485,64.17875466728906,72.56592706950326,32.536024177588885,41.46547740747685,35.54179743856438,27.260608840000003,716.85573421,276.36722012,4.681210909999777,437.23711579,148.940496,7.474526379999999,42.66774443,0.0,39.02948174,3.63826269,42.66774443,153.62170690999977,13.18333678,93.5790444,3.254723820000001,0.0,17.97155101,134.22356664,14.153997469999998,0.001,276.36722012,0.0,57.5183057,0.0,60.539354110000005,67.470049,0.0,3.13039044,437.23711579,248.57901653999997,751.5908694300001,756.2720803399999,756.2720803399999,0.0,2.0,0.0,0.0,0.0,0.0,0.0,2.0,0.1470722155889102,4.0,8.05,4.556543026802563,5.474931564838967,4.64818216807804,0.5,2.0,1.54,5.0,7.86,0.0,,,4.89,5.0,0.0,4.6591,5.16,5.25,568.7787099999999,223854.3874,5917014.287760001,0.0,8822.36283,81467.44173,6231727.25843,339555.96197,686909.1837,3202876.42267,268089.79582,86.35928999999999,1643919.73042,9.87586,3351.2885,45258.65868,639.11352,0.0,41030.868,6231727.258429999,12662.6657,312716.93596,326108.945,111179.79735,104354.26173,127.35225,11217.069039999998,218129.35679,64832.19928,808827.898,2864.47366,39537.94283,27688.44419,3119.53089,2043366.87267,61001.98271,2104368.85538,0.0,568.7787099999999,568.7787099999999,146519.39882,77334.98858,223854.3874,227444.75363,149403.17414,2043366.87267,3496799.4873200003,5917014.287760001,6141437.453870001,90289.80456,6231727.258430001,2695686.8374300003,3118841.8206700003,3136269.12838,0.0,18593.54837,633130.6567899999,2232974.33514,29637.516600000003,564879.57232,1638457.24622,0.0,33875.449140000004,200267.83123,17427.30771,55536.24252000001,366841.00835,727.0953000000001,50.63707,2695686.8374300003,971703.67227,3642079.13179,3529519.82712,57023.062150000005,55536.24252000001,4613782.80406,1862559.7241099991,800953.0661899999,206100.0,207220.0,0.0,424344.06601,212370.0,-249080.99982,0.0,-5312.015480000001,795641.05071,0.0,0.0,-2690.2943300000006,-414742.58966000006,1549241.18814,-64889.63075000072,110.9,,15.082982260821776,12.705478136818446,20.288095094184335,14.530391737911152,16.23669372329859,10.304810000352155,15.129965819815423,9.723566800597762,18.63237802510601,17.513264797351795,15.56792470722198,19.92191551010241,15.37401076951767,19.621425048591917,16.29793610892413,15.193000000000001,12.652567800843428,13.228986160027743,9.192366471805542,12.947587474080642,8.753217135433863,17.894759324481434,12.745598441111007,11.978819168592537,15.093963959456756,12.070948569284429,16.050393675691332,13.973796777329593,2760.185753730385,2325.1024990377755,20.288095094184335,639.3372364680907,129.89354978638872,82.43848000281724,938.0578808285561,68.06496760418433,18.63237802510601,17.513264797351795,62.27169882888792,59.765746530307226,384.3502692379417,176.59282543732726,162.97936108924128,15.193000000000001,556.7129832371108,105.83188928022194,73.53893177444434,802.7504233929998,61.272519948037036,17.894759324481434,12.745598441111007,47.91527667437015,45.281891878370274,301.77371423211076,144.453543081222,139.73796777329594,6.079336522296698,12651.099302899429
2023-07-01,,,,,,,,,,,,,,,,,0.0,0.0,0.0,,,0.0,2931.0,4289.0,17468.0,13820.0,3524.0,1321.0,2788.0,46141.0,334721.88100000005,60788.957,39055.183,21733.774,-273932.92400000006,7792.632,4736.026,1292.394,0.0,0.0,4327.075,3975.924,7412.828,798.461,1615.209,1786.678,2561.405,101.031,1087.342,1071.361,479.701,1024.775,26241.79,3310.103,4271.546,1126.647,0.0,0.0,4125.567,3966.414,6929.595,798.461,1061.552,855.861,1861.005,76.08200000000001,524.754,782.754,479.694,715.582,22177.321,428.597,0.0,8121.392,0.0,1347.707,6252.513,5134.441,0.2,20.481,27.26,7311.426,10411.166,35.043,419.121,0.0,368.104,5103.013,3364.612,763.018,358.255,115927.612,8369.088,0.0,11112.532,11471.992,2002.8,49494.705,1597.792,54.115,1087.391,791.535,0.0,37.959,4.9670000000000005,477.528,4.019,67024.80300000001,68916.961,24125.206,93042.167,12790.767,14919.324,27710.091,15315.129,136067.387,63651.838,11407.221,17542.646,14720.258,3050.514,7348.123,22499.966,140220.56600000002,49481.892,7373.615,56855.507,1578.421,334721.88099999994,4482.529,464.48,165.747,0.0,0.0,201.508,9.51,483.233,0.0,553.657,930.817,700.4,24.949,562.588,288.607,0.007,309.193,4064.469,360.506,4913.903,5274.409000000001,0.0,13.78,13.78,2969.181,8257.37,11668.345,34.394,0.646,341.732,24.219,169.15800000000002,558.3770000000001,12796.871,329.017,350.366,679.383,0.15,21733.774000000005,5517118.0,954360.0,57012953.0,37626817.0,1.3211,1.10669,1.289345,4508.0755,34777.2,14033.091,5.0,0.0,51.20206,3.237861,80.10809523809523,64.0,12.0,5.0,,23.0,32.0,78.0,41.0,41.0,19.0,36.0,31.0,,54.0,,38.0,16.0,21.0,35.0,29.0,8.0,11.0,30.0,11.0,13.0,33.0,18.0,,,53.0,30.08,,,,,,,,,,,,,,,,,,,,,,,,,,,,,,,,,,,,,,,,,,,,,,,,,,0.0,2.0,0.0,0.0,0.0,0.0,0.0,2.0,0.1477824752801743,4.0,8.05,4.530314549213248,5.449625707208282,4.636199663169083,0.5,2.0,1.54,5.0,7.79,0.0,,,5.0,5.25,0.0,5.0,5.25,5.29,438.55507,223741.69503,5969604.537379,0.0,8778.96962,81120.55215999999,6283684.309259,335338.57862,697713.5371889999,3210746.2580500003,269388.68334,67.89626,1680529.8340200002,11.0219,3253.98356,44934.128540000005,665.83478,0.0,41034.553,6283684.309259,12566.95282,310625.66872,329203.09228,110377.04288,123706.77889,126.59901,10974.87996,216296.3256,83912.96763,812635.32978,2842.08552,39787.23772999999,28298.17797,1873.16886,2083226.30765,61070.79141,2144297.09906,0.0,438.55507,438.55507,146519.45709,77222.23793999999,223741.69503,224896.69694,145432.3489,2083226.30765,3516049.183889,5969604.537379,6193784.787479,89899.52178,6283684.309259,2654369.24591,3120250.87685,3135298.78968,0.0,22557.78767,596049.7636200001,2278722.25495,29603.391600000003,563068.49323,1686050.37012,0.0,34203.00807,188718.06254,15047.91283,98917.44547,366841.00835,10.0,113.17712000000002,2654369.2459100005,987264.41325,3644933.06767,3481713.64245,64301.979750000006,98917.44547,4632197.48092,1878910.78954,805818.23404,219610.0,207220.0,0.0,424344.06601,212370.0,-257725.83197,0.0,-4528.2202800000005,801290.01376,0.0,0.0,-1730.4793700000002,-414742.58966000006,1554158.4541,-60064.60928999997,111.1,,15.133188693310345,12.692542440787209,21.514292308339428,14.816953260114921,16.966681240986027,10.270155562605678,15.045492146092638,10.297826867407323,19.087031612178635,16.341839312178635,16.30515517547673,18.38915452902908,15.15711544857906,19.44333691510815,16.337842590026707,17.34758620689655,12.50248898545367,13.420061571733683,9.322451569592902,12.858648025648248,9.098768472906404,19.77119956996166,13.04575021900373,12.204744034703012,14.631801797139174,11.999823776380062,16.166528347403123,14.13848222107276,2769.373530875793,2322.7352666640595,21.514292308339428,651.9459434450565,135.73344992788822,82.16124450084543,932.8205130577436,72.08478807185126,19.087031612178635,16.341839312178635,65.22062070190692,55.16746358708724,378.9278862144765,174.99003223597336,163.37842590026708,17.34758620689655,550.1095153599615,107.36049257386946,74.57961255674321,797.2361775901915,63.69137931034483,19.77119956996166,13.04575021900373,48.81897613881205,43.895405391417526,299.99559440950156,145.49875512662814,141.3848222107276,6.028286791208113,12544.864812504082
2023-08-01,,,,,,,,,,,,,,,,,0.0,0.0,0.0,,,0.0,4522.0,4711.0,19566.0,13568.0,2583.0,612.0,1868.0,47430.0,365429.994,63533.003,37614.472,25918.531,-301896.99100000004,13429.301,5606.278,802.643,0.0,0.0,3637.351,3916.002,4015.447,1208.216,1269.507,3413.704,2310.9500000000003,19.138,1359.295,1160.621,40.467,273.476,22624.174,8265.377,5599.368,747.087,0.0,0.0,3306.628,3705.051,3791.544,1048.021,873.349,1304.028,1805.208,15.148,934.539,806.631,40.467,229.652,17860.266,813.66,0.713,7943.92,0.0,2247.8740000000003,7810.135,4802.725,42.811,0.958,3.6,4520.232,9427.844000000005,54.551,289.027,0.0,437.982,4488.585,3029.004,546.29,582.405,154473.682,6708.832,0.0,7860.106,2920.122,1982.978,72032.70300000001,2.454,160.238,1617.784,848.994,0.0,632.423,0.0,710.4730000000001,16.078,80924.247,67471.187,21355.196,88826.383,17080.061,9086.904,26166.965000000004,19759.983,134753.331,79755.757,8811.724,22295.489,15253.733,2859.711,10331.877,19088.165,158396.456,63974.643,6604.222,70578.865,1701.342,365429.994,5163.924,6.91,55.556,0.0,0.0,330.723,210.951,223.903,160.195,396.158,2109.676,505.742,3.99,424.756,353.99,0.0,43.824,4763.907999999999,313.382,5849.863,6163.245,5.2,7.09,12.29,3129.003,9304.538,14478.021,24.505,87.861,189.272,103.808,61.845,864.3000000000001,15809.612,297.132,507.249,804.3810000000001,0.0,25918.531000000003,3669321.0,2244281.0,21380319.0,7379447.0,1.3478,1.091,1.2706217391304349,4457.358695652174,34880.656956521736,13739.49652173913,5.0,1.0,50.945342,2.148651,86.14772727272727,67.0,11.0,4.0,17.0,23.0,24.0,73.0,43.0,35.0,29.0,40.0,22.0,,67.0,,35.0,15.0,27.0,33.0,32.0,8.0,13.0,28.0,9.0,14.0,33.0,17.0,,,53.0,29.692307692307693,,,,,,,,,,,,,,,,,,,,,,,,,,,,,,,,,,,,,,,,,,,,,,,,,,0.0,2.0,0.0,0.0,0.0,0.0,0.0,2.0,0.1489033527528722,4.0,8.05,4.571628840544623,5.442805361072679,4.5431272121707975,0.5,2.0,1.54,5.0,7.75,0.0,,,5.08,5.25,0.0,5.2273,5.3,5.5,175.48147,229079.89192,5936595.5038600005,0.0,8732.82108,79646.17367999999,6254229.872010001,315070.84503,715200.5622,3190115.07124,271094.62150000007,58.828300000000006,1674310.94898,12.16948,3080.48694,44752.11648,475.72016,0.0,40058.50169999999,6254229.87201,13147.32785,310672.8308,322284.25405,108336.49052,124952.24966,126.18787,10938.01584,216519.50822,82778.06461,811935.2369700001,2867.31407,40477.46674,28069.97384,1870.64568,2074975.56672,60208.45086,2135184.01758,0.0,175.48147,175.48147,146519.44716,82560.44476,229079.89192,218772.15069,135991.53267,2074975.56672,3506856.2537800004,5936595.5038600005,6165850.877250001,88378.99475999999,6254229.872010001,2579363.9460800006,3047753.3897700007,3065919.7958100005,0.0,16785.46988,526810.40634,2285619.5798000004,29603.391600000003,567605.51394,1688410.6742600002,0.0,33872.00591,184665.92784,18166.40604,101405.66845,366841.00835,26.07047,116.69642,2579363.9460800006,956669.34707,3645791.74307,3471657.44974,72728.62488,101405.66845,4602461.09014,1921691.475609999,831025.1659799999,206190.0,207220.0,0.0,424344.06601,212370.0,-219098.90003,0.0,-938.1133200000004,830087.0526599999,0.0,0.0,-375.67129000000006,-414742.58966000006,1544194.86842,-37472.18452000093,111.5,,15.060372595495354,12.781414835691276,21.702459971791292,14.427537256846225,17.247350599097306,10.057615504281818,15.031536031238486,9.932913248043917,19.366604281010872,16.228110586044306,15.572310072617077,17.495299795698923,15.417997343638476,19.61234239787986,16.727786048599683,18.496129032258064,12.645628715002442,14.09724794080194,9.611812802652322,12.875768966302461,8.5817105847107,19.669044708709645,12.979288813978393,12.077163711541166,14.67679951389483,12.025084167846579,16.50695021915171,14.187594340870934,2756.0481849756493,2338.998914931504,21.702459971791292,634.811639301234,137.97880479277845,80.46092403425455,931.9552339367863,69.53039273630742,19.366604281010872,16.228110586044306,62.28924029046831,52.48589938709678,385.4499335909619,176.51108158091873,167.27786048599683,18.496129032258064,556.4076634601075,112.77798352641553,76.89450242121858,798.2976759107526,60.071974092974905,19.669044708709645,12.979288813978393,48.308654846164664,44.03039854168449,300.6271041961645,148.5625519723654,141.87594340870936,5.807110089339038,12084.596095914536
2023-09-01,3089.6406600172845,1114.4331534953762,337.9784272693405,175.2142653709967,79.69818755947487,58.69407669788743,292.6955725981691,181.4475558567808,13.277694425584702,,2650.5930920054698,0.0,198.90593545714643,439.0475680118146,,637.2957912865277,0.0,0.0,0.0,,,0.0,3156.0,4753.0,13597.0,8508.0,1384.0,378.0,2196.0,33972.0,329885.673,69938.304,45679.641,24258.663,-259947.369,11504.696,3066.29,253.745,0.0,200.0,9181.721,3399.926,8250.832,1100.452,1179.392,2138.586,2710.247,97.846,1531.277,909.237,120.475,1458.785,32078.776,6584.019,3052.872,173.072,0.0,200.0,8832.365,3321.186,8161.95,801.188,836.7090000000001,781.9590000000001,2201.661,81.408,969.629,606.855,114.755,879.266,27588.931,611.54,0.408,9066.918,0.0,2544.805,8032.103,5365.028,0.6,41.519,6.0,6666.084,13344.636,103.689,277.972,0.0,323.222,2118.848,1742.822,8218.754,559.3290000000001,112178.582,4975.650000000001,0.0,10749.7,5571.702,1671.675,81861.401,124.266,143.157,1433.359,1100.085,0.0,2232.421,1.638,140.931,2.847,94283.482,58967.419,21882.4,80849.819,14571.212,11219.109,25790.321,21176.452,127816.592,82283.724,6149.27,16100.82,12967.317,3162.24,4759.67,17814.41,143237.451,54253.118,3104.295,57357.413,1474.217,329885.673,4920.677,13.418,80.673,0.0,0.0,349.356,78.74,88.882,299.264,342.683,1356.627,508.586,16.438,561.648,302.382,5.72,579.519,4489.845,1171.902,5553.888,6725.79,0.0,17.806,17.806,1836.225,8579.821,14259.907,57.415,2.1710000000000003,32.498,83.12,43.38,473.858,14952.349000000002,319.557,406.936,726.493,0.0,24258.663,3100144.0,2604037.0,38178245.0,6621396.0,1.3531,1.067175,1.238145,4409.094999999999,34318.890999999996,13585.8415,5.0,0.0,53.076141,4.870197,93.72238095238096,63.0,9.0,,,23.0,35.0,76.0,47.0,3.0,17.0,,,,70.0,,32.0,14.0,27.0,26.0,29.0,9.0,5.0,6.0,9.0,13.0,28.0,13.0,,,47.0,27.318181818181817,,18.86123351644505,18.26974904863188,12.386303121203364,11.71719979202107,5.0263462713542895,65.23326829752327,44.70627219949529,2.0603941875847416,16.477085405274057,64.95695935702473,74.59153522274356,31.814086780557886,40.660552704483294,32.65243663430715,34.583246017,776.9513824999999,302.46369502000005,-46.132687816999805,429.3454466600001,186.99734,7.22594189,40.81874091,0.0,39.461063,1.35767791,40.81874091,140.8646521830002,13.309838970000005,84.16545916000001,0.1782970499999996,0.0,22.68361066,114.14376181000002,67.98322737000001,-0.0005,302.46369502000005,0.0,61.10117072,0.0,62.68355229,38.55660874,0.00503234,3.04420846,429.3454466600001,263.95487411000005,818.7605704069998,772.62788259,772.62788259,0.0,2.0,0.0,0.0,0.0,0.0,0.0,2.0,0.149804277828696,4.0,8.05,4.506921868919686,5.44873930900538,4.624387994707743,2.75,2.0,1.54,5.0,7.73,0.0,,,5.07,5.25,0.0,5.25,5.32,5.5,925.22902,230113.80466,6050340.11857,0.0,19975.68084,67699.32823,6369054.16132,363410.06325,725917.2112,3235047.60912,278086.21787999995,49.77239,1678868.27841,13.12731,2989.1444,44590.26564,680.60784,0.0,39401.86388,6369054.161319999,12769.97667,327965.48304,334372.32146,114788.11864,132373.76757,120.83686,11169.69938,216334.23457,82975.39498,839945.4415800001,2860.40952,39518.34702,28265.99663,1886.23171,2145346.25963,59906.57868,2205252.83831,0.0,925.22902,925.22902,146519.2545,83594.55016,230113.80466,236540.08474,145669.69969,2145346.25963,3522784.07451,6050340.11857,6281379.15225,87675.00907,6369054.16132,2395883.29587,2864838.87911,2878704.92667,0.0,21501.93066,448591.95537,2178665.7758,29603.391600000003,518047.00816,1631015.37604,0.0,33490.92031,182588.29697,13866.04756,101913.8939,366841.00835,124.92723,75.75376000000001,2395883.29587,952707.54872,3514019.5934,3374400.18616,37705.513340000005,101913.8939,4466727.14212,1968929.95235,906597.86882,216390.0,207220.0,0.0,424344.06601,212370.0,-153726.19719000004,0.0,133.06434999999996,906730.93317,0.0,0.0,-2535.83923,-414742.58966000006,1535591.17006,-56113.72199000001,111.6,,14.796706455279763,12.690042921748283,21.408352678289823,13.73987728289584,16.410558492823874,10.641803347768821,14.746625224868732,9.512480914358864,19.811708078801864,11.791510992631856,15.832408111751164,19.81938888888889,15.28316762850538,19.409377301605232,17.338269851118802,20.235555555555557,12.534433767525249,13.931588369259224,9.095035927075605,12.715946533520505,8.351517435573191,17.476377084938225,13.65275416987645,12.272165908873406,15.675155151399151,12.160998882474058,16.11248104845676,14.318435001283913,2707.7972813161964,2322.2778546799364,21.408352678289823,604.5546004474169,131.284467942591,85.13442678215057,914.2907639418614,66.58736640051205,19.811708078801864,11.791510992631856,63.329632447004656,59.45816666666667,382.0791907126345,174.68439571444708,173.38269851118804,20.235555555555557,551.515085771111,111.45270695407379,72.76028741660484,788.3886850782714,58.460622049012336,17.476377084938225,13.65275416987645,49.088663635493624,47.02546545419745,304.0249720618515,145.01232943611086,143.18435001283913,6.181623189166173,12863.957856654806
2023-10-01,,,,,,,,,,,,,,,,,5.0,6676.0,184.0,6676.0,5.0,6860.0,2840.0,4729.0,19062.0,12641.0,1751.0,443.0,1844.0,43310.0,357749.39,61734.312,35803.267,25931.045,-296015.07800000004,8214.44,2253.542,1321.096,8024.946,47.395,2842.439,2813.005,7753.746,1326.639,2316.312,2676.797,3007.137,33.579,2390.017,900.857,257.842,383.777,26702.146999999997,4322.841,2245.962,1185.214,0.0,47.395,2835.818,2767.696,7463.773,1243.491,1643.744,1447.072,2669.565,12.405,1501.907,594.948,257.842,274.00100000000003,22712.262,717.1,1.617,5176.169,0.0,2568.902,8392.862000000001,4982.501,0.11,13.436,0.0,6232.068,7718.501999999999,61.664,272.82800000000003,0.0,298.392,1022.216,2611.952,2892.57,558.88,132103.057,5693.7210000000005,0.0,8842.425000000001,11097.841,1926.493,65178.386,0.0,109.932,1271.375,1038.767,0.0,92.167,0.0,678.452,5.3660000000000005,81398.77900000001,74017.422,20991.145,95008.567,15037.261,15385.421,30422.682,16957.301,142388.55000000002,79698.676,8283.412,15496.409,14095.9,5165.7300000000005,10655.482,22216.432,155612.041,50283.762,7916.152,58199.914,1548.885,357749.39,3891.599,7.58,135.882,8024.946,0.0,6.621,45.309,289.973,83.148,672.568,1229.725,337.572,21.174,888.11,305.909,0.0,109.776,3989.885,546.16,4742.301,5288.461,0.0,1.871,1.871,1821.313,7111.645,17256.166,3.056,18.091,149.388,7.982,225.843,498.646,18159.172,305.5,354.728,660.2280000000001,0.0,25931.045,3602785.0,2023675.0,77788170.0,18287223.0,1.3712,1.056457142857143,1.2175238095238097,4269.4009090909085,33319.49272727273,13199.427727272727,7.0,0.0,55.417142,3.897537,90.59590909090909,67.0,11.0,3.0,,22.0,31.0,73.0,43.0,,18.0,53.0,20.0,,70.0,,30.0,15.0,29.0,25.0,37.0,9.0,7.0,7.0,8.0,13.0,27.0,14.0,,,47.0,28.291666666666668,,,,,,,,,,,,,,,,,,,,,,,,,,,,,,,,,,,,,,,,,,,,,,,,,,0.0,2.0,0.0,0.0,0.0,0.0,0.0,2.0,0.149804277828696,4.0,8.05,4.5892014651136375,5.940209309617361,5.501918236571031,2.75,2.0,1.1,5.0,7.75,0.0,,,5.08,5.25,0.0,5.25,5.34,5.5,113.50694,234828.38471,6027779.0449,0.0,18831.94519,66083.49764,6347636.37938,339616.37133,735201.22119,3218691.77483,280394.74943,43.364,1688773.45577,14.25767,2895.73282,42113.57306,803.74152,0.0,39088.13776,6347636.37938,13406.93798,327200.26626,329589.87423,114985.96272,139598.83905,120.98012,11169.20564,214137.81539,80912.05433,834037.90576,2854.61335,39944.17491,30647.28947,1817.83581,2140423.75502,56891.24518,2197315.0002,0.0,113.50694,113.50694,146520.75663,88307.62808,234828.38471,230625.43669,134692.15956,2140423.75502,3522037.69363,6027779.0449,6262720.93655,84915.44283,6347636.37938,2310175.14356,2772202.12811,2786132.44091,0.0,12598.76694,416308.67677,2127353.6756,29594.6709,520762.42042,1576996.5842800003,0.0,33469.49886,182471.50994,13930.3128,101919.43171,359127.16469,904.15339,76.23476000000001,2310175.1435600007,988362.18392,3385557.17515,3237600.27955,46037.46388999999,101919.43171,4373919.359069999,1961824.7837999996,876162.88705,192270.0,207220.0,0.0,421398.65701,212370.0,-157095.76996,0.0,40.65462000000012,876203.5416700001,0.0,0.0,-2818.27081,-414742.58966000006,1530424.73075,-27242.62815000081,111.9,,,,,,,,,,,,,,,,,,,,,,,,,,,,,,,,,,,,,,,,,,,,,,,,,,,,,,,,,,,
2023-11-01,,,,,,,,,,,,,,,,,49.0,52348.0,32341.0,52348.0,49.0,84689.0,11059.0,6078.0,21387.0,19913.0,3175.0,815.0,2473.0,64900.0,392595.338,79138.718,35532.443,43606.275,-313456.62,14479.983,1581.7,761.153,11206.915,0.0,3322.222,3702.745,4692.8060000000005,1167.027,1710.848,2115.569,5006.165,20.579,1935.404,1058.8,60.151,300.839,25093.155,7675.16,1578.183,746.03,0.0,0.0,2991.763,3649.651,4682.828,778.032,1182.461,1145.825,4017.257,18.982,1395.079,631.112,48.711,168.002,20709.703000000005,717.52,3.367,5716.991,0.0,3135.542,8676.7,4894.137,0.05,9.804,1.561,5833.8060000000005,6542.965,82.648,318.883,0.0,235.825,2111.207,2315.929,924.354,554.119,153750.40600000002,11252.838,0.0,10988.412,4607.954,908.371,91917.303,107.931,123.802,1038.705,791.9010000000001,0.0,24.41,81.743,653.534,1.142,100256.796,76674.268,24715.138,101389.406,12656.244,30002.045,42658.289,16238.65,160286.345,91530.271,6260.796,16931.919,12746.666,4650.319,10329.16,20331.446,162780.577,63494.391,4200.024,67694.41500000001,1834.001,392595.3380000001,6804.823,3.517,15.123,11206.915,0.0,330.459,53.094,9.978,388.995,528.3870000000001,969.744,988.908,1.597,540.325,427.688,11.44,132.837,4383.451999999999,1154.211,5781.204,6935.415,0.0,41.202,41.202,3084.178,10060.795,31751.118,56.967,6.3740000000000006,249.795,21.598,29.928,601.287,32717.067000000003,433.241,395.172,828.413,0.0,43606.275,4794891.0,1682808.0,27988178.0,8747613.0,1.3707,1.08193,1.24374,4460.0633333333335,34704.502380952385,13913.160476190476,6.0,0.0,74.877703,2.803521,82.94,72.0,13.0,3.0,,23.0,32.0,69.0,46.0,4.0,43.0,30.0,,,75.0,,34.0,18.0,29.0,24.0,48.0,11.0,7.0,8.0,10.0,14.0,27.0,18.0,3.0,,52.0,28.52,,,,,,,,,,,,,,,,,,,,,,,,,,,,,,,,,,,,,,,,,,,,,,,,,,0.0,2.0,0.0,0.0,0.0,0.0,0.0,2.0,0.1591708825613539,4.0,8.05,4.490791243301325,5.441233682533486,4.61601948278117,2.72,2.0,1.1,5.0,7.91,0.0,,,5.0,5.25,0.0,5.25,5.27,5.5,955.21975,235989.87151,6057777.33911,0.08036,18628.186533871,65486.29241,6378836.989673872,337080.25585,693036.3297499999,3263742.40003,282065.80072,40.52982,1718757.114200001,16.409153870949748,2803.3076,41902.85596,783.7532199999989,0.0,38608.23337,6378836.989673872,13330.84771,332708.50375,324204.61167,92208.7198,141328.66312,114.98102,10769.52055,239420.70648,80883.14784,839723.87318,2931.30485,41783.27987,29823.89251,1922.89537,2151154.9477200005,56527.323820000005,2207682.2715400006,0.0,955.21975,955.21975,146519.29845,89470.57306,235989.87151,232430.71168,134283.28587999998,2151154.94772,3539908.39383,6057777.33911,6294722.43037,84114.55930387099,6378836.989673872,2207394.82221,2668491.77782,2682786.21684,0.0,18625.34307,313633.68217000004,2133987.00882,29594.6709,526501.547,1577890.79092,0.0,33957.204560000006,168288.5392,14294.43902,101963.76884,359127.16469,5.0,1.02208,2207394.82221,1009331.26347,3250649.4107600003,3095614.45965,53071.182270000005,101963.76884,4259980.67423,1950622.0831800008,877213.44152,182320.0,207220.0,0.0,421398.65701,212370.0,-146095.21549,0.0,-2261.2088000000003,874952.23272,0.0,0.0,-2513.06715,-414742.58966000006,1535393.07285,-42467.56557999897,111.3,,15.096124874126597,13.135107093256206,17.93565731255301,14.139999095925958,16.313684686622132,10.431854468368671,15.688211729899958,10.673539903221858,16.48722813765902,14.974598041843356,14.636269762145172,20.582311508368672,15.20383296415595,17.406591313845375,17.263802893389872,17.038,13.173704456881307,13.433459454388853,8.379509649249977,13.628420537044795,8.973222834873015,15.129478752888804,12.745598441111007,11.70318918158328,16.258052761740704,12.488673356813317,16.09418618167898,14.423871423211073,2762.590851965167,2403.724598065886,17.93565731255301,622.1599602207422,130.50947749297706,83.45483574694937,972.6691272537976,74.714779322553,16.48722813765902,14.974598041843356,58.54507904858069,61.746934525106006,380.09582410389874,156.65932182460838,172.63802893389874,17.038,579.6429961027775,107.46767563511082,67.03607719399982,844.9620732967772,62.81255984411111,15.129478752888804,12.745598441111007,46.81275672633312,48.77415828522211,312.21683392033293,144.84767563511082,144.2387142321107,6.2617721627068805,13030.747870593017
2023-12-01,3280.0738401060567,1135.997092234301,378.67972645844577,157.72746641368886,82.42237426493519,48.28405873507146,303.9069729329045,175.60666616180038,15.90854564169143,,2779.81117608214,0.0,276.37193912704555,500.2626640239174,,705.1689981361728,77.0,87267.0,42435.0,87267.0,77.0,129702.0,7621.0,5513.0,24705.0,26875.0,6364.0,1753.0,4008.0,76839.0,359518.76200000005,84061.60399999999,36803.935,47257.669,-275457.15800000005,10312.918,2761.877,479.607,9067.266,0.0,7879.341,3042.482,3897.278,583.128,1975.725,1230.503,2642.677,28.588,973.124,982.484,1446.427,401.013,25082.77,4679.738,2720.463,439.802,0.0,0.0,7725.475,2899.235,3852.152,377.692,1157.982,584.986,1716.332,4.32,750.67,905.751,1446.427,308.88100000000003,21729.903,635.59,1.47,5052.442,0.0,1204.642,8411.296,3694.469,7.62,4.783,0.24,6630.453,11160.929999999998,106.175,237.785,0.0,61.548,2217.517,1688.203,6406.802,442.9,140158.162,5796.714,0.0,9122.937,9136.83,3088.8,76314.481,20.278,67.018,1045.004,2000.01,80.38,93.646,5.322,664.436,64.319,92580.524,76246.027,25719.782,101965.809,14819.233,13792.409,28611.642,16179.668,146757.119,90303.643,4495.743,13053.406,12498.51,3842.341,5466.379,19268.457,148928.479,57143.688,3336.751,60480.439,3352.725,359518.762,5633.18,41.414,39.805,9067.266,0.0,153.866,143.247,45.126,205.436,817.743,645.517,926.345,24.268,222.454,76.733,0.0,92.132,3352.8670000000006,313.544,4816.302,5129.846,0.0,32.797000000000004,32.797000000000004,3492.554,8655.197,37155.06,410.878,13.276,26.948,23.151,25.764,273.226,37928.30299999999,403.332,270.837,674.169,0.0,47257.669,3646292.0,1529802.0,48972255.0,15951603.0,1.3416,1.09094,1.2657,4685.0515,36947.927500000005,14690.492999999999,6.0,0.0,55.67232,3.824789,77.63105263157895,79.0,17.0,4.0,,22.0,31.0,94.0,57.0,,37.0,38.0,34.0,,75.0,,38.0,20.0,27.0,29.0,45.0,10.0,6.0,5.0,9.0,16.0,31.0,19.0,4.0,,55.0,32.08,,20.90574965401758,20.280823213966524,11.383602039930771,13.225004463041673,5.006150810977859,65.05492111125977,42.84415549632766,1.908736610275338,15.020620447019212,65.04070260035364,75.73770439577964,30.445642070376955,41.65989800645144,26.09530071921634,39.96287133999999,752.17283064,329.2822219800001,33.73742177000008,458.02482024,167.0634772,5.774821599999997,44.34090312999999,0.0,40.92243682999999,3.4184663000000004,44.34090312999999,200.80089897000008,13.120435029999994,130.31989989,0.1557437100000002,0.0,23.764747210000003,61.58446147000013,100.33693467,0.0,329.2822219800001,0.0,60.10593347,0.0,72.55215708000011,45.62661843000001,0.0,5.173304899999991,458.02482024,274.5668063599998,797.91052358,831.6479453500001,831.6479453500001,0.0,2.0,0.0,0.0,0.0,0.0,0.0,2.0,0.1606490444329948,4.0,8.05,4.47673769468055,5.437747824244014,4.611674498718233,2.42,2.0,1.1,5.0,8.1,0.0,,,4.89,5.25,0.0,5.25,5.24,5.5,3332.57531,239909.35766000004,6075849.51034,0.13058,17134.716350000002,64883.53003,6401109.82027,339416.80194000003,694591.1108,3272809.28009,284396.92255,39.076730000000005,1727838.2512000003,17.55945,2709.77248,40451.55218,707.90932,0.0,38131.58353,6401109.820269999,13439.29615,332222.53789,328980.56599000003,91732.29604,147265.35346,112.02329,11514.35441,239666.68831,80709.69112,841047.0261,3093.46844,41479.07821,30134.489100000003,1856.04239,2163252.9109,56313.98421,2219566.89511,0.0,3332.57531,3332.57531,146520.42805000002,93388.92961,239909.35766000004,225783.07796,131672.16404,2163252.9109,3555141.35744,6075849.51034,6319091.44331,82018.37696,6401109.82027,2556519.8088899995,3010343.1106899995,3024414.0758799994,0.0,12920.69254,628375.9898099999,2166355.45606,29594.6709,537822.19552,1598938.58964,0.0,34181.12763,168509.84465,14070.96519,102236.05722,351305.92345,32.84713,248.474,2556519.8088900005,1087226.27412,3313887.0636600005,3148443.2487500007,63207.75769,102236.05722,4401113.337780001,1742357.4716700003,708771.81822,216440.0,207220.0,0.0,421398.65739,212370.0,-348656.83917000005,0.0,-3386.9819300000004,705384.83629,0.0,0.0,-1866.94403,-414742.58966000006,1544119.0725999998,-90536.90352999924,111.6,,,,,,,,,,,,,,,,,,,,,,,,,,,,,,,,,,,,,,,,,,,,,,,,,,,,,,,,,,,
2024-01-01,,,,,,,,,,,,,,,,,75.0,90352.0,37786.0,89776.0,71.0,128138.0,12592.0,6026.0,21319.0,22077.0,4212.0,1435.0,6032.0,73693.0,338713.231,85006.10399999999,40356.844,44649.26,-253707.127,13443.202,3943.494,779.194,10113.361,55.73,8872.519,2719.5,5683.566,1170.44,1309.063,1681.1,2841.342,44.206,1469.075,1211.485,103.508,596.059,27701.863,7133.167,3932.603,757.558,0.0,55.73,8532.169,2516.111,5635.207,933.14,890.344,1063.619,1810.868,33.672000000000004,839.378,1090.848,93.828,491.88,23931.064,0.0,1.335,6421.599,0.0,1965.461,6846.06,4576.961,26.42,19.007,135.685,4893.474,15470.842,232.634,421.069,0.0,194.802,3913.1,2610.9,7794.619000000001,303.718,125194.609,6400.078,0.0,8308.326000000001,8332.992,2276.545,78890.939,3.56,104.984,1345.822,782.715,0.0,78.191,59.807,779.689,35.427,92690.671,71732.173,18568.656,90300.829,13179.558,12474.959,25654.517,13840.424,129795.77,80650.966,6538.976000000001,16646.318,12501.885,2879.722,10440.241,23838.461,153496.569,50065.839,3669.984,53735.823,1685.069,338713.231,6310.035,10.891,21.636,10113.361,0.0,340.35,203.389,48.359,237.3,418.719,617.481,1030.474,10.534,629.697,120.637,9.68,104.179,3770.799,676.021,4894.636,5570.657,0.0,14.16,14.16,4241.617,9826.434,33398.329,6.18,21.56,198.215,41.042,4.585,264.272,33934.18299999999,555.9,332.743,888.643,0.0,44649.26,2772082.0,1102382.0,94917140.0,1165843.0,1.3423,1.0898904761904762,1.2701238095238094,4804.4914285714285,37763.954761904766,15081.388095238097,4.0,0.0,57.239917,3.345053,80.12409090909091,80.0,16.0,3.0,11.0,25.0,34.0,71.0,43.0,3.0,44.0,38.0,,,66.0,,51.0,26.0,42.0,49.0,61.0,15.0,11.0,11.0,12.0,22.0,56.0,28.0,4.0,,92.0,35.15384615384615,,,,,,,,,,,,,,,,,,,,,,,,,,,,,,,,,,,,,,,,,,,,,,,,,,0.0,2.0,0.0,0.0,0.0,0.0,0.0,2.0,0.1617545776613811,4.0,8.05,4.466532047257422,5.427695397736383,4.632520516722901,2.72,2.0,1.1,5.0,8.39,0.0,,,4.94,5.25,0.0,5.25,5.22,5.5,628.249,239141.20954,6067729.757813999,0.1808,17046.09677,56373.05336,6380918.547284,309626.60034400003,701437.94568,3266690.57841,280099.10379,19.5963,1749625.391830001,19.046000000000003,2628.83474,40282.01754,743.30736,0.0,29746.12529,6380918.5472840015,13650.80057,345751.22857,330998.12866000005,88524.22329000001,144021.388274,26.86321,12528.78013,238139.79398,79240.38243000001,843058.8803099999,3039.22009,41802.53818,30566.60588,1851.80833,2173200.641904,48033.927570000014,2221234.569474,0.0,628.249,628.249,146519.80333000002,92621.40621,239141.20954,209446.17527,129595.10807,2173200.641904,3555487.83257,6067729.757813999,6307499.216353999,73419.33093,6380918.547284,2557159.77337,3013890.00149,3028738.59858,0.0,25996.09481,588289.21372,2197992.08446,29602.2543,538034.4600800001,1630355.37008,762.75684,33870.64693,166979.20473,14848.59709,102204.43035999998,354276.83518,0.0,248.96258,2557159.77337,1043046.31197,3320939.0610599997,3147351.1843499998,71383.44635,102204.43035999998,4363985.373029999,1704621.1693,677444.8172200001,210410.0,207220.0,0.0,421398.65739,212370.0,-373953.84017,0.0,-2955.889370000001,674488.9278500001,0.0,0.0,-2335.4744400000004,-418243.24984,1519902.8739399998,-69191.90821000004,111.4,,14.906855623513145,12.87239829361201,21.183087442789557,13.806231490946065,16.234178550238298,10.044782454423391,15.238250575527676,10.694732800165461,18.73114088340401,15.525393140448578,15.181411935070676,19.446270841780855,15.175957081207502,18.09316223013382,17.38725713464517,15.363,12.565946003919187,13.070537800712929,9.218586549749993,13.229918440984466,9.093556168206346,18.58197296959257,13.04474515974064,11.708142527907352,16.18272843854318,12.354087771362947,16.150627767086394,14.394611449192556,2727.954579102906,2355.6488877309976,21.183087442789557,607.4741856016268,129.87342840190638,80.35825963538713,944.7715356827159,74.86312960115824,18.73114088340401,15.525393140448578,60.7256477402827,58.33881252534256,379.3989270301875,162.83846007120437,173.87257134645176,15.363,552.9016241724443,104.56430240570343,73.74869239799995,820.2549433410368,63.654893177444436,18.58197296959257,13.04474515974064,46.83257011162941,48.54818531562954,308.8521942840737,145.35564990377756,143.94611449192556,6.053587503782119,12597.51559537059
2024-02-01,,,,,,,,,,,,,,,,,73.0,91207.0,37203.0,91207.0,73.0,128410.0,11773.0,6132.0,26389.0,22609.0,3480.0,1148.0,2479.0,74010.0,344177.95200000005,81393.16900000001,38534.918000000005,42858.251,-262784.78300000005,11550.966,3165.688,1142.05,8760.392,0.0,3184.407,3980.83,3948.607,851.692,1518.159,1548.605,4135.908,9.141,1784.53,1001.068,292.847,966.154,23221.948,7306.545,3090.777,1030.027,0.0,0.0,2995.889,3826.341,3923.733,623.331,1020.662,873.439,2988.7870000000003,3.5660000000000003,1331.313,487.051,288.887,529.912,18892.911,34.17,1.291,7924.778,0.0,1023.771,7537.638,6204.246,4.59,47.106,54.58,8396.511,7306.237,90.109,196.916,0.0,194.722,1680.897,2972.7670000000003,1377.012,793.814,126026.083,5551.092000000001,0.0,6160.655,7658.258,1887.787,95915.86,274.38800000000003,262.812,920.849,636.602,0.0,476.528,20.604,342.46,25.37,108421.51800000004,63824.191,22382.759,86206.95,13440.347,9875.928,23316.275,15469.18,124992.405,97914.41,5336.898,16749.921000000002,13693.558,3553.101,6573.265,17040.73,160861.88300000003,48196.52,8949.719000000001,57146.239,1177.425,344177.95200000005,4244.421,74.911,112.023,8760.392,0.0,188.518,154.489,24.874,228.361,497.497,675.166,1147.121,5.575,453.217,514.017,3.96,436.242,4329.037,1158.192,5548.397,6706.589,35.39,9.839,45.229,2857.232,9609.05,32003.964,1.141,10.711,72.269,50.579,145.18200000000002,413.829,32697.675000000003,254.046,297.48,551.5260000000001,0.0,42858.251,2933484.0,1508613.0,128539201.0,67929185.0,1.35,1.0793,1.262965,5011.961499999999,38720.518,15808.935000000001,6.0,0.0,59.150655,2.952083,83.47809523809524,76.0,15.0,4.0,15.0,28.0,33.0,71.0,41.0,3.0,38.0,44.0,,,68.0,,42.0,24.0,36.0,39.0,50.0,15.0,12.0,14.0,12.0,18.0,44.0,23.0,4.0,,70.0,32.26923076923077,,,,,,,,,,,,,,,,,,,,,,,,,,,,,,,,,,,,,,,,,,,,,,,,,,0.0,2.0,0.0,0.0,0.0,0.0,0.0,2.0,0.1630654809749195,4.0,8.05,4.445320994458066,5.413235416422224,4.614641347266407,2.51,2.0,1.1,5.0,8.35,0.0,,,4.96,5.25,0.0,5.25,5.24,5.5,1900.15742,238434.60531,6054330.33463,0.2561299999999999,13389.70693,50915.34669,6358970.407109999,293882.86442,702353.59127,3268639.02533,281728.83929,16.52871,1748044.24834,20.35521,2535.10386,36648.33954,846.1302400000029,0.0,24255.3809,6358970.40711,12906.74892,344599.10545,319627.83296,86653.38143000001,141434.90066999997,22.67118,13027.50059,236217.186,79220.33793000001,849816.8580700001,2873.6514500000003,40243.74063,30346.866670000003,1792.65844,2158783.44039,42922.56132,2201706.0017099995,0.0,1900.15742,1900.15742,146520.60416,91914.00115,238434.60531,204748.17323,128136.46836,2158783.44039,3562662.25265,6054330.33463,6294665.09736,64305.30975,6358970.40711,2711025.31683,3168402.54992,3181831.23089,0.0,35840.65832,674547.96811,2272444.9935799995,29602.2543,552889.00328,1689953.7359999998,762.75684,34181.12763,150625.04544,13428.680970000005,102179.97721,354276.83518,671.45812,248.96258,2711025.3168300004,1029532.73097,3272357.5722900005,3090265.3524200004,79912.24266,102179.97721,4301890.30326,1488685.00922,441743.3408300001,126930.0,207220.0,0.0,421398.65739,212370.0,-526175.31656,0.0,-3021.91863,438721.42220000015,0.0,0.0,-588.6282000000001,-418243.24984,1522431.5135,-53636.0484400003,112.5,,14.646062830662897,12.91413825654501,20.387880294546324,13.720359342298192,16.367815326135798,10.342721639984314,14.80635748150777,10.498099636709954,19.18323140383921,15.394882280336917,15.628868869319893,19.82930869245935,14.552204569216848,17.8694692639356,16.976879677155583,14.293103448275861,12.547934725379655,12.995378772796899,9.245823956508609,13.420429283595965,9.309722121412149,17.26718545432945,12.745598441111007,11.890050917816039,15.39823857874837,12.42440803934098,16.146857789591284,14.20211529226816,2680.2294980113106,2363.287300947737,20.387880294546324,603.6958110611205,130.94252260908638,82.74177311987451,917.9941638534818,73.48669745696967,19.18323140383921,15.394882280336917,62.51547547727957,59.487926077378056,363.8051142304212,160.8252233754204,169.76879677155583,14.293103448275861,552.1091279167048,103.96303018237519,73.96659165206887,832.0666155829498,65.16805484988504,17.26718545432945,12.745598441111007,47.560203671264155,46.194715736245115,310.61020098352446,145.32172010632158,142.0211529226816,6.310331737700268,13131.800346154258
2024-03-01,3476.8284847021087,1153.1932386391816,401.1667306589096,157.08890902664763,80.14433424062805,59.2886666359085,341.0554626241293,196.43087034257036,13.158232704416882,,2891.748411252318,1.5966555322887648,327.763880939023,585.0800734497906,,745.9415033584053,84.0,101970.0,37703.0,100189.0,82.0,139673.0,12157.0,7088.0,30833.0,25104.0,3488.0,788.0,1667.0,81125.0,359765.949,100314.548,46233.308000000005,54081.240000000005,-259451.401,14454.727,4512.81,1674.908,11740.173,111.144,4398.5,2670.135,7565.149,975.638,1728.154,2006.317,3702.365,141.367,1718.255,1154.602,1377.722,455.547,27893.751,7875.462,4387.344,1420.867,0.0,111.144,4140.148,2622.532,7491.361,775.389,1431.847,1073.209,2391.966,135.282,827.578,592.2090000000001,1377.722,253.107,23112.35,0.0,0.0,11509.566,0.0,3393.154,7159.868,6545.095,5.713,70.049,93.304,11190.098,6266.461000000001,149.044,1040.514,0.0,439.698,1040.446,2173.668,1239.94,183.151,125788.68,5516.982,0.0,7270.619000000001,7676.386,1375.117,92963.093,38.306,46.853,798.232,658.913,134.0,235.315,3.461,853.996,3.323,104786.995,75669.55500000001,22575.772,98245.327,16488.685,12645.005,29133.69,17012.319,144391.336,97710.956,4986.109,13500.485,14491.316,4228.5650000000005,8097.273,18936.837,161951.541,46183.815,5629.564,51813.379,1609.693,359765.949,6579.265,125.466,254.041,11740.173,0.0,258.35200000000003,47.603,73.788,200.249,296.307,933.108,1310.399,6.085,890.677,562.393,0.0,202.44,4781.401000000001,430.174,5588.972,6019.146,84.52,1.281,85.801,4707.578,10812.525,41607.369,13.232,7.641,117.135,35.819,0.435,602.1510000000001,42383.78200000001,376.893,508.04,884.933,0.0,54081.240000000005,3776733.0,2041284.0,43736302.0,1728332.0,1.3536,1.0870190476190476,1.2712761904761904,5170.5725,39105.520000000004,16216.295500000002,4.0,0.0,85.334172,4.320091,85.4085,82.0,19.0,,,25.0,32.0,66.0,45.0,6.0,48.0,43.0,20.0,,76.0,34.0,40.0,22.0,31.0,36.0,44.0,13.0,8.0,12.0,12.0,16.0,40.0,27.0,3.0,3.0,60.0,31.962962962962962,,20.97183669879728,20.372536158406167,11.131361548490563,13.199401429507835,4.795726689545454,66.23381708465827,42.52433446591424,1.4108232639059608,11.414119723743129,62.802158642751984,74.72845316743611,32.0881688216335,35.18742392562711,27.606340056744244,255.835995639,992.88507429,471.71174413,-222.78085299899976,501.06791646000016,204.305867,-8.5192683,44.641288040000006,0.96712199,39.985346230000005,3.68881982,44.641288040000006,-18.47498599899976,13.909625860000013,255.08006565,0.0948184300000002,0.0,32.957558029999994,133.46490193000014,36.20477422999994,0.0,471.71174413,0.0,49.851624989999934,0.0,61.46703887999998,74.50944090000002,0.0,6.88758238,501.06791646000016,308.3522293100002,1240.201801629,1017.42094863,1017.42094863,0.0,2.0,0.0,0.0,0.0,0.0,0.0,2.0,0.1640352810710214,4.0,8.05,4.440108815830563,5.39033351200669,4.610763218091373,2.54,2.0,1.1,5.0,8.03,0.0,,,4.99,5.25,0.0,5.25,5.24,5.5,40.34498000000001,238861.83869,6085349.43993015,0.0,14244.3361615,50343.6413323632,6388839.601094013,297331.99251016,711846.18739,3265316.31658,275386.04195000004,15.05718,1774356.02799,20.6786738632,2439.9865200000004,37431.82232,864.946660000002,0.0,23830.54332,6388839.601094022,12916.4588,353789.306984575,320983.51988829,71250.34281999999,147280.88269107,21.53728,13717.74325,235684.5034841,81750.89487999999,867464.058333555,2917.80507,40497.214831425,30613.291875,1721.9728300000002,2180609.533018015,42481.1903664612,2223090.7233844763,0.0,40.34498000000001,40.34498000000001,146519.70709,92342.1316,238861.83869,205494.14686,128155.04987,2180609.53301801,3571090.71018214,6085349.43993015,6324251.6236001495,64587.9774938632,6388839.601094013,2803459.97258,3260880.62882,3273783.59906,0.0,21531.33627,671785.9013900001,2381994.46125,108543.8735,575109.44717,1698341.1405799997,762.75684,34181.12763,150625.04544,12902.970240000002,102858.35251,354276.83518,36.505970000000005,248.96258,2803459.97258,1046449.93097,3324837.51109,3133949.37785,88029.78073000001,102858.35251,4371287.442059999,1464969.1169699996,442943.8616200001,155200.0,207220.0,0.0,421398.65739,212370.0,-553244.79577,0.0,-1783.3118900000002,441160.5497300001,0.0,0.0,-1381.8642,-418243.24984,1514552.18982,-71118.50854000045,112.1,-5.6,14.793311117178344,13.005653180262636,20.48697807396463,13.68165218208431,15.501735046871204,9.953532489160851,15.02091705619744,10.63198873184948,18.314592383184205,15.433579454449266,14.811303455656327,20.5374603531609,14.962002756202175,18.73527103142924,17.806006655485962,16.521651512329743,12.54751313362251,13.091955873315374,9.255904687849453,13.498004089334023,8.894040531443931,17.728476765627196,13.121869459139685,11.879073351245463,15.544588777968904,12.621057315056614,16.651254061230556,14.311675545706054,2707.1759344436373,2380.034531988062,20.48697807396463,601.9926960117095,124.01388037496963,79.62825991328681,931.2968574842413,74.42392112294637,18.314592383184205,15.433579454449266,59.24521382262531,61.6123810594827,374.0500689050544,168.61743928286316,178.06006655485965,16.521651512329743,552.0905778793905,104.735646986523,74.04723750279562,836.8762535387094,62.25828372010752,17.728476765627196,13.121869459139685,47.51629340498185,46.63376633390672,315.52643287641536,149.861286551075,143.11675545706052,6.307120506326038,13125.117773664486
2024-04-01,,,,,,,,,,,,,,,,,29.0,38114.0,11037.0,49151.0,29.0,49151.0,3131.0,5593.0,25476.0,15892.0,2206.0,510.0,1363.0,54171.0,393294.669,69641.17499999999,32271.222,37369.953,-323653.494,10828.481,2568.8450000000003,979.162,0.0,0.599,3022.967,3057.808,5573.3730000000005,576.6320000000001,1124.114,2219.804,3472.192,320.213,1835.146,628.139,71.674,472.729,22374.791,5934.173,2489.744,833.998,0.0,0.0,2974.5,2922.931,5437.883,483.152,754.48,1188.897,2181.284,286.955,1060.856,405.412,61.8,210.372,17968.522,151.612,2.443,5377.74,0.0,3479.307,5654.366,5232.0740000000005,134.456,34.896,10.313,7008.572,5185.443,141.776,93.086,0.0,252.751,2451.348,1244.451,797.999,204.032,135165.702,7258.112,4.4750000000000005,12121.004,4526.243,1890.353,104324.821,134.475,103.249,1056.377,512.456,0.0,3.071,15.624,1192.49,8.314,113767.473,80502.811,22265.439,102768.25,15683.847,17919.427,33603.274,17118.249,153489.77300000002,111332.324,6945.737,18964.886,11910.119,2709.446,5684.442,22303.723,179850.677,54520.158,4288.515,58808.673,1145.546,393294.669,4894.308,79.101,145.16400000000002,0.0,0.599,48.467,134.877,135.49,93.48,369.634,1030.907,1290.908,33.258,774.29,222.727,9.874,262.357,4406.268999999999,1095.394,4554.492,5649.886,0.0,0.992,0.992,3512.018,9162.896,26676.666,59.729,9.497,311.062,32.591,6.357,486.797,27582.699,322.50100000000003,301.857,624.3580000000001,0.0,37369.953,5280029.0,2041839.0,23842759.0,2852788.0,1.3674,1.0723909090909092,1.2517136363636363,5112.492727272727,38401.21727272728,15950.863636363636,5.0,0.0,93.534623,4.018097,89.93809523809524,63.0,11.0,3.0,21.0,21.0,28.0,57.0,46.0,10.0,40.0,36.0,22.0,,66.0,,36.0,18.0,30.0,32.0,30.0,8.0,9.0,15.0,9.0,15.0,38.0,19.0,4.0,,55.0,27.48148148148148,,,,,,,,,,,,,,,,,,,,,,,,,,,,,,,,,,,,,,,,,,,,,,,,,,0.0,2.0,0.0,0.0,0.0,0.0,0.0,2.0,0.16,4.0,8.05,4.427732498811437,5.351173725366551,4.518927644711934,2.54,2.0,1.1,5.0,8.37,0.0,,,4.91,5.25,0.0,5.25,5.24,5.5,41.84738,237644.03641,6047333.90732,0.0,14623.00319,48687.21526,6348330.00956,259066.20885,718063.8909,3262662.38208,273979.17905,13.57932,1771234.550910001,22.25455,2345.72698,37796.89872,917.71572,0.0,22227.62248,6348330.00956,13132.1605,349579.77527999994,324736.76075,71641.13090999999,157516.03759,16.11015,13992.36637,232388.27299,80362.48106,864838.2908300001,2767.62003,40441.69691,32513.956100000003,1646.29736,2185572.95683,41084.34606000001,2226657.30289,0.0,41.84738,41.84738,146520.55071,91123.4857,237644.03641,167804.07014,125872.32081,2185572.95683,3568084.55954,6047333.90732,6285019.791110001,63310.21845,6348330.00956,2762476.69217,3224079.66287,3242150.3293,0.0,14705.56108,654090.6541800002,2369737.43953,108540.6524,571206.26297,1689990.5241599998,762.75684,34181.12763,150602.12361,18070.666430000005,103042.09494999998,346509.76738,11801.16811,249.94026,2762476.6921700006,1029314.57447,3498849.1433300003,3299587.965950001,96219.08243,103042.09494999998,4528163.717800001,1662644.9306799995,620189.1656800001,192284.0,207220.0,0.0,421398.65739,212370.0,-413083.49171,0.0,-958.0069700000006,619231.1587100001,0.0,0.0,-2891.7716400000004,-418243.24984,1507826.88208,-43278.08863000036,112.1,,15.179653305184523,13.358203100093366,20.475511501442874,13.930165702660318,17.156430565993972,9.932336519933266,15.632869639468202,9.813350028466553,18.686493853557945,14.974598041843354,14.720656925073113,19.499078884144296,15.486125594184909,19.238873190622396,17.84882930782077,16.245172413793103,13.013970176676242,13.677256352284447,9.315937789928151,13.895056454342477,9.199069935380404,18.02350285697314,12.745598441111007,11.8897543526532,15.877599516206864,12.928142668631402,16.502854772239225,14.816858735168545,2777.8765548487677,2444.551167317086,20.475511501442874,612.9272909170539,137.25144452795178,79.45869215946612,969.2379176470287,68.69345019926587,18.686493853557945,14.974598041843354,58.88262770029245,58.497236652432896,387.1531398546227,173.14985871560154,178.48829307820768,16.245172413793103,572.6146877737547,109.41805081827557,74.52750231942521,861.4935001692335,64.39348954766282,18.02350285697314,12.745598441111007,47.5590174106128,47.63279854862059,323.2035667157851,148.525692950153,148.16858735168543,6.514907932228003,13557.523406966473
2024-05-01,,,,,,,,,,,,,,,,,12.0,12386.0,459.0,12845.0,12.0,12845.0,2045.0,5728.0,24395.0,13047.0,1906.0,420.0,2141.0,49682.0,368772.991,103072.31,47550.65700000001,55521.653000000006,-265700.68100000004,38206.696,3930.006,918.612,0.0,0.0,9899.833,3110.824,5519.201,1056.189,1456.637,3599.301,4428.201,41.176,2449.813,1444.464,658.756,641.948,34306.34299999999,10147.869,3905.579,686.585,0.0,0.0,9163.37,2879.169,5420.045,965.709,1009.634,2319.918,1907.375,0.0,1254.256,1172.94,652.332,410.247,27154.995000000003,257.482,0.0,7520.508,0.0,1732.402,7283.415,5984.119,68.327,10.516,0.0,9757.181,14936.707000000002,187.212,448.608,0.0,328.103,4049.101,3171.518,6612.735000000001,139.43,150753.02300000002,8753.317000000001,0.741,10770.253,5913.899,1451.472,63782.576,195.159,143.861,907.238,892.222,1.505,73.093,75.33800000000001,173.948,15.6,73625.91100000001,82592.516,27382.676,109975.192,15160.636,13019.624,28180.26,17062.159,155217.61100000003,66157.31,5106.738,16933.961,16274.568,3956.641,9831.171,20740.699,139001.088,67028.85,5757.743,72786.59300000001,1767.699,368772.991,28058.827,24.427,232.027,0.0,0.0,736.463,231.655,99.156,90.48,447.003,1279.383,2520.826,41.176,1195.557,271.524,6.424,231.701,7151.348000000001,1399.071,5228.155,6627.226,0.0,104.443,104.443,3914.811,10646.48,18869.49,85.183,20.379,236.324,4657.888,48.566,4160.347,28078.177000000003,15172.742,1624.254,16796.996,0.0,55521.653000000006,5430172.0,2330627.0,25489228.0,6080528.0,1.3667,1.0810136363636362,1.2635545454545456,5235.225454545455,39129.39045454545,16536.317272727272,7.0,0.0,53.513854,3.459427,81.74619047619048,62.0,8.0,,13.0,24.0,28.0,64.0,52.0,9.0,60.0,37.0,22.0,,67.0,,33.0,15.0,28.0,30.0,29.0,9.0,8.0,12.0,10.0,14.0,33.0,17.0,,,47.0,29.24,,,,,,,,,,,,,,,,,,,,,,,,,,,,,,,,,,,,,,,,,,,,,,,,,,0.0,2.0,0.0,0.0,0.0,0.0,0.0,2.0,0.165134562330659,4.0,8.05,4.416213916103979,5.339867891553944,4.509927698163131,2.42,2.0,1.1,5.0,8.25,0.0,,,4.81,5.25,0.0,5.25,5.25,5.5,49.51947,236598.90568,6204446.12032739,0.0,14292.0379725,43003.758120156,6498390.341570045,336903.25614738493,772234.3462100001,3266339.49195,281848.49860999995,12.0953,1783756.85726,23.281542656,2250.24122,37490.320380000005,909.677859999998,0.0,16622.27509,6498390.341570041,14500.110658500002,355291.318523575,332416.822512265,70283.61290729999,156497.295829585,14.00189,14020.02371,232191.43665825,79899.50814,919084.84210015,2774.66825,47673.395146245006,32199.98415,8341.97212,2265188.99259587,35848.856405256,2301037.849001126,0.0,49.51947,49.51947,146519.45987,90079.44581,236598.90568,239083.75995,128446.6615,2265188.99259587,3571726.70628152,6204446.12032739,6441094.545477389,57295.796092656,6498390.341570046,2668006.27855,3117587.00294,3131654.05227,0.0,17784.040090000002,552450.62354,2380190.37304,108540.6524,579084.35398,1692565.3666599998,762.75684,34181.12763,132218.0818,14067.049329999998,103048.36423,346509.76738,0.0,22.59278,2668006.278550001,1021337.12447,3558211.7704000003,3351144.2312000003,104019.17497,103048.36423,4579548.89487,1808494.2520899992,780756.8974300001,203274.0,207220.0,0.0,421398.65739,212370.0,-263505.75996,0.0,-440.78747000000016,780316.1099600001,0.0,0.0,-3469.4148400000004,-418243.24984,1508878.9949499995,-58988.18814000058,112.1,,15.075708550248212,12.908439176535593,20.47339557730494,13.840916191338104,16.95265951882291,10.145598332706584,15.154850028390072,11.096168622464418,17.77550100785001,15.093269056761514,14.557247340089004,19.260134562680232,15.52152750301974,19.37970969145118,18.39872738580074,15.899310344827585,12.459149186980145,13.516647745033488,8.776441218045965,13.109162582655417,10.819125092435685,15.620785508084245,12.745598441111007,12.043488875727917,15.459769666985922,12.543265981126423,16.40029082937418,14.719191181214523,2758.854664695423,2362.2443693060136,20.47339557730494,609.0003124188767,135.62127615058327,81.16478666165267,939.6007017601844,77.67318035725093,17.77550100785001,15.093269056761514,58.22898936035602,57.7804036880407,388.03818757549345,174.41738722306062,183.98727385800743,15.899310344827585,548.2025642271263,108.1331819602679,70.21152974436772,812.7680801246358,75.73387564704979,15.620785508084245,12.745598441111007,48.17395550291167,46.37930900095777,313.58164952816054,147.6026174643676,147.19191181214524,6.640879820867999,13819.670907226307
2024-06-01,3221.27281771681,1133.8094977245548,332.64697177568667,183.77254980257248,84.14295995185205,56.10048414037856,308.18860110713706,191.84559471003877,16.194797664821472,,2763.1123232832324,9.75053274849193,200.4638828346684,458.1604944335776,,704.3569452566077,8.0,7357.0,157.0,7514.0,8.0,7514.0,2659.0,7172.0,24412.0,11038.0,1893.0,446.0,1696.0,49316.0,333833.343,60509.918,36034.138,24475.78,-273323.425,11031.39,2480.545,1770.28,0.678,109.698,3198.137,4484.527,3606.004,1014.671,2090.858,1892.849,1979.106,112.172,1981.789,947.333,1166.516,845.899,23319.861,5762.741,2466.142,1662.929,0.678,109.698,3073.399,4306.695,3440.485,817.946,1393.189,663.852,1544.482,102.221,1695.514,721.142,1154.624,561.482,19475.031,111.78,0.51,7854.347,0.0,2383.693,7455.754,3654.015,3.88,3.888,0.0,6898.113,7668.157999999999,319.482,552.96,0.0,342.466,1576.103,4532.513,94.634,250.0,133617.622,7336.001,40.408,7395.661,4341.4580000000005,1406.79,66046.24,5.139,83.288,976.5,978.818,0.0,120.164,4.26,1258.094,4.34,75225.091,63110.473,21383.38,84493.853,9985.462,11635.591,21621.053,14308.881,120423.787,84746.572,4814.476,17367.347,14503.552,2449.847,7586.015,20491.267,151959.07599999997,52594.177,7374.55,59968.727000000006,1481.753,333833.343,5268.649,14.403,107.351,0.0,0.0,124.738,177.832,165.519,196.725,697.669,1228.997,434.624,9.951,286.27500000000003,226.191,11.892,284.41700000000003,3844.83,522.976,4522.771,5045.746999999999,0.0,4.782,4.782,3157.3920000000003,8207.921,13982.208,2.462,64.169,235.506,14.254,293.172,722.3240000000001,15314.095,651.927,297.39300000000003,949.32,4.444,24475.78,4233060.0,1346930.0,30888781.0,1412722.0,1.3705,1.0763263157894736,1.2715631578947368,5415.140526315789,38903.73052631579,17495.89157894737,6.0,0.0,49.910136,4.453374,82.24600000000001,56.0,6.0,,,24.0,28.0,61.0,44.0,12.0,,58.0,23.0,,55.0,,42.0,15.0,26.0,33.0,29.0,9.0,8.0,14.0,9.0,15.0,35.0,21.0,,,55.0,29.47826086956522,,21.070045770867495,20.494841277165857,10.552306387298415,13.163467212746294,4.570847312302508,66.7338750267496,42.63100346785625,1.3972143374043768,10.9101695501327,64.04347720199969,76.043652191439,31.69751385297782,34.52269920815149,26.7442606313825,46.40005162999999,718.5061921600001,584.48948543,349.52630252999984,468.11883134,167.1,4.333017539999999,66.15724709000001,0.0,65.77600496000001,0.3812421299999999,66.15724709000001,516.6263025299999,13.7658838,291.3455460899999,0.00445978,0.0,17.994653269999997,144.8444211400001,116.53452135,0.0,584.48948543,0.0,58.67656828,0.0,64.42618872,67.07659891,0.0,4.037979569999999,468.11883134,273.90149586,769.2392613300001,1118.76556386,1118.76556386,0.0,2.0,0.0,0.0,0.0,0.0,0.0,2.0,0.1661167507627971,4.0,8.05,4.410398466585944,5.346260172790587,4.523793082662096,2.37,2.0,1.1,5.0,8.23,0.0,,,4.64,5.0,0.0,5.25,5.24,5.5,49.74486,236336.46837,6210333.2990893405,0.0,14226.4010805,42296.4855928444,6503242.398992685,348068.596499335,777021.62065,3263208.98458,283466.47186,10.60551,1774943.2332199998,24.2646733444,2250.27386,37411.90642,817.9734,0.0,16018.46832,6503242.398992679,14420.751,352969.85741116,340569.938993495,69763.16292,155670.91272761,15.01505,15066.47637525,231421.00332825,79250.63667,912388.7608473,2664.10503,42436.568981245,32985.8104,8344.626839999999,2257967.6265743105,35417.5113643444,2293385.137938655,0.0,49.74486,49.74486,146519.71164,89816.75673000001,236336.46837,251390.37622,124640.79784,2257967.62657431,3576334.49845503,6210333.2990893405,6446719.51231934,56522.8866733444,6503242.398992685,2821074.35172,3254906.53592,3266945.73716,0.0,23329.8737,705930.89531,2358483.80064,78937.3872,578070.7946,1701475.61884,762.75684,34181.12763,132218.0818,12039.20124,102548.22044,330981.62772000005,278.17964,24.1564,2821074.3517200006,1008193.85247,3450919.47372,3238021.72337,110349.52991,102548.22044,4459113.32619,1535490.754029999,552560.51583,63600.0,207220.0,0.0,421398.65739,212370.0,-352028.14156,0.0,-226.90532000000024,552333.61051,0.0,0.0,-2453.25064,-418243.24984,1498802.3147099998,-94948.670710001,112.7,,15.253543062755645,12.686304140182362,19.72009791791432,14.282948741564185,16.726150939956486,10.95585957007318,15.696538103508361,9.216448966051253,24.204263604990622,16.43907747853903,14.276728984488837,19.39818688943165,15.395129808411813,18.33507144231667,17.823324279650464,15.109629629629628,12.467350466996818,13.102627265365193,8.430983124038052,13.048435785488513,8.585743907095825,16.146073208024635,12.745598441111007,11.71372514648143,14.860384665555522,12.080066750492167,16.124412822304503,14.90993879159256,2791.3983804842833,2321.5936576533722,19.72009791791432,628.4497446288241,133.8092075196519,87.64687656058544,973.1853624175185,64.51514276235876,24.204263604990622,16.43907747853903,57.10691593795535,58.19456066829495,384.87824521029535,165.01564298085006,178.23324279650464,15.109629629629628,548.5634205478599,104.82101812292154,67.44786499230442,809.0030187002878,60.10020734967078,16.146073208024635,12.745598441111007,46.85490058592572,44.581153996666565,302.0016687623042,145.11971540074052,149.0993879159256,6.31802394591817,13147.807831455711
2024-07-01,,,,,,,,,,,,,,,,,3.0,7004.0,9.0,7013.0,3.0,7013.0,2745.0,4657.0,20127.0,14588.0,3767.0,1075.0,2842.0,49801.0,365490.716,73772.45,49353.136,24419.314,-291718.266,13283.319,3497.002,1145.84,0.0,0.0,10872.113,4720.698,5050.411,822.546,1504.891,1714.599,3313.19,60.983,2257.745,1625.916,29.417,997.911,32970.42,9207.422,3479.939,1120.776,0.0,0.0,10441.631,4657.371,4511.021,623.885,780.208,1155.54,2245.496,52.08,1281.404,1352.189,18.725,936.672,28056.221999999994,77.184,1.02,6137.804,0.0,1969.035,6288.1050000000005,7374.21,6.019,10.326,0.0,7752.001,19737.432,94.325,440.761,0.0,321.778,7573.585,4166.394,6701.99,438.599,128385.442,9604.344,0.0,13013.317,3384.254,1616.159,76878.70300000001,236.98,104.126,949.663,2657.208,0.0,1.394,80.08,1069.406,1.719,86979.69200000001,73264.959,24884.081,98149.04,21964.815,15788.718,37753.533,20305.016,156207.589,77506.623,4950.4220000000005,17145.089,14950.656,3838.568,6102.004,23496.039,147989.401,54717.618,4986.3060000000005,59703.924,1589.802,365490.716,4075.897,17.063,25.064,0.0,0.0,430.482,63.327,539.39,198.661,724.683,559.059,1067.694,8.903,976.341,273.72700000000003,10.692,61.239,4914.197999999999,1190.347,5192.961,6383.308,208.809,7.331,216.14,1652.848,8252.296,14629.883,32.514,2.269,107.568,19.022,5.369,547.0840000000001,15343.709,512.264,311.045,823.309,0.0,24419.314,5162536.0,1642851.0,30107993.0,31090836.0,1.3714,1.084659090909091,1.2869727272727274,5538.004545454546,40086.031818181815,17963.29090909091,5.0,0.0,61.807005,4.161095,85.15304347826087,64.0,11.0,6.0,23.0,25.0,29.0,61.0,45.0,35.0,39.0,,22.0,,57.0,,36.0,18.0,25.0,32.0,30.0,8.0,10.0,27.0,10.0,15.0,34.0,18.0,4.0,,43.0,27.96153846153846,,,,,,,,,,,,,,,,,,,,,,,,,,,,,,,,,,,,,,,,,,,,,,,,,,0.0,2.0,0.0,0.0,0.0,0.0,0.0,2.0,0.17,4.0,8.05,4.427158315562268,5.352767348495864,4.507200576194818,2.32,2.0,1.1,5.0,8.13,0.0,,,4.39,4.75,0.0,5.25,5.2,5.5,1497.15233,238988.87188,6184305.94313133,0.0,20426.868011,41552.7828355152,6486771.618187846,317476.53302133,781074.93447,3290295.0313599994,286228.09887,9.1091,1749708.26052,25.3879965152,2153.99934,43623.09856,761.7515199999959,0.0,15415.41343,6486771.618187844,14049.70162,349781.835370205,334512.04311432,73862.98198000001,158340.814201015,9.84156,13704.33566,229292.17340682,77441.59839,919426.8259822,2628.3748100000003,42475.68688742,33492.1631002,8421.57134,2257439.947422179,34931.7077570052,2292371.655179184,0.0,1497.15233,1497.15233,146519.66253,92469.20935,238988.87188,218646.44194,122458.46663,2257439.9474221803,3585761.08713915,6184305.94313133,6424791.96734133,61979.6508465152,6486771.618187845,2923478.635659999,3357112.157429999,3371857.255519999,0.0,11798.69695,746758.87471,2431880.11693,78945.354,588135.2353099999,1764799.5276199998,762.75684,34181.12763,131730.58437,14745.09809,102626.17403,330981.62772000005,0.0,25.72002,2923478.6356600006,1111947.6001400002,3235756.01457,3022241.6764700003,110888.16407,102626.17403,4347703.61471,1321598.8050200008,363806.9902500001,0.0,207220.0,0.0,421398.65739,212370.0,-477181.66714,0.0,2831.809789999999,366638.80004000006,0.0,0.0,-2212.2968400000004,-418243.24984,1489884.17471,-114468.62304999924,112.4,,14.461446519980948,12.105888990725889,17.823987046769076,13.366616489253133,15.526219438150934,11.30700018936956,14.937278923232002,8.847664964285714,24.734599898187412,15.63286881032261,14.057613651349222,19.057027808352967,14.4700743818849,17.0937140374791,16.841460294865858,13.742222222222221,11.779008570112232,12.638060645609537,9.175958279205243,12.388354091133014,8.223888888888888,18.60148862907406,12.745598441111007,11.141210310015378,14.408903184074042,11.465850448422207,15.084863908847716,14.165308447203675,2646.444713156514,2215.3776853028376,17.823987046769076,588.1311255271379,124.20975550520747,90.45600151495648,926.1112932403843,61.933654749999995,24.734599898187412,15.63286881032261,56.230454605396886,57.171083425058896,361.7518595471225,153.84342633731188,168.4146029486586,13.742222222222221,518.2763770849383,101.1044851648763,73.40766623364195,768.0779536502469,57.56722222222223,18.60148862907406,12.745598441111007,44.56484124006151,43.22670955222212,286.64626121055517,135.76377517962948,141.65308447203674,5.744586782276385,11954.485093917157
2024-08-01,,,,,,,,,,,,,,,,,5.0,13083.0,24.0,13083.0,5.0,13107.0,2502.0,4791.0,21619.0,12286.0,2452.0,628.0,1815.0,46093.0,341303.005,60051.818,36884.411,23167.407,-281251.18700000003,7700.26,3376.784,757.463,0.0,0.33,2255.678,2876.952,6048.933,787.866,2086.449,2434.954,3575.423,242.45,1812.868,1207.75,667.325,1198.069,25194.717,4005.582,3353.84,673.133,0.0,0.33,1775.305,2763.931,5869.682,491.039,1580.941,1334.3,3049.365,161.548,767.458,1009.549,667.325,1022.446,20492.889,72.161,0.51,6162.41,0.0,2395.915,9762.133,4962.715,19.847,2.849,0.48,7278.346,6227.045000000001,145.467,265.133,0.0,718.53,620.255,2725.788,1576.688,175.184,131592.12900000002,6957.284000000001,0.2,10715.703,4506.627,1360.2,65103.218,204.546,90.091,1308.413,777.5210000000001,0.0,0.905,0.2,372.53,22.988,73747.23899999999,70185.032,23479.083,93664.115,17021.697,12763.054,29784.751,17973.148,141422.01400000002,66943.028,4979.925,15268.527,15755.425,3370.146,8749.497,25817.301,140883.84900000002,53597.837,4430.509,58028.346,968.796,341303.005,3694.678,22.944,84.33,0.0,0.0,480.373,113.021,179.251,296.827,505.508,1100.654,526.058,80.902,1045.41,198.201,0.0,175.623,4701.828,587.116,4925.934,5513.05,0.0,20.971,20.971,1624.373,7158.394,14127.839,27.706,8.946,132.878,39.972,127.096,456.063,14920.5,855.588,232.925,1088.513,0.0,23167.407,4108119.0,1101992.0,47759078.0,4337709.0,1.3655,1.1020181818181818,1.2945227272727273,5478.214545454545,40310.814545454545,17268.268636363635,7.0,0.0,55.46093,3.484154,80.3552380952381,72.0,11.0,,,26.0,37.0,70.0,45.0,35.0,20.0,55.0,,,72.0,,35.0,16.0,27.0,33.0,31.0,8.0,16.0,43.0,10.0,16.0,38.0,18.0,,,50.0,34.08695652173913,,,,,,,,,,,,,,,,,,,,,,,,,,,,,,,,,,,,,,,,,,,,,,,,,,0.0,2.0,0.0,0.0,0.0,0.0,0.0,2.0,0.1670150636181723,4.0,8.05,4.416168115388275,5.340353719626971,4.486451847427858,2.27,2.0,1.1,5.0,8.03,0.0,,,4.19,4.75,0.0,5.0,5.05,5.5,49.07507,230022.95994,6228521.402048809,0.0,20334.5450815,40757.1874466608,6519685.16958697,307106.839138815,805621.7100500001,3314994.7195700007,286986.84014000004,7.60645,1743875.7217100002,26.0923881608,2061.62166,43500.96068,690.456480000001,0.0,14812.601319999998,6519685.169586976,14656.66912,362130.66920488,317845.416556505,72071.86761,167730.045212845,6.14029,13898.5404,229594.931807755,76618.40183,952021.8923894252,2586.54131,41874.928036165,33050.3700397,8270.81853,2292357.232337275,34421.0935990508,2326778.325936326,0.0,49.07507,49.07507,146519.53100999998,83503.42893000001,230022.95994,213665.35543,121246.32753,2292357.23233727,3601252.48675154,6228521.402048809,6458593.437058809,61091.7325281608,6519685.1695869705,2868706.50724,3306845.92472,3318834.57888,0.0,19463.39257,695048.6958299999,2444912.0760000004,78945.354,593663.1935,1772303.5285,762.75684,34181.12763,112477.87585,11988.65416,105696.21859,330981.62772000005,1434.28753,27.28364,2868706.50724,1018256.64234,3356022.89005,3132364.89267,117961.77879,105696.21859,4374279.53239,1399876.8065600006,481417.1087500001,126350.0,207220.0,0.0,421398.65739,202912.6,-476464.14864,0.0,-13122.97883,468294.1299200001,0.0,0.0,-1502.49967,-418243.24984,1489356.0402399998,-138027.6140899992,112.3,,15.606334530688105,13.35431378696534,18.23610571507656,14.801481742076943,16.672486391222883,11.600437902460794,16.21620965283686,10.19522875929665,25.72940197314108,15.8373812299926,14.50751079873571,21.15064611652545,15.340012533255482,18.02128393964753,17.4762289073162,16.488709677419354,13.157226332389211,13.781921933203362,9.599314358982964,13.865068621684586,9.101131790051204,16.95901855025084,12.891869459139684,11.974663711541165,16.061044541087174,12.704173169932599,16.157569501354015,14.908555606050143,2855.959219115923,2443.839423014657,18.23610571507656,651.2651966513855,133.37989112978306,92.80350321968635,1005.4049984758853,71.36660131507657,25.72940197314108,15.8373812299926,58.03004319494284,63.45193834957636,383.5003133313871,162.19155545682779,174.762289073162,16.488709677419354,578.9179586251253,110.2553754656269,76.79451487186371,859.6342545444443,63.707922530358424,16.95901855025084,12.891869459139684,47.89865484616466,48.183133623261526,317.604329248315,145.41812551218612,149.08555606050143,6.576975636829368,13686.686300241914
2024-09-01,3204.854895795508,1146.1652647542203,334.453303946579,179.22325484529364,83.12502374719774,49.01997497499495,313.4309783217812,182.4072992957128,14.864209231414588,,2774.9146602947308,0.0,198.5129612300693,429.94023550077696,,703.6526254482443,3.0,6562.0,8.0,6562.0,3.0,6570.0,1571.0,4138.0,13709.0,8727.0,1254.0,349.0,2034.0,31782.0,327354.16500000004,64309.108,42950.246,21358.862,-263045.05700000003,9879.579,3517.254,781.5790000000001,0.0,0.0,8693.645,4520.925,3437.141,1606.533,1750.147,2400.683,4278.7080000000005,12.734,1790.576,1208.045,57.81,504.791,30261.738000000005,6037.2480000000005,3499.471,624.44,0.0,0.0,8286.518,4476.116,3407.4210000000003,1157.937,1353.597,1366.106,3044.315,3.691,1245.853,855.451,57.81,247.661,25502.476,149.04,1.222,5311.225,0.0,1768.54,7883.975,6831.184,14.903,0.423,5.785,7340.074,13643.875,74.452,460.63,0.0,631.061,3343.212,3126.183,5382.969,625.368,129429.027,7714.997,40.382,10996.127,4160.5650000000005,1464.658,52256.834,270.109,77.086,1857.974,1949.041,200.06,241.349,746.362,1048.225,40.132,64312.395,69240.909,20016.231,89257.14,14396.26,16206.645,30602.905,18115.59,137975.635,49535.309,4563.973,19535.266,13733.7,3618.003,8062.142,21713.543,120761.936,61305.051,5051.643,66356.694,2259.9,327354.16500000004,3842.331,17.783,157.139,0.0,0.0,407.127,44.809,29.72,448.596,396.55,1034.577,1234.393,9.043,544.723,352.594,0.0,257.13,4759.262000000001,1493.638,4610.727,6104.365,0.0,15.362,15.362,1564.257,7683.984,11942.996,0.303,6.128,190.008,48.053,0.806,293.95300000000003,12482.247,455.529,736.402,1191.931,0.7000000000000001,21358.862,3131751.0,831878.0,37334389.0,10748370.0,1.3546,1.110425,1.321885,5621.2605,41490.883,17599.23,6.0,0.0,56.780236,4.976312,74.01666666666667,71.0,10.0,4.0,13.0,26.0,36.0,72.0,49.0,5.0,24.0,60.0,,,58.0,,31.0,20.0,26.0,28.0,29.0,7.0,7.0,8.0,9.0,15.0,33.0,18.0,,3.0,50.0,27.384615384615383,,21.245578734651023,20.644802204591024,10.750681713139976,13.1459743956753,4.45247254060028,67.12388622099881,40.45951299420379,1.3803566131398752,10.351864222740009,64.58821125878383,76.46541299869845,31.17886401220099,33.85120266162948,22.042416476196408,68.1166169,867.34375825,319.92763118000005,-147.59811205999983,429.18625981,212.2,7.29934114,46.04771324,0.0,45.7475869,0.30012634,46.04771324,64.60188794000015,14.2073527,109.090584,0.00551708,0.0,19.7497908,113.410064,63.4643226,0.0,319.92763118000005,0.0,58.9103872,0.0,67.9488467,38.69097,0.00030528,4.27908063,429.18625981,259.35667,942.75971629,795.1616042300001,795.1616042300001,0.0,2.0,0.0,0.0,0.0,0.0,0.0,2.0,0.16781338730794,4.0,8.05,4.401431477250692,5.349460403144206,4.532374308027279,2.16,2.0,1.1,5.0,7.41,0.0,,,4.02,4.5,0.0,5.0,4.72,5.3,2148.89503,240606.02649,6274665.82607708,0.0,19705.78343,31158.3887623656,6568284.919789447,326897.93935708003,820195.06243,3317446.0838099997,291031.14554000006,6.09776,1761844.4187,26.0905623656,1964.43474,42878.24846,920.63932,0.0,5074.75911,6568284.919789447,14605.08796,369354.16728313,321639.251024445,71884.41344,173068.42978782,3.83097,13378.41308525,229059.76180795,78251.67289,965109.1606938,2330.27913,42161.50622974,33784.82580059,8338.565349999999,2322969.365452725,25060.34943115561,2348029.714883881,0.0,2148.89503,2148.89503,146523.77448,94082.25201,240606.02649,219864.16673,105327.63985444,2322969.3654527203,3626504.65403992,6274665.82607708,6517420.747597081,50864.1721923656,6568284.919789447,2736025.2087600003,3174134.1609500004,3186427.0673700003,0.0,23968.31627,575538.1459,2427205.93846,79033.1945,594873.4773200001,1753299.26664,762.75684,34181.12763,112477.87585,12292.90642,105976.69103,330981.62772000005,1121.78618,28.84726,2736025.2087600003,1004091.78193,3421634.99356,3189419.91993,126238.3826,105976.69103,4425726.77549,1583724.8756999995,704342.8874,207710.0,207220.0,0.0,421398.65739,202912.6,-334898.36999000004,0.0,-11423.83139,692919.0560100001,0.0,0.0,-1148.92901,-418243.24984,1480105.90083,-169907.90229000043,112.3,-504.5,15.313354060375215,12.987157797421053,17.71721250298881,15.22075732320621,16.165700031054158,11.777232516705894,15.261094186153642,12.102456046262109,25.06519004468072,15.081164670997401,13.757795644601647,19.322688057606992,14.912809276002047,17.86807802762564,17.368623046157353,16.741785714285715,12.880598643093432,12.9670190930704,9.191558705873002,13.31906099255952,9.42137755102041,16.739113339245968,13.143612782499899,11.793345621289628,15.717837371468205,12.513531161333317,15.94222972570544,14.363373684428533,2802.3437930486643,2376.649876928053,17.71721250298881,669.7133222210731,129.32560024843326,94.21786013364715,946.1878395415258,84.71719232383477,25.06519004468072,15.081164670997401,55.031182578406586,57.968064172820974,372.8202319000511,160.81270224863076,173.68623046157353,16.741785714285715,566.7463402961109,103.7361527445632,73.53246964698401,825.7817815386901,65.94964285714285,16.739113339245968,13.143612782499899,47.17338248515851,47.15351211440462,312.8382790333329,143.48006753134896,143.63373684428532,6.544047553105251,13618.16295801203
2024-10-01,,,,,,,,,,,,,,,,,11.0,13775.0,220.0,13761.0,13.0,13995.0,1906.0,5032.0,19999.0,12657.0,1731.0,475.0,1756.0,43556.0,350331.74600000004,57906.81800000001,34080.164000000004,23826.654,-292424.928,10198.429,3981.555,953.791,0.0,0.0,2338.62,2670.026,4972.752,911.545,1958.627,1774.414,3212.158,66.612,1776.676,1988.048,304.021,425.316,22398.815,6749.148,3965.035,788.718,0.0,0.0,2191.747,2353.12,4398.82,815.232,1469.092,1202.694,2269.525,61.596,1042.393,1254.113,297.57,75.016,17430.917999999998,95.278,3.063,4826.959,0.0,1965.539,5548.501,5898.599,23.077,19.703,0.0,6529.859,9169.586,171.784,641.3870000000001,0.0,415.063,3192.077,3392.849,839.59,516.836,138975.739,5151.274,0.0,12160.528,4986.9130000000005,1452.062,65492.178,175.942,348.677,1386.117,771.924,0.0,18.803,5.134,1080.54,37.4,75755.68999999999,72161.783,24341.919,96503.702,19401.078,15846.801,35247.879,18532.643,150284.22400000002,62847.334,4785.919,21580.514,16069.923,4395.015,6203.448,23384.516,139266.669,55175.634,4064.669,59240.303,1540.55,350331.74600000004,3449.281,16.52,165.073,0.0,0.0,146.873,316.906,573.932,96.313,489.535,571.72,942.633,5.016,734.283,733.9350000000001,6.4510000000000005,350.3,4967.897000000001,710.927,4866.542,5577.469,0.0,0.578,0.578,2764.495,8342.542000000001,13253.428,489.424,104.069,100.577,62.908,136.028,773.9590000000001,14920.393,239.894,323.325,563.219,0.5,23826.654,5104333.0,2228402.0,40114126.0,3224023.0,1.3757,1.08945,1.3043272727272728,5792.319565217392,42494.19739130435,18316.11565217391,6.0,1.0,65.557734,5.725589,75.63260869565217,66.0,11.0,3.0,,23.0,35.0,65.0,36.0,,30.0,44.0,20.0,,67.0,,32.0,21.0,29.0,28.0,32.0,7.0,5.0,9.0,9.0,15.0,30.0,18.0,,3.0,55.0,27.72,,,,,,,,,,,,,,,,,,,,,,,,,,,,,,,,,,,,,,,,,,,,,,,,,,0.0,2.0,0.0,0.0,0.0,0.0,0.0,2.0,0.1680783112819789,4.0,8.05,4.396431517938897,5.314000992424792,4.4350764939554495,2.07,2.0,1.1,5.0,6.63,0.0,,,3.51,4.0,0.0,5.0,4.51,5.0,988.54506,240399.79263,6299677.162074991,0.0,19352.7825705,49475.5490200676,6609893.831355559,319904.98252499005,820997.51512,3343537.9197700005,292402.50047,4.58256,1764217.99932,26.1400105676,1866.36714,54823.20682000001,995.548299999999,0.0,11117.06932,6609893.831355557,13536.49979,367810.16697452497,324587.724419795,71758.491870045,199213.4240534,6.14681,13913.1026505,229610.23647795,77409.24919,951942.911395005,2386.58019,41629.95148421,34305.13198596,8277.50305,2336387.12034139,31199.823644267603,2367586.9439856573,0.0,988.54506,988.54506,146518.82422,93880.96841,240399.79263,213457.83271,103379.45539,2336387.12034139,3646452.7536336,6299677.162074991,6541065.499764991,68828.3315905676,6609893.831355559,2618776.80402,3049421.87796,3061703.86138,0.0,16438.54986,482783.77621,2402777.79157,79084.9445,594758.1566100001,1728934.6904599995,762.75684,34181.12763,112477.87585,12281.98342,106926.93538,323024.96472000005,662.76296,30.41088,2618776.80402,1022920.97343,3302933.73439,3058993.97834,137012.82067000002,106926.93538,4325854.70782,1600150.9684199991,693552.8573100001,196260.0,207220.0,0.0,421398.65739,202912.6,-334238.40008,0.0,-9699.91368,683852.9436300001,0.0,0.0,-953.08379,-418243.24984,1474178.88581,-138684.5273900006,112.4,,14.850428983468177,12.781479015099189,20.768584325280216,13.696753162569973,16.24546799441357,10.61330893211499,15.05274561736071,10.227757584534395,21.777425310569367,15.062795609814211,14.664492808413128,20.334800901471688,15.30615720872104,17.77712169619445,17.531741337375664,18.04340640132616,12.527730696929776,13.783691457759824,8.909612651792097,13.020516051979993,8.88569400203277,16.326334528422873,12.745598441111007,11.819260485734713,15.880958603393035,12.286245956194966,15.756263402576636,14.577444633279534,2717.6285039746763,2339.0106597631516,20.768584325280216,602.6571391530788,129.96374395530856,84.90647145691992,933.270228276364,71.59430309174076,21.777425310569367,15.062795609814211,58.65797123365251,61.00440270441507,382.653930218026,159.99409526575005,175.31741337375664,18.04340640132616,551.2201506649102,110.26953166207859,71.27690121433677,807.2719952227595,62.19985801422939,16.326334528422873,12.745598441111007,47.27704194293885,47.6428758101791,307.15614890487416,141.80637062318974,145.77444633279535,6.321458678306829,13154.955509556512
2024-11-01,,,,,,,,,,,,,,,,,61.0,69831.0,31793.0,101624.0,61.0,101624.0,7971.0,7301.0,23821.0,18957.0,2779.0,825.0,2345.0,63999.0,368851.643,75974.454,34939.633,41034.821,-292877.189,9779.051,2258.934,2975.324,0.0,0.066,2747.661,2957.163,4362.807,1224.384,3092.505,3490.4,4600.96,38.57,2126.905,1613.592,240.528,554.794,27050.269,5282.03,2202.592,2901.647,0.0,0.066,2260.779,2818.285,4325.729,891.165,2041.235,1752.842,3500.533,0.0,1341.304,1021.797,240.528,391.957,20586.154,121.9,2.5460000000000003,7148.921,0.0,3762.008,7143.914,3793.151,63.728,6.187,0.2,7213.394,5683.684,711.078,397.578,29.312,661.446,1225.684,2125.341,103.834,429.411,151165.198,9288.123,0.0,12152.899,4110.881,1412.078,65095.476,63.46,132.983,1114.684,793.332,0.0,20.15,117.505,1437.752,0.0,74298.30099999998,73591.457,22495.855,96087.312,15993.054,14839.901,30832.955,22532.496,149452.76299999998,73228.723,6131.386,19515.981,16376.437,5847.501,11520.187,23768.415,156388.63,57895.344000000005,3443.567,61338.91100000001,1671.339,368851.643,4497.021,56.342,73.677,0.0,0.0,486.882,138.878,37.078,333.219,1051.27,1737.558,1100.427,38.57,785.601,591.795,0.0,162.83700000000002,6464.115,1725.03,5533.148,7258.178,0.0,30.958,30.958,3232.436,10521.572,28241.216,8.903,41.718,316.696,21.625,0.039,363.995,28994.192,978.082,538.875,1516.957,2.1,41034.821,4614156.0,2198900.0,29392860.0,9068833.0,1.3973,1.0621315789473684,1.2738421052631579,5929.916,43716.927,18961.4,6.0,0.0,71.084568,3.509782,74.3452380952381,76.0,23.0,4.0,27.0,24.0,34.0,71.0,42.0,4.0,30.0,,,,79.0,,37.0,26.0,34.0,30.0,47.0,11.0,6.0,9.0,10.0,16.0,34.0,20.0,,,55.0,31.208333333333332,,,,,,,,,,,,,,,,,,,,,,,,,,,,,,,,,,,,,,,,,,,,,,,,,,0.0,2.0,0.0,0.0,0.0,0.0,0.0,2.0,0.1685980368003157,4.0,8.05,4.382538726584784,5.173712771091937,4.288532498074765,1.99,2.0,1.1,5.0,6.46,0.0,,,3.42,4.0,0.0,4.7976,4.42,4.81,1590.62697,843269.7595700001,6328178.54866958,0.0,18722.10341,63519.5313123588,7255280.569931939,308086.07136957493,845543.31902,3365139.60754,291974.49548999994,3.06106,2362292.38073,26.5512223588,1768.28862,68551.0531,961.525780000002,0.0,10934.216,7255280.569931933,13828.1364585,378578.22576435,311334.51370257995,70243.14647859501,200940.78347952,6.05935,13643.45038,226594.86756795,77166.12943,961498.58961948,2347.51907,41618.157129735,34683.823705865005,8197.73293,2340681.135066575,45659.4478655068,2386340.582932081,0.0,1590.62697,1590.62697,739235.0719600001,104034.68761,843269.7595700001,213490.97942,118965.28636,2340681.13506658,3655041.147823,6328178.54866958,7173038.93520958,82241.6347223588,7255280.569931938,2604941.67492,3035026.1177000003,3047487.27957,0.0,23215.5577,480562.86986,2403650.57133,79084.9445,595415.87303,1729149.7538,762.75684,34181.12763,92653.23434,12461.161870000002,106912.09152000002,323024.96472000005,115.41204,31.9745,2604941.67492,1041154.60893,3366642.42454,3113169.76932,146560.5637,106912.09152000002,4407797.03347,1695943.2670299995,788875.30266,214110.0,207220.0,0.0,421398.65739,193455.2,-247308.55473000003,0.0,-10814.72256,778060.5801,0.0,0.0,274.84848999999986,-418243.24984,1475406.76527,-139555.6769900005,112.3,,15.195615037121419,13.01554776900634,24.266026544898978,13.81937957360523,16.614583504194446,11.04462611752925,15.568178396253675,9.87669577437839,26.31336327888693,16.122094769393865,14.63492780064075,24.414523335479146,15.44958196378554,17.45685955390052,17.527119171049996,18.653846153846153,12.936526850855667,13.644189927441207,8.550424707708315,13.448231937396603,8.137808774078142,15.483706553119582,12.745598441111007,11.700076098664475,16.769343130071192,12.404249002931609,16.1015483582051,14.531445644209366,2780.79755179322,2381.84524172816,24.266026544898978,608.0527012386301,132.91666803355557,88.357008940234,965.2270605677279,69.13687042064873,26.31336327888693,16.122094769393865,58.539711202563,73.24357000643744,386.2395490946385,157.11173598510467,175.27119171049995,18.653846153846153,569.2071814376494,109.15351941952966,68.40339766166652,833.7903801185894,56.964661418547,15.483706553119582,12.745598441111007,46.8003043946579,50.308029390213584,310.1062250732902,144.91393522384595,145.31445644209367,6.099091543812866,12692.209502674576
2024-12-01,3473.549217530346,1141.384016961276,392.6245170963686,206.21496862069037,84.98991806893115,52.81651415927314,318.9816517671036,176.50211418448058,15.504338983480826,,2926.247318800054,0.0,317.98327038653866,547.3018987302924,,766.5479073022033,71.0,91031.0,38122.0,129153.0,69.0,129153.0,8529.0,7276.0,30200.0,27476.0,6897.0,2072.0,4662.0,87112.0,407820.082,82184.959,36461.099,45723.86,-325635.1229999999,10703.612,2355.496,2567.703,0.0,0.0,8930.217,1939.102,3893.013,602.749,2112.511,1869.903,3620.467,175.148,2054.688,1417.041,187.533,609.1510000000001,27411.523000000005,4238.167,2343.578,2032.424,0.0,0.0,8698.406,1923.377,3591.031,438.54,1237.894,1236.213,2479.818,173.363,1441.202,860.114,187.533,483.73,22751.221000000005,47.22,0.51,3979.876,0.0,3008.603,6256.993,5475.259,3.577,15.46,0.0,6157.543000000001,11516.058,280.923,244.068,0.0,439.931,2775.369,1909.244,5577.983,288.54,147933.419,12148.148,0.0,10414.362,5610.313,2516.9210000000003,92071.552,135.413,173.994,1052.957,708.24,0.0,0.48,0.0,957.867,3.428,103231.165,93526.744,28759.842,122286.586,17171.744,13956.235,31127.979,19867.243,173281.80800000002,83139.16500000001,6093.707,15276.149,16363.227,3598.283,14724.902,23181.894,162377.327,67125.48,3594.809,70720.28899999999,1440.658,407820.082,6465.445,11.918,535.279,0.0,0.0,231.811,15.725,301.982,164.209,874.617,633.69,1140.649,1.785,613.486,556.927,0.0,125.421,4660.302,1224.97,4512.35,5737.320000000001,460.085,12.824,472.9090000000001,4667.1320000000005,10877.361,33099.073000000004,65.71600000000001,5.199,379.658,46.026,105.161,691.758,34392.59100000001,147.181,306.72700000000003,453.908,0.0,45723.86000000001,4086902.0,883025.0,31583001.0,15378021.0,1.4247,1.0472333333333335,1.2647190476190477,6010.908571428571,43655.57095238095,19734.56380952381,8.0,1.0,59.158738,4.18164,73.8595,83.0,18.0,,,23.0,33.0,100.0,44.0,,32.0,42.0,41.0,,92.0,,39.0,28.0,34.0,36.0,45.0,12.0,8.0,9.0,10.0,16.0,40.0,26.0,4.0,,57.0,36.333333333333336,,21.05825111879874,19.758545107798938,10.338130492916738,12.583749460379044,3.986409002429733,65.83959059453265,39.93374521958034,1.440491271979353,10.801968688657,64.53566680941425,75.85916879845864,28.649006421160312,31.85242811840549,20.47510591655837,150.22636,815.058083514,477.85955056,24.54359079599999,473.81566404,170.06637600000002,6.46248363,44.61530334,0.0,39.61274371,5.00255963,44.61530334,194.609966796,14.34595641,332.0600826,0.00598294,0.0,28.40109035,85.05362811,17.99281015,0.0,477.85955056,0.0,65.51327038,0.0,74.68564552,43.80881899,0.0056949099999999,3.68557893,473.81566404,286.11665531,971.746927144,996.29051794,996.29051794,0.0,2.0,0.0,0.0,0.0,0.0,0.0,2.0,0.1481806387635501,4.0,8.05,4.371342203181546,5.172268529852341,4.272283691600966,1.94,2.0,1.1,5.0,6.28,0.0,,,3.15,3.5,0.0,4.75,4.27,4.65,20723.7566,842492.77826,6359180.11949,0.0,18644.30823,70727.0682,7311768.030779999,332242.29267999995,849357.5718700001,3367056.53519,295845.5868199999,1.53321,2377893.1345800003,97.48583,1669.6222200000002,75880.75128,972.635659999998,0.0,10750.88144,7311768.030780001,14879.2412,371449.34719,310685.31757,88910.82566,205751.86529,4.81844,13956.9827,224546.76339,76409.39225,954717.9363,2328.8356,40795.99057,33603.95086,8191.94317,2346233.2101899995,53059.72116,2399292.93135,0.0,20723.7566,20723.7566,739235.0719600001,103257.7063,842492.77826,225465.23183,118969.68781,2346233.21019,3668511.98966,6359180.11949,7222396.654349999,89371.37642999999,7311768.03078,2775948.47049,3186199.50416,3197045.56915,0.0,12053.57975,538648.5811899999,2513905.7442,79122.861,630426.2386800001,1804356.64452,-240.92832,33214.82408,88617.70326000001,10846.06499,110315.28751,299902.20795,8.999999999999999e-05,33.538120000000006,2775948.47049,1117583.3583699998,3165302.98385,2895991.13605,158996.56029,110315.28751,4282886.34222,1396622.5842199996,482563.86218000005,0.0,207220.0,0.0,421398.65739,193455.2,-339509.99521,0.0,-10221.06149,472342.80069000006,0.0,0.0,-1399.71769,-418243.24984,1445915.63401,-101992.88295000052,112.0,,15.000734326969257,13.10640984111393,25.327880870851,13.58159655633407,17.170799259758077,10.625017566450047,15.291305823264857,9.939587144937462,16.647653469597575,16.046718436264243,13.886971401958927,20.174647909456223,15.646667422834904,18.65590710049361,17.43755961017943,17.817333333333334,12.811627792576594,13.611826088578663,8.95915636787961,13.53865583016726,8.73835999257672,15.447585575444371,12.739411826407308,11.959272514916613,15.095470608802435,12.761098427637021,16.1369224895226,15.024074126251815,2745.134381835374,2398.473000923849,25.327880870851,597.5902484786991,137.36639407806462,85.00014053160038,948.0609610424212,69.57711001456224,16.647653469597575,16.046718436264243,55.54788560783571,60.52394372836867,391.16668557087263,167.9031639044425,174.3755961017943,17.817333333333334,563.7116228733702,108.8946087086293,71.67325094303688,839.39666147037,61.16851994803703,15.447585575444371,12.739411826407308,47.83709005966645,45.2864118264073,319.0274606909255,145.2323024057034,150.24074126251816,6.47086899422649,13465.878376985325
2025-01-01,,,,,,,,,,,,,,,,,86.0,117688.0,39405.0,157093.0,83.0,157093.0,9267.0,7406.0,25614.0,23711.0,4165.0,1556.0,6248.0,77967.0,380082.12,79859.634,32745.707,47113.927,-300222.486,10918.75,7318.217000000001,761.145,0.0,0.0,4219.785,2568.203,3235.487,1352.044,1241.849,2168.577,2614.319,75.004,2290.425,823.0690000000001,14.49,576.836,21180.088,5153.3730000000005,7309.515,750.0,0.0,0.0,4023.687,2406.122,2595.2670000000003,894.881,737.29,965.39,1374.075,51.943,1191.279,548.326,4.8100000000000005,279.189,15072.258999999998,125.736,0.459,4741.858,0.0,1216.655,6643.545,6089.706,51.108,16.694,661.737,5183.298,8014.911,380.145,276.867,0.0,19.691,3858.859,2668.545,411.126,399.678,127145.666,7522.047,39.907,11561.507,5000.225,1840.793,86148.061,139.173,71.71300000000001,1288.32,467.388,0.0,10.995,0.0,282.982,19.458,95269.108,77162.677,22404.393,99567.07,20113.758,13164.864,33278.622,16682.566,149528.25799999997,97271.182,4349.398,18419.691,14450.213,2276.645,4942.6,21975.802,163685.531,59417.380000000005,6044.316,65461.696,1406.635,380082.12,5765.377,8.702,11.145,0.0,0.0,196.098,162.08100000000002,640.22,457.163,504.559,1203.187,1240.244,23.061,1099.146,274.743,9.68,297.647,6107.829,1307.681,5924.115,7231.796,14.0,6.681,20.681,4281.831,11534.308,32402.315,4.445,8.134,246.766,56.245000000000005,23.535,721.434,33462.874,1630.102,486.513,2116.615,0.13,47113.927,4407862.0,758354.0,19568957.0,2027595.0,1.4389,1.0355904761904762,1.2354285714285713,5979.5154999999995,43524.349,19565.044,8.0,1.0,47.697138,2.708493,79.27045454545454,88.0,17.0,,16.0,28.0,38.0,74.0,36.0,,68.0,72.0,,,85.0,,52.0,30.0,46.0,52.0,65.0,15.0,10.0,11.0,12.0,23.0,56.0,34.0,,3.0,85.0,42.333333333333336,,,,,,,,,,,,,,,,,,,,,,,,,,,,,,,,,,,,,,,,,,,,,,,,,,0.0,2.0,0.0,0.0,0.0,0.0,0.0,2.0,0.1486681537088238,4.0,8.05,4.355409926828509,5.167928813050328,4.295396296994493,1.85,2.0,1.1,5.0,6.07,,,,2.89,3.5,0.0,4.75,4.21,4.5,95.0753,842228.08844,6389340.21841,0.0,18688.6581425,83569.59855,7333921.6388425,320838.29202,861659.0174,3375028.897,291408.46274,0.0,2382728.7129900004,97.7680725,1570.75642,89066.19819999998,955.6549999999992,0.0,10567.879,7333921.638842501,14900.68384,376397.89269,320813.71019,90557.38461,207411.4642,0.1099,15123.52475,222966.52196,74802.47451999999,960317.24692,2208.88876,41237.37951,33350.316,8129.1162,2368216.71405,66331.03949,2434547.7535399995,0.0,95.0753,95.0753,739235.23665,102992.85179,842228.08844,221064.19575,116531.2405,2368216.71405,3683528.06811,6389340.21841,7231663.38215,102258.2566925,7333921.6388425,2806817.96833,3208239.3629,3219732.2664,0.0,25333.43509,548857.69347,2512456.63532,79143.336,637430.58312,1795882.7162,-240.92832,33214.82408,88617.70326000001,11492.9035,110676.66294999998,290709.62988,0.0,35.10174000000001,2806817.96833,1065192.22092,3165431.7643,2885692.527,169062.57434999998,110676.66294999998,4230623.98522,1313129.3539400003,422064.30995,0.0,207220.0,0.0,421398.65739,181675.6,-388229.94744,0.0,-11224.5197,410839.79025,0.0,0.0,-1736.79159,-406419.47562,1439044.6293,-128598.79839999984,112.1,,15.389643198828386,13.264167125975662,23.14331884680839,14.326546811377254,16.504525070522508,10.532260515920179,15.908635184793782,11.022254593046359,18.968910022946357,15.676830166826257,14.563316218296436,19.7498547172499,15.494510607646683,18.406156754434377,17.784113334232213,18.364696723906807,13.103328671572983,13.670230098292974,9.538517559646046,13.713653007266153,8.742796291812594,18.075392944946195,12.745598441111007,11.665373326102092,16.077625270059702,12.743566220293891,15.954898488912754,14.741678161551935,2816.304705385595,2427.342584053546,23.14331884680839,630.3680597005992,132.03620056418006,84.25808412736143,986.3353814572145,77.15578215132453,18.968910022946357,15.676830166826257,58.25326487318574,59.249564151749695,387.36276519116706,165.6554107899094,177.8411333423221,18.364696723906807,576.5464615492114,109.36184078634379,76.30814047716837,850.2464864505016,61.19957404268816,18.075392944946195,12.745598441111007,46.66149330440837,48.2328758101791,318.58915550734724,143.5940864002148,147.41678161551934,6.297201035367709,13104.475354600203
2025-02-01,,,,,,,,,,,,,,,,,73.0,77447.0,37077.0,114524.0,73.0,114524.0,8795.0,7320.0,30452.0,24922.0,3848.0,1360.0,2709.0,79406.0,352747.943,86584.027,40496.032,46087.995,-266163.916,12246.752,3069.9590000000003,1258.317,0.0,0.0,3739.211,2917.533,4207.128,1010.265,3048.06,1548.033,2811.655,40.97,3205.26,901.084,567.02,343.755,24339.974,6322.679,3041.313,1043.551,0.0,0.0,3598.257,2701.067,3880.145,722.367,1529.319,804.293,1730.309,3.188,2081.575,783.02,566.196,252.776,18652.512,7.658,0.0,4928.255,0.0,1639.704,6864.828,5796.616,22.603,0.0,0.0,8897.508,12338.860000000002,342.24,307.394,0.0,553.4590000000001,1563.644,2717.4120000000003,6566.9490000000005,287.762,135382.477,6328.689,0.0,11252.289,6841.686,2128.608,17769.764,44.112,502.72,605.533,760.582,0.0,5.704,28.794,474.588,3.293,29165.384,70365.962,25809.971,96175.933,19086.44,11814.567,30901.007,17602.985,144679.925,73690.73700000001,3944.145,14847.265,14108.814,2886.465,9625.762,20611.938,139715.12600000002,61588.182,5745.543,67333.725,1019.167,352747.943,5924.073,28.646,214.766,0.0,0.0,140.954,216.466,326.983,287.898,1518.741,743.74,1081.346,37.782,1123.685,118.064,0.8240000000000001,90.979,5687.462000000001,1544.261,5557.829,7102.09,0.0,8.658,8.658,4104.217,11214.965,32726.843,5.924,15.017,61.295,26.372,34.980000000000004,851.939,33722.37,863.5,265.16,1128.66,22.0,46087.99500000001,3592151.0,1530470.0,22030307.0,2526569.0,1.4299,1.0413000000000001,1.254178947368421,6038.69,44209.31,19547.281052631577,4.0,1.0,45.949591,4.366127,75.438,79.0,16.0,4.0,,26.0,43.0,65.0,32.0,5.0,54.0,,30.0,,86.0,,41.0,26.0,42.0,37.0,50.0,14.0,10.0,12.0,13.0,17.0,43.0,27.0,3.0,,63.0,33.52,,,,,,,,,,,,,,,,,,,,,,,,,,,,,,,,,,,,,,,,,,,,,,,,,,0.0,2.0,0.0,0.0,0.0,0.0,0.0,2.0,0.1495652613107343,4.0,8.05,4.354069509438245,5.17871807695593,4.320331138370271,1.77,2.0,1.1,5.0,5.88,,,,2.84,3.25,0.0,4.5375,4.22,4.5,97.65685,842790.49924,6389237.63948,0.0,25914.7016525,83409.82969000001,7341450.3269125,297843.13243,880662.9679100001,3373302.95668,292103.53307,0.0,2388213.20548,27.1565225,1470.83164,96457.55848,986.149700000004,0.0,10382.835,7341450.3269125,15014.99596,379704.63436,299955.56645,82570.24829999999,209838.4707,0.00277,15119.45418,224206.9049,70074.28836,975104.33212,2006.12029,41117.2447,33831.067350000005,9452.50418,2357995.8346200003,66292.32356,2424288.1581800003,0.0,97.65685,97.65685,740368.7934600001,102421.70578,842790.49924,225934.49123,115383.73929,2357995.83462,3689923.57434,6389237.63948,7232125.79557,109324.5313425,7341450.3269125,2815416.8747800007,3228713.1519900006,3239945.6979500004,0.0,18223.96858,575056.5211000001,2529013.94987,79143.336,635714.52419,1814156.08968,253.81154,33214.82408,72950.07681999999,11232.54596,121076.85607,290709.62988,1473.1259,36.66536,2815416.87478,1066183.01882,3206704.7338300003,2906965.27562,178662.60214,121076.85607,4272887.75265,1336394.0217999998,474435.37986,4700.0,207220.0,0.0,421398.65739,172218.2,-331101.47753000003,0.0,-9953.13436,464482.2455,0.0,0.0,-1546.15719,-406419.47562,1435158.0939300002,-155280.6848200004,112.2,,15.202878297218444,13.21125109456413,21.87467881552667,14.059570582582966,16.573429604987464,9.766315700624782,15.496596714417223,11.29858289770949,16.19191826501978,14.53353130878871,14.735841691894354,21.28021137461159,15.603583481350498,18.145612723066357,18.41243529124853,18.603771372896823,12.90881941598755,13.896899471091235,8.62903543591268,13.57624808663978,9.14235304531746,15.40522751361104,12.745598441111005,12.33534920663685,15.437275689404728,12.794740924612684,16.522537686957644,15.276038053654727,2782.126728390975,2417.6589503052355,21.87467881552667,618.6211056336506,132.5874368398997,78.13052560499825,960.7889962938679,79.09008028396644,16.19191826501978,14.53353130878871,58.943366767577416,63.84063412383477,390.0895870337625,163.3105145075972,184.12435291248534,18.603771372896823,567.9880543034521,111.17519576872988,69.03228348730144,841.7273813716664,63.99647131722221,15.40522751361104,12.745598441111005,49.3413968265474,46.311827068214185,319.8685231153171,148.70283918261882,152.76038053654727,6.436777376904932,13394.933721339165
2025-03-01,3568.738687077156,1193.617540804202,403.39320601406655,183.7924031857791,79.34289089822175,57.9176380985412,341.08470984617765,194.4461299886557,13.52425165507766,,2971.9153248381617,3.2686952850881634,341.1908988667089,596.823362238994,,757.1603224346369,69.0,80851.0,33000.0,113851.0,69.0,113851.0,8014.0,8155.0,32261.0,22691.0,2903.0,843.0,2071.0,76938.0,449852.634,84466.252,44765.514,39700.738,-365386.382,11108.552,3295.073,970.491,0.0,0.0,4430.1230000000005,5217.745,5319.918,1190.444,1702.503,6149.714,3106.427,19.621,1878.407,362.973,542.823,658.332,30579.03,7530.098,3276.337,932.092,0.0,0.0,4264.365,5214.18,4935.41,728.013,1128.368,5040.411,2172.447,3.6,842.357,280.374,533.583,421.397,25564.505,166.704,1.228,8152.547,0.0,1771.374,6476.6140000000005,7524.405,10.088,16.86,0.44,9110.731,11534.523,4431.536,249.812,0.0,234.274,2226.254,2666.215,1122.888,603.544,134835.131,9315.546,0.44,9792.635,4669.8730000000005,1526.886,79467.602,0.0,602.356,874.3820000000001,447.488,0.0,984.465,94.827,941.402,1.045,89610.326,75741.05,26953.251,102694.301,15304.551,16132.504,31437.055,17204.670000000002,151336.026,91519.252,4899.876,18554.254,15886.854,3403.2490000000003,7249.13,23971.882,165484.49700000003,124112.584,7705.341,131817.925,1214.186,449852.634,3578.454,18.736,38.399,0.0,0.0,165.758,3.565,384.508,462.431,574.135,1109.303,933.98,16.021,1036.05,82.599,9.24,236.935,5014.525000000001,1602.621,4124.857,5727.478,0.0,14.986,14.986,2330.565,8073.029,30237.82,182.175,12.993,184.871,35.84,79.665,572.1,31305.464,171.48,149.973,321.453,0.792,39700.738,5001383.0,2296488.0,71024191.0,8303018.0,1.4356,1.0813142857142857,1.2912666666666666,5683.983333333333,42092.12904761905,17828.02619047619,8.0,0.0,54.733769,5.028946,72.73285714285714,89.0,23.0,3.0,,30.0,41.0,69.0,32.0,6.0,53.0,,,,93.0,,39.0,22.0,38.0,32.0,41.0,12.0,11.0,19.0,14.0,15.0,36.0,23.0,,3.0,63.0,33.625,,19.570463166173766,18.290433259182485,10.44142178368728,11.66256292138635,3.760470762621964,66.88705013999301,39.49976587573218,1.4269322227491978,10.11357927039816,63.5185089124109,75.11702060396813,30.71579701474153,41.834591724322834,26.988446115448063,368.1,968.2,477.3,-313.7,502.0,200.6,12.2,55.4,0.0,53.6,1.8,,-113.1,14.4,294.2,,,,122.8,25.3,,,198.3,58.2,14.2,73.1,,0.0,5.0,,312.4,380.2,,,0.0,2.0,0.0,0.0,0.0,0.0,0.0,2.0,0.1518758641546109,4.0,8.05,4.344026791240666,5.154446357258276,4.298514503323542,1.69,2.0,1.1,5.0,5.75,,,,2.64,3.0,0.0,4.5,4.2,4.5,1284.21798,840647.21155,6398686.5469700005,0.0,39305.70855,89898.09922,7369821.784270001,272259.01682,889057.67957,3401941.67315,287249.90762,0.0,2390109.6993400003,27.14833,1370.15016,116520.25454,903.4197,0.0,10382.83504,7369821.784270002,14836.72657,395739.89664,304556.77552,82682.07491,210464.00383,10.22616,15392.28726,223043.38899,70894.73445999999,973625.71023,2111.61866,40377.95279,33333.60654,9447.21416,2376516.21672,72955.95165,2449472.16837,0.0,1284.21798,1284.21798,739235.30284,101411.90871,840647.21155,206304.76288,114484.84233,2376516.21672,3701380.72504,6398686.5469700005,7240617.976500001,129203.80777,7369821.784270001,2958978.31795,3381111.2959,3391584.66998,0.0,16085.8972,742646.2705399999,2515836.2648,79149.65550000001,640681.73754,1796004.87176,377.96246,33214.82408,72950.07681999999,10473.374079999998,122317.29428999998,290709.62788,9067.8268,38.22898000000001,2958978.3179500005,1063599.47057,3570309.6986300005,3284995.5115300003,162996.89281000002,122317.29428999998,4633909.1692,1552613.5569599995,712950.99964,126900.0,207220.0,0.0,421398.65739,172218.2,-214785.85775,0.0,-7382.39782,705568.6018200001,0.0,0.0,-3288.58819,-406419.47562,1427806.4096,-171053.3906500001,112.6,-52.6,15.4105971757896,13.400698762299374,22.266269926103767,13.900248454642792,16.48930274395627,10.306399964220313,15.927046756305408,12.281507062790462,17.596795258201308,14.983763330816151,14.655884889264177,20.19132624915714,16.03708739590106,18.308248409745815,18.096951376444494,16.763870967741934,13.138205170018729,13.456826809628094,9.532277211922029,13.94313428188402,9.791520737327188,15.622321574910327,12.745598441111007,12.192183016093132,15.934722044253249,13.074133363630086,15.690430932190322,14.75471415480999,2820.1392831694975,2452.3278735007852,22.266269926103767,611.6109320042829,131.91442195165016,82.4511997137625,987.4768988909353,85.97054943953323,17.596795258201308,14.983763330816151,58.62353955705671,60.57397874747142,400.9271848975265,164.77423568771235,180.96951376444494,16.763870967741934,578.0810274808241,107.65461447702475,76.25821769537623,864.4743254768094,68.54064516129033,15.622321574910327,12.745598441111007,48.76873206437253,47.80416613275975,326.8533340907522,141.21387838971287,147.5471415480999,6.985441792695933,14536.704370600235
2025-04-01,,,,,,,,,,,,,,,,,21.0,33695.0,12637.0,80027.0,21.0,46332.0,2658.0,6083.0,30207.0,18929.0,2548.0,552.0,1485.0,62462.0,365435.182,64256.737,33606.274,30650.463,-301178.44500000007,10707.068,3966.97,930.226,0.0,0.0,3570.721,1979.53,4194.836,911.278,1092.034,1201.42,3472.289,8.32,1719.587,820.192,139.293,607.541,19717.041,5863.6,3946.644,888.4680000000001,0.0,0.0,3530.135,1820.465,4164.271,760.985,821.475,794.745,2776.659,0.0,887.5840000000001,683.811,139.293,516.425,16895.848,136.516,0.002,5507.981,0.0,2030.597,6287.374,4260.443,9.302,1.624,0.0,7252.157,8120.278,167.697,452.556,0.0,126.013,2519.611,3170.485,1054.233,629.683,133412.295,8911.572,0.0,12012.457,5046.5960000000005,2187.125,55122.896,254.512,164.07500000000002,961.376,926.603,0.0,0.969,2.64,406.314,2.191,65075.29699999999,75394.766,21529.196,96923.962,20213.725,12124.548,32338.273,18513.889,147776.124,58596.213,7004.41,22019.401,16026.524,3086.343,9689.744,18029.648,134452.283,77672.75200000001,4750.256,82423.008,783.767,365435.182,4843.468,20.326,41.758,0.0,0.0,40.586,159.065,30.565,150.293,270.559,406.675,695.63,8.32,832.003,136.381,0.0,91.116,2821.193,641.998,4020.63,4662.628000000001,0.0,46.466,46.466,2360.234,7069.328000000001,21995.306,3.67,0.943,106.71,14.304,4.474,730.9490000000001,22856.356,503.57,220.709,724.279,0.5,30650.463,5683009.0,1062739.0,20869423.0,2095049.0,1.3981,1.1231772727272729,1.3144272727272728,5369.495714285715,39876.32761904762,16678.459523809524,7.0,0.0,57.23762,3.698456,68.1345,76.0,15.0,7.0,14.0,28.0,34.0,75.0,36.0,5.0,49.0,,31.0,,79.0,,32.0,20.0,29.0,30.0,29.0,10.0,8.0,15.0,12.0,13.0,34.0,25.0,3.0,,52.0,29.26923076923077,,,,,,,,,,,,,,,,,,,,,,,,,,,,,,,,,,,,,,,,,,,,,,,,,,0.0,2.0,0.0,0.0,0.0,0.0,0.0,2.0,0.1633354415767082,4.0,8.05,4.336985693738806,5.209566756298445,4.458901421860712,1.57,2.0,1.1,5.0,5.54,,,,2.64,3.0,0.0,4.5,4.21,4.5,121.46052,840586.5445300001,6425823.18375,0.0,155001.73481,89345.40779,7510878.3314,270054.34041,912524.26651,3407975.2013000003,292230.33494000003,0.0,2383747.04564,27.554300000000005,1269.56138,116158.12798,891.760159999997,0.0,126000.13878,7510878.3314,14501.30411,405715.34981,312921.76018,84132.79216,210515.03063,38.471,17551.011329999998,220806.60243,70869.70336,984207.52959,2053.20769,41612.81684000001,33755.73161,9396.29774,2408077.60848,72934.76861,2481012.37709,0.0,121.46052,121.46052,739235.35216,101351.19237,840586.5445300001,192881.03558000005,113033.58476,2408077.60848,3711830.95493,6425823.18375,7266531.188800001,244347.1426,7510878.3314,2949164.7721300004,3358369.5055000004,3368464.3695500004,0.0,24304.24403,628238.38274,2598973.3920000005,79153.8264,651498.7286200001,1868320.8369800004,690.5578,33214.82408,72948.10484999999,10094.864049999998,122793.57417,282915.30514,3457.6250800000003,38.22898000000001,2949164.7721300004,1078677.39442,3597027.41123,3319129.61775,155104.21931,122793.57417,4675704.80565,1603746.4593499994,733176.56301,157380.0,207220.0,0.0,421398.65739,160438.6,-213260.69438,0.0,-7711.243290000001,725465.31972,0.0,0.0,-1839.83757,-406419.47562,1416206.52245,-129666.0696300006,112.3,,16.272204786552486,13.636930335593641,25.673995693983795,15.466839856928626,17.967213976057533,10.906635570475537,16.6494985789951,12.609109209279246,16.290313898140823,15.148563797578296,14.841737799149866,20.63279102544204,16.345192013315625,18.900360546835476,18.863780658229157,19.811917187624516,13.492544085787173,13.487261343275815,9.446239346082354,14.120339972788889,9.790618711532566,14.70995738432942,12.745598441111007,12.55470609022983,16.261571912081703,13.317815414510324,16.041096756568713,15.083662754839034,2977.813475939105,2495.5582514136363,25.673995693983795,680.5409537048595,143.73771180846026,87.2530845638043,1032.2689118976962,88.26376446495472,16.290313898140823,15.148563797578296,59.366951196599466,61.89837307632611,408.6298003328907,170.10324492151926,188.63780658229157,19.811917187624516,593.6719397746357,107.89809074620652,75.56991476865883,875.4610783129111,68.53433098072797,14.70995738432942,12.745598441111007,50.21882436091932,48.78471573624511,332.94538536275815,144.36987080911845,150.83662754839034,7.203483798652865,14990.449784996612
2025-05-01,,,,,,,,,,,,,,,,,2.0,2210.0,2.0,2210.0,2.0,2212.0,2061.0,6384.0,24408.0,12756.0,1785.0,467.0,2100.0,49961.0,357382.674,63038.965,37703.155,25335.81,-294343.70900000003,10744.212,2886.736,647.3530000000001,0.0,0.0,4315.874,3089.183,4918.303,1318.151,2730.356,1554.745,4284.5740000000005,27.546,2098.696,997.803,748.392,782.77,26866.393,5755.088,2821.1240000000003,255.013,0.0,0.0,4139.073,3001.647,4728.941,834.5120000000001,1287.564,919.886,3569.623,3.6,1168.967,786.259,736.784,615.148,21792.004,0.0,1.17,5914.296,0.0,2139.322,9397.829,6356.5650000000005,23.312,21.135,4.1610000000000005,6887.444,6957.921000000001,239.805,335.342,0.0,564.565,1600.201,2293.438,1375.314,549.256,148360.79,9167.647,38.546,11901.157,4317.923,1890.86,47768.17,2.119,83.876,713.7090000000001,675.854,0.0,1.096,304.843,930.461,1.049,56689.95999999999,80402.874,26221.329,106624.203,24881.603,14246.29,39127.893,19547.19,165299.286,35038.392,5591.209,28584.616,15767.453,3149.254,9966.391,23997.682,122094.997,62890.09,5378.237,68268.327,1720.064,357382.674,4989.124,65.612,392.34,0.0,0.0,176.80100000000002,87.536,189.362,483.639,1442.792,634.859,714.951,23.946,929.729,211.544,11.608,167.622,5074.389,1490.459,5185.987,6676.446,0.0,25.627,25.627,3375.411,10077.484,13084.03,3.69,6.505,184.671,33.175,1.043,402.234,13715.348,904.816,638.162,1542.978,0.0,25335.81,4768866.0,956506.0,28178828.0,40027323.0,1.3867,1.1273666666666666,1.3358095238095238,5810.9195238095235,41864.24571428572,18642.368095238093,7.0,1.0,61.493415,4.898584,64.453,73.0,16.0,5.0,,29.0,35.0,69.0,33.0,12.0,30.0,,,,73.0,,32.0,20.0,34.0,30.0,27.0,10.0,8.0,17.0,11.0,14.0,34.0,19.0,,,47.0,29.47826086956522,,,,,,,,,,,,,,,,,,,,,,,,,,,,,,,,,,,,,,,,,,,,,,,,,,0.0,2.0,0.0,0.0,0.0,0.0,0.0,2.0,0.1531699488988083,4.0,8.05,4.334973415617863,5.207606561884236,4.4768602249463125,1.46,2.0,1.1,5.0,5.47,,,,2.65,3.0,0.0,4.3,4.25,4.5,68.05919,841989.9369399999,6444442.5674,0.0,154871.13386,88591.50713000001,7529963.20452,275958.83043999993,908270.77398,3428478.27806,289057.13275000005,0.0,2384735.5483,26.95513,1250.88564,115545.77896,809.0212599999941,0.0,125830.0,7529963.204519998,13994.54464,403410.40879,306303.28939999995,85086.08159,215545.38052,17.562,17407.70397,217368.26994,70877.13758,988335.52853,2022.16551,41098.6425,34790.83503,9345.443539999998,2405602.9935400006,72686.28754,2478289.2810800006,0.0,68.05919,68.05919,740349.01305,101640.92389,841989.9369399999,200704.74547,112215.79275,2405602.99354,3725919.03564,6444442.5674,7286500.563530001,243462.64099,7529963.204520001,2882950.5389399994,3288709.4314399995,3310343.9012899995,0.0,14789.64509,625765.1497000002,2557728.90763,79153.8264,643098.9950499999,1835476.08618,-76.23188,33214.82408,57287.13682,21634.46985,122804.85837999998,282915.30514,0.0,38.72898000000001,2882950.5389400003,1073199.10437,3673839.85555,3393946.6025000005,157088.39467,122804.85837999998,4747038.95992,1741283.5626000012,836440.05137,218080.0,207220.0,0.0,421398.65739,150981.2,-161239.80602000002,0.0,-7440.83257,828999.2188,0.0,0.0,-1322.0356700000002,-406419.47562,1416686.70644,-96660.85134999872,112.6,,16.170002543319406,13.469500728044911,24.41413044140925,15.239058763011915,19.816102579525985,10.9052281659828,16.865027992243537,11.859722590662152,17.391112287759803,14.86082036172443,15.238578999410603,19.805439807397068,15.57218379011019,17.977050619408036,18.603669139896844,18.942438659390675,13.281914847438083,14.30324448241931,9.26233201291665,13.958971287697407,9.445627635401944,15.238773187813552,12.745598441111007,12.498776614766971,16.68131564292709,12.900639678164852,15.50660452622856,15.13728583308598,2959.110465427452,2464.918633232219,24.41413044140925,670.5185855725242,158.52882063620788,87.2418253278624,1045.6317355190995,83.01805813463506,17.391112287759803,14.86082036172443,60.95431599764241,59.4163194221912,389.3045947527547,161.79345557467232,186.03669139896846,18.942438659390675,584.4042532872757,114.42595585935447,74.0986561033332,865.4562198372394,66.11939344781362,15.238773187813552,12.745598441111007,49.995106459067884,50.04394692878127,322.5159919541214,139.55944073605704,151.37285833085983,6.840102080273173,14234.252429048473
2025-06-01,3292.15187180045,1170.6812074733143,338.0724438853481,202.14980478282985,82.03938595305576,58.70177872740297,308.3748622214612,191.0359522617048,16.35209730632204,,2824.1675272068114,7.508042631511378,210.7385709730196,467.9843445936386,,706.4977255844798,6.0,5093.0,77.0,5170.0,6.0,5170.0,2092.0,5613.0,24727.0,11529.0,1805.0,516.0,1659.0,47941.0,326463.21,60711.66,32071.239,28640.421,-265751.55,9180.278,2674.538,5188.667,0.0,0.0,3586.5260000000003,3937.153,3772.928,1359.554,2598.56,2274.934,3487.064,30.706,2180.664,770.998,0.0,743.961,24743.047999999995,3325.564,2668.1910000000003,652.814,0.0,0.0,3465.685,3721.424,3719.129,797.015,1768.969,1182.065,2810.2200000000003,24.454,747.375,596.744,0.0,541.746,19374.826,0.0,0.907,2753.721,0.0,1471.118,6979.436,6540.888,45.198,0.596,48.468,8418.466,5812.441,247.637,211.275,0.0,245.539,1278.688,2748.639,608.37,472.293,130368.0,8648.414,0.0,12293.027,3564.927,2015.281,65877.62700000001,122.245,23.799,826.383,787.197,0.0,85.543,0.419,165.531,85.697,73554.649,65268.05,22139.637,87407.687,17342.311,11897.757,29240.068,16996.614,133644.369,57455.503,4147.558,21199.501,15376.243,2977.926,8048.729,21031.795,130237.25500000002,57317.698,4201.5740000000005,61519.272,1062.314,326463.21,5854.714,6.347,4535.853,0.0,0.0,120.841,215.729,53.799,562.539,829.591,1092.869,676.844,6.252,1433.289,174.254,0.0,202.215,5368.222,1660.398,5174.63,6835.028,4621.5740000000005,15.7,4637.274,1918.585,13390.887,11442.529,233.663,6.899,142.061,37.252,37.822,173.495,12073.721,2814.723,361.09,3175.813,0.0,28640.421,8090678.0,1692991.0,77269930.0,3273721.0,1.3668,1.153365,1.3577299999999999,6029.9515,42752.938,19673.3005,4.0,0.0,47.540587,3.847875,71.4447619047619,57.0,14.0,,13.0,22.0,29.0,52.0,26.0,15.0,27.0,35.0,21.0,,47.0,,32.0,23.0,34.0,33.0,28.0,10.0,9.0,18.0,10.0,15.0,38.0,22.0,,,50.0,27.2,,19.291020538166663,17.986313928756005,10.056881887574502,11.572021998379952,3.7042873236868994,66.39361381968641,40.673101672541264,1.34432586741249,9.65265699196318,63.88604846443761,75.41625504347752,30.13586132508106,42.05896574906549,23.552485600956867,104.3,759.6,707.4,372.9,491.9,158.0,3.1,40.5,0.0,39.4,1.1,,530.9,14.5,416.7,,,,155.4,101.3,,,126.0,57.3,14.1,66.3,,0.0,4.1,,293.0,107.4,,,0.0,2.0,0.0,0.0,0.0,0.0,0.0,2.0,0.1544113851663754,4.0,8.05,4.324288650760759,5.1997922557597285,4.434693056406429,1.37,2.0,1.1,5.0,5.31,,,,2.67,3.0,0.0,4.25,4.23,4.5,1305.86322,841403.8885600001,6484055.77754,0.0,154864.9093,96970.92326,7578601.361880001,268026.30649999995,918650.94117,3432063.49135,296800.81924,0.0,2411223.97106,2450.2045000000003,1241.60052,121381.99816,932.029380000011,0.0,125830.0,7578601.36188,13656.71454,403814.58282,329002.25866000005,89764.67762,227224.50014,17.79157,18011.615690000002,228561.39626,72373.78295000001,983172.23451,1811.91713,41613.32745,34184.07856,9349.62324,2452558.50114,78797.46713999998,2531355.96828,0.0,1305.86322,1305.86322,739237.19373,102166.69483,841403.8885600001,177261.52058,112001.87134,2452558.50114,3742233.88448,6484055.77754,7326765.52932,251835.83256,7578601.36188,3498162.45331,3881059.8408999993,3891812.0253399992,0.0,11918.5848,1150455.41859,2628648.54648,79153.19440000001,654221.03776,1895274.31432,18.77798,33214.82408,56803.68897,10752.18444,123819.26963,259039.38898,0.0,38.72898000000001,3498162.453309999,1084434.88957,3502117.48113,3230833.5234600003,147464.68804,123819.26963,4586552.3707,964570.647760001,85631.23309,0.0,207220.0,0.0,421398.65739,150981.2,-693968.6243,0.0,-7068.428029999999,78562.80506,0.0,0.0,-1911.69519,-406419.47562,1409549.48845,-115210.47493999898,113.4,,15.93376366839292,13.544155171217453,23.858961206896552,14.41159608224001,17.365167616214055,10.7420537810619,16.53353455071744,12.804007222991988,17.810454234311162,14.974598041843354,14.188863074730673,20.03593715139786,16.247840608116324,18.884512548680554,19.253965443651055,15.441379310344828,13.098085171165094,13.764611397030606,9.307353213098644,14.001805629876396,10.495523137350848,15.309488741340935,13.107474356934764,12.228288835411824,16.099337411404818,13.182177923071245,16.115109094750924,16.044838099268166,2915.8787513159045,2478.580396332794,23.858961206896552,634.1102276185604,138.92134092971244,85.9364302484952,1025.0791421444815,89.6280505609439,17.810454234311162,14.974598041843354,56.75545229892269,60.10781145419358,406.19601520290814,169.96061293812502,192.53965443651055,15.441379310344828,576.3157475312642,110.11689117624485,74.45882570478915,868.1119490523365,73.46866196145594,15.309488741340935,13.107474356934764,48.9131553416473,48.29801223421446,329.5544480767811,145.0359818527583,160.44838099268165,7.175946700310873,14933.145083346926
2025-07-01,,,,,,,,,,,,,,,,,1.0,4747.0,3.0,4750.0,1.0,4750.0,2476.0,5424.0,26286.0,15988.0,4021.0,1366.0,3284.0,58845.0,412685.66800000006,71064.498,40852.756,30211.742,-341621.17000000004,7295.702,2600.077,1233.91,0.0,60.852,8855.56,2654.039,13328.427,1700.196,1612.81,1513.562,2933.423,151.919,1968.339,1895.728,127.167,952.113,37693.283,6129.524,2563.426,1162.138,0.0,0.0,8547.146,2510.606,3098.619,1268.878,1162.059,1510.429,2915.799,59.442,454.642,546.323,127.167,691.993,22893.103,40.662,0.255,7304.441,0.0,2182.498,8950.111,5305.0380000000005,37.533,20.01,2.18,6918.5740000000005,10091.454,151.52,394.863,0.0,245.606,959.535,2340.799,5422.702,576.429,147287.89800000002,17976.427,0.0,9843.635,9692.88,1843.405,52179.202,69.64,286.77,1160.586,1231.243,0.0,46.075,72.009,1229.701,6.892,67818.403,87770.355,28134.627,115904.982,17726.422,16545.571,34271.993,22192.76,172369.735,57011.528,5780.557,35290.142,20605.518,4993.709,7255.779,25627.813,156565.046,76104.68000000001,5957.0650000000005,82061.74500000001,1689.142,412685.668,1166.178,36.651,71.772,0.0,60.852,308.414,143.433,10229.808,431.318,450.751,3.133,17.624,92.477,1513.697,1349.405,0.0,260.12,14800.180000000002,1327.032,5720.397,7047.429,0.0,1.407,1.407,4340.282,11389.118,12863.21,7.584,13.923,45.143,12.514,78.46600000000001,985.839,14006.679000000002,4372.655,443.29,4815.945,0.0,30211.742,7253719.0,1388391.0,52904273.0,4080751.0,1.3691,1.1670818181818183,1.3488772727272726,6296.498181818181,44499.74090909091,20784.895454545454,8.0,0.0,54.751276,3.415647,71.04130434782608,62.0,17.0,,,26.0,32.0,63.0,30.0,42.0,40.0,,37.0,,56.0,,41.0,29.0,38.0,39.0,43.0,12.0,12.0,32.0,13.0,16.0,43.0,25.0,,,58.0,35.04347826086956,,,,,,,,,,,,,,,,,,,,,,,,,,,,,,,,,,,,,,,,,,,,,,,,,,0.0,2.0,0.0,0.0,0.0,0.0,0.0,2.0,0.1552542232255899,4.0,8.05,4.316595025502896,5.192626882341879,4.457134708966373,1.21,2.0,1.1,5.0,5.19,,,,2.68,3.0,0.0,4.25,4.25,4.5,34.938089999999995,848492.25044,6506037.954329999,0.0,154698.9242525,94341.05741,7603605.124522499,276977.14663,932220.03644,3433563.2186200004,291859.56575,0.0,2419945.17542,26.6385225,1232.27986,121241.41903999998,709.6442400000099,0.0,125830.0,7603605.124522502,14151.56703,409921.50298,332111.96369,84270.01077,225006.72023,31.13057,18129.34881,224561.42431,70634.85692,994143.64989,4056.97349,39977.31189,34194.951380000006,14268.33112,2465459.7430800004,78678.82691999999,2544138.5700000003,0.0,34.938089999999995,34.938089999999995,739235.11188,109257.13856,848492.25044,177922.06253,110591.00374,2465459.74308,3752065.14498,6506037.954329999,7354565.142859999,249039.9816625,7603605.124522499,3297325.1104099997,3680218.05461,3691271.21192,0.0,16170.84989,996540.20532,2577752.14039,79147.1278,650375.42639,1848229.5862,-263.65404,33214.82408,56803.68897,11053.15731,123808.32624,259039.38898,6.0,39.22898000000001,3297325.11041,1084616.40282,3458635.64604,3194318.03704,140509.28276,123808.32624,4543252.04886,1122118.6122099997,235715.71141999995,0.0,207220.0,0.0,421398.65739,139201.6,-532104.5459700001,0.0,-4058.06737,231657.64404999997,0.0,0.0,-800.03171,-406419.47562,1399655.1556600002,-101974.68017000033,113.5,,15.334286010770047,13.36860928127229,17.62624614157041,14.601843976664462,16.337310760109684,11.239049236154882,15.656525142318426,9.961033858599444,20.10304279772048,15.418398781079267,15.1322367280146,20.269461842548505,15.186164803617652,18.67079964843597,18.047419210718793,16.879574042688162,13.062270603628214,13.869505848172004,9.461062708364683,13.865090437423396,9.15835204499744,16.25145720964152,12.745598441111007,12.010434666711415,16.281685552162454,12.980815242494607,16.007476367264015,14.997587864114662,2806.1743399709185,2446.4554984728293,17.62624614157041,642.4811349732364,130.69848608087747,89.91239388923906,970.7045588237424,69.72723701019612,20.10304279772048,15.418398781079267,60.5289469120584,60.80838552764552,379.6541200904413,168.03719683592374,180.47419210718792,16.879574042688162,574.7399065596413,110.95604678537603,75.68850166691746,859.6356071202505,64.10846431498207,16.25145720964152,12.745598441111007,48.04173866684566,48.84505665648736,324.5203810623652,144.06728730537614,149.9758786411466,6.757129981031783,14061.587490527141
2025-08-01,,,,,,,,,,,,,,,,,3.0,8605.0,4.0,8605.0,3.0,8609.0,1628.0,5154.0,23343.0,14672.0,2589.0,668.0,2281.0,50335.0,388010.63,57396.037,33269.382,24126.655,-330614.593,13067.606,2392.867,550.047,0.142,0.642,2445.007,2457.327,4411.101,1275.601,1042.579,2348.225,2482.079,70.288,2055.5,681.866,387.948,564.136,20221.657000000003,6672.519,2370.051,493.478,0.142,0.0,2391.263,2454.11,4284.258,679.672,649.812,1375.928,1734.513,11.446,1182.799,553.017,379.668,399.927,16096.413,45.558,0.539,4151.186,0.0,1283.289,6618.893,5295.454,51.073,21.748,0.08,8623.15,7178.412,117.479,135.929,0.0,125.031,3242.11,1984.533,856.104,717.226,135518.753,8421.348,0.0,14436.701,11387.307,3022.761,58512.677,0.588,137.351,1051.378,965.801,0.0,756.562,0.001,181.449,343.52500000000003,76359.40000000001,72782.633,26093.99,98876.623,15162.098,15467.164,30629.262,29613.691,159119.576,70820.417,5873.27,25499.164,17573.849000000002,6274.155,7726.62,24329.539,158097.014,65599.55,4099.093,69698.643,1095.397,388010.63,6395.087,22.816,56.569,0.0,0.642,53.744,3.217,126.843,595.929,392.767,972.297,747.566,58.842,872.701,128.849,8.28,164.209,4125.244000000001,1666.751,4375.839,6042.59,36.5,9.736,46.236,4054.439,10143.265,12842.838,51.91,13.893,165.221,36.4,2.73,494.944,13607.935999999998,100.219,261.841,362.06,13.394,24126.655,3904251.0,959942.0,1432967871.0,3132067.0,1.3797,1.1647476190476191,1.3455761904761905,6408.949523809524,44764.850952380955,21383.586666666666,4.0,0.0,47.549503,3.681689,67.87,75.0,7.0,,,27.0,36.0,75.0,35.0,41.0,54.0,62.0,25.0,,71.0,,66.0,38.0,50.0,43.0,58.0,15.0,15.0,38.0,31.0,21.0,53.0,29.0,5.0,5.0,83.0,40.69230769230769,,,,,,,,,,,,,,,,,,,,,,,,,,,,,,,,,,,,,,,,,,,,,,,,,,0.0,2.0,0.0,0.0,0.0,0.0,0.0,2.0,0.1560282015222071,4.0,8.05,4.31030746122204,5.213249948044411,4.494218139952963,1.05,2.0,1.1,5.0,5.18,,,,2.66,3.0,0.0,4.05,4.12,4.5,1578.4045,847965.76346,6555646.976197541,0.0,154246.68108,94035.6527809544,7653473.478018495,291568.9817475449,955320.92962,3430854.34041,296355.57558,0.0,2431091.3168,25.8940809544,1223.23744,120750.16277999998,783.03956,0.0,125500.0,7653473.4780185,14654.79297,418941.91411692,330981.80886681494,88726.63012999999,239145.99323379,30.24157,17864.20447,222307.65439825,70553.976784855,1002117.51886425,4100.19048,39942.52923377,34069.00106,14247.36482,2497683.8209986496,78325.62489976361,2576009.445898413,0.0,1578.4045,1578.4045,740373.7931900001,107591.97027,847965.76346,185565.47785,109557.6006069,2497683.8209986403,3762840.076742,6555646.976197541,7405191.144157541,248282.3338609544,7653473.478018495,3102794.4832300004,3486146.17829,3499461.28926,0.0,15246.14576,839090.79414,2557423.25623,79147.1278,656547.61421,1821728.51422,79.49022000000001,33214.82408,41091.66786,13315.11097,123629.31567,259039.60604,643.54437,39.22898000000001,3102794.48323,1089356.16857,3369624.02147,3127605.3335,118389.3723,123629.31567,4458980.19004,1232556.39114,396438.4825,0.0,207220.0,0.0,421398.65739,129744.2,-361924.37489,0.0,-4237.17144,392201.31106,0.0,0.0,-4473.43104,-406419.477,1389697.60295,-138449.61483000015,113.7,,15.86961842284932,13.678183488835016,19.176051110272052,14.90764229994581,17.81201124764983,10.438017730193812,16.70395518184349,10.857869896009705,18.710092394212506,15.61617113186862,14.92694905496963,20.644875099403855,15.683345370361051,18.463015717013747,17.715785594810313,15.193406401326161,13.46627444223118,14.182338081093146,9.5108691914068,14.22195685742224,9.197957582135176,18.112954285555517,12.745598441111007,12.358902408646898,16.144769372843452,13.215781938091741,16.214180259629604,15.46547689134405,2904.1401713814253,2503.107578456808,19.176051110272052,655.9362611976156,142.49608998119865,83.50414184155049,1035.6452212742963,76.00508927206792,18.710092394212506,15.61617113186862,59.70779621987852,61.934625298211564,392.08363425902627,166.16714145312372,177.15785594810313,15.193406401326161,592.5160754581718,113.45870464874517,76.0869535312544,881.761325160179,64.38570307494622,18.112954285555517,12.745598441111007,49.43560963458759,48.43430811853036,330.39454845229346,145.92762233666642,154.6547689134405,6.789963042948582,14129.913092375999
2025-09-01,3294.263611212572,1176.810563713671,343.1825351795847,188.1844175875583,82.70939862846176,66.28712915634833,313.6144694761826,182.57433052162796,14.95533707250502,,2828.7663878888006,0.0,216.6357636457948,465.4972233237711,,709.309666230837,4.0,10026.0,5.0,10026.0,4.0,10031.0,2076.0,4573.0,14782.0,8546.0,1403.0,366.0,2296.0,34042.0,380518.5530000001,57143.69900000001,35971.189000000006,21172.51,-323374.85400000005,10573.864,2119.197,1023.165,0.0,0.0,3829.19,2317.623,4521.6140000000005,1295.777,1437.182,1236.902,3933.292,13.643,1511.871,796.089,232.44,788.231,21913.854,5496.129,2103.199,992.901,0.0,0.0,3327.646,2027.239,4391.098,741.827,1059.127,609.107,2631.983,11.439,956.091,712.1510000000001,232.44,583.037,17283.185,180.0,0.0,6900.193,0.0,1506.727,7430.327,4698.304,14.078,24.137,63.561,8552.848,6601.014000000001,256.184,299.288,0.0,289.15500000000003,2344.275,1813.618,1045.724,552.77,145855.01200000002,10800.586,39.76,14366.723,4683.81,1723.594,49937.169,102.79,109.2,1180.182,1430.186,0.0,20.223,188.497,1121.849,8.088000000000001,60505.58800000001,80373.876,21634.263,102008.139,19655.403,17497.808,37153.211,26292.394,165453.744,52716.638,4499.313,25584.782,18109.974,5796.5650000000005,5470.222,25358.718,137536.212,71383.544,4955.967000000001,76339.511,1189.086,380518.553,5077.735,15.998,30.264,0.0,0.0,501.544,290.384,130.516,553.95,378.055,627.795,1301.309,2.204,555.78,83.938,0.0,205.194,4630.669000000001,1046.38,4420.8,5467.18,173.698,11.206,184.904,3338.654,8990.738000000001,10218.612,19.418,12.116,113.745,26.847,0.0,507.208,10897.946000000002,1085.243,198.433,1283.676,0.15,21172.51,6041035.0,1144673.0,44928537.0,750601.0,1.3834,1.1738714285714285,1.3506380952380952,6584.018095238095,45908.10238095238,22188.588095238094,6.0,0.0,56.045627,4.336144,67.98545454545454,55.0,13.0,,,30.0,42.0,70.0,37.0,4.0,,54.0,36.0,,62.0,,57.0,31.0,46.0,38.0,48.0,13.0,7.0,10.0,27.0,20.0,43.0,22.0,,4.0,72.0,35.041666666666664,,19.11885081106049,17.855751523227724,10.230373184072436,11.604986656004527,3.5821481053208206,66.45167897070226,38.76067376296548,1.8899396882425727,13.48135357814774,64.65301493961958,76.40999197666419,29.053508457556497,40.77204735531379,17.523150252092627,263.1,1708.3,1159.1,227.1,952.8,346.9,6.9,93.4,0.4,91.0,2.0,,574.1,29.2,639.4,,,,282.1,171.9,,,330.2,120.0,21.4,139.8,,0.0,8.5,,571.8,270.0,,,0.0,2.0,0.0,0.0,0.0,0.0,0.0,2.0,0.1568852387622805,4.0,8.05,4.303397249350884,5.199150896043314,4.466114851652623,0.87,2.0,1.07,5.0,5.2,,,,2.42,2.75,0.0,4.0,3.92,4.39,4350.83231,850599.0527700001,6568832.381048599,0.0,154010.37941999998,94058.7611952824,7671851.406743882,291621.081928605,962242.51908,3439907.68497,297884.72459000006,0.0,2432126.255559999,25.8604752824,1213.83574,120496.46948,832.974920000002,0.0,125500.0,7671851.406743886,16115.21524,425223.77641471,322723.76984231,87909.67963,239332.04155379,7.707619999999999,18103.784052725,224810.79592798505,70439.646884855,1006986.62849151,4271.20787,40082.5163361,33902.204332170004,14225.97519,2504134.949386156,78254.2511797264,2582389.200565882,0.0,4350.83231,4350.83231,739235.28847,111363.7643,850599.0527700001,184843.69285,110064.85679,2504134.94938615,3769788.8820224497,6568832.381048599,7423782.2661286,248069.1406152824,7671851.406743882,2947444.21173,3330203.71638,3340727.8333,0.0,10391.64957,725872.70702,2519769.42657,79184.1073,657550.40425,1783034.9150199995,-136.55872,33214.82408,41091.66786,10524.11692,123659.55106000004,259039.60604,21.11857,39.22898000000001,2947444.21173,1085004.23415,3379291.3036299995,3145152.52657,110479.226,123659.55106000004,4464295.53778,1393191.7749899996,586224.5119,99700.0,207220.0,0.0,421398.65739,129744.2,-271838.34549,0.0,-4274.972310000001,581949.5395900001,0.0,0.0,-3778.102820000001,-406419.477,1382638.38408,-161198.56886000038,113.6,-708.7,15.402786592344897,13.127596168185578,19.219645418061443,14.331489339348346,17.677706962815105,10.991066335085641,15.759249793275112,10.991645447828398,19.415114086193565,15.936806402930907,14.843904064647482,19.121816862734264,15.48545808525807,19.143597294336587,17.401776323226738,15.204,12.682723586762622,13.947957683796254,10.0909366147037,13.495846825566902,9.236588526888886,20.242413125481466,12.745598441111007,11.653719103638828,14.777470608802437,12.734167204773316,16.174489914250998,14.75365945438885,2818.7099463991162,2402.3500987779607,19.219645418061443,630.5855309313272,141.42165570252084,87.92853068068513,977.073487183057,76.94151813479878,19.415114086193565,15.936806402930907,59.37561625858993,57.36545058820279,387.13645213145173,172.29237564902925,174.0177632322674,15.204,558.0398378175554,111.58366147037003,80.7274929176296,836.7425031851478,64.6561196882222,20.242413125481466,12.745598441111007,46.61487641455531,44.33241182640731,318.3541801193329,145.570409228259,147.53659454388853,6.646309600391136,13830.970278413955
2025-10-01,,,,,,,,,,,,,,,,,14.0,23748.0,107.0,23739.0,12.0,23855.0,2207.0,4783.0,20872.0,12843.0,1724.0,495.0,1889.0,44813.0,394926.711,66682.97,39353.606,27329.364,-328243.74100000004,10984.529,4838.8460000000005,1364.101,0.0,0.0,4174.604,2454.448,4203.28,2207.993,2308.546,2516.772,4842.284,125.534,2725.614,689.682,46.267,293.663,26588.687,5135.523,4832.6140000000005,783.128,0.0,0.0,4037.597,2391.734,4137.929,1072.588,1150.216,1660.658,3553.9300000000003,121.989,1432.846,578.868,28.936,278.101,20445.392000000003,0.01,4.189,5920.783,0.0,2406.9410000000003,7772.854,6936.5470000000005,18.19,17.197,72.156,8263.693,7941.045999999999,218.454,387.15,0.0,371.604,1898.543,3596.212,724.714,744.369,150679.181,9092.629,0.0,17666.832000000002,7475.665,1677.747,55161.147,92.873,193.121,1218.324,1670.781,0.0,0.408,7.565,713.879,6.204,68217.714,78487.747,27173.258,105661.005,28506.67,18036.518,46543.188,26596.378,178800.571,44099.418,6094.2660000000005,21101.091,17677.839,5808.447,6863.88,25979.7,127624.641,82653.589,4041.366,86694.955,1806.544,394926.711,5849.006,6.232,580.973,0.0,0.0,137.007,62.714,65.351,1135.405,1158.33,856.114,1288.354,3.545,1292.768,110.814,17.331,15.562,6143.295,1767.114,5801.003,7568.117,171.055,5.813,176.868,4359.15,12104.135,12513.4,88.413,3.248,294.306,149.272,121.938,1018.898,14189.475,152.534,883.22,1035.754,0.0,27329.364,5797634.0,1618113.0,32573417.0,1344187.0,1.3988,1.1640727272727274,1.3356954545454547,6735.691739130435,46709.672173913044,23003.125652173912,5.0,0.0,71.208295,3.949024,64.54347826086956,67.0,16.0,,16.0,31.0,38.0,73.0,37.0,5.0,33.0,,,,71.0,,58.0,30.0,48.0,36.0,56.0,14.0,8.0,13.0,22.0,19.0,43.0,22.0,,4.0,68.0,34.5,,,,,,,,,,,,,,,,,,,,,,,,,,,,,,,,,,,,,,,,,,,,,,,,,,0.0,2.0,0.0,0.0,0.0,0.0,0.0,2.0,0.1584859634810549,4.0,8.05,4.295031434641365,5.194946715208648,4.45896627786972,0.74,2.0,1.1,5.0,5.15,,,,2.23,2.75,0.0,4.0,3.82,4.23,28.74146,850787.30055,6569873.863451434,0.0,155418.31049,93892.27681587,7670000.492767304,281777.21317144,966429.87699,3443600.7798399995,298793.86125,0.0,2430088.17421,25.56610587,1204.71036,121826.33607999998,753.9747600000051,0.0,125500.0,7670000.492767309,15889.947048125,428861.996500005,323657.26562626497,85746.38120999999,238402.56530879,1.77357,17828.76586,220477.37908,67677.62353,1005323.21617296,4191.799660000001,39868.5767861,34600.285824670005,14439.95455,2496967.5307269148,78165.862657114,2575133.3933840287,0.0,28.74146,28.74146,739235.22475,111552.0758,850787.30055,181732.563715165,107159.2880569,2496967.53072691,3784014.48095246,6569873.863451434,7420689.905461434,249310.58730587,7670000.492767304,2780590.1160499994,3158497.01364,3169098.3823299995,0.0,7967.187319999999,574278.00862,2502157.072,79214.8198,661412.189,1761530.0632,-211.74624,33214.82408,41091.66786,10601.36869,126273.96784000004,250997.29151,595.90926,39.72898000000001,2780590.1160500003,1081113.33086,3179699.77161,2977117.35755,76308.44622000001,126273.96784000004,4260813.102469999,1353949.0185799997,652814.8191000001,181650.0,207220.0,0.0,421398.65739,117964.6,-275418.43829,0.0,-5229.31192,647585.5071800001,0.0,0.0,-4486.166899999999,-406419.477,1374692.21516,-257423.05986000085,114.0,,16.08718701745234,13.870320393967708,20.60459585402985,14.985047623532143,17.846865721224898,12.464569559627703,16.634818347632418,9.796811229718427,23.853869239731797,15.496720490756687,14.64164952776526,20.157946934299655,16.586761786390596,18.672730531901756,18.0465986404945,18.131225555017902,13.443089651497226,14.432723558678273,10.82938379553763,14.480412194524217,8.87960180021505,19.54932868025087,12.745598441111007,11.954208797401375,16.19523393925923,13.713332367578476,16.535023175396223,14.62558524826878,2943.955224193778,2538.2686320960906,20.60459585402985,659.3420954354143,142.77492576979918,99.71655647702163,1031.35873755321,68.577678608029,23.853869239731797,15.496720490756687,58.56659811106104,60.47384080289898,414.6690446597649,168.05457478711583,180.46598640494503,18.131225555017902,591.4959446658779,115.46178846942618,86.63507036430104,897.7855560605014,62.15721260150536,19.54932868025087,12.745598441111007,47.8168351896055,48.58570181777768,342.8333091894619,148.815208578566,146.2558524826878,6.841782143812939,14237.748641274726
2025-11-01,,,,,,,,,,,,,,,,,53.0,66798.0,29464.0,66798.0,53.0,96262.0,6443.0,6628.0,27066.0,19034.0,3228.0,979.0,3012.0,66390.0,347527.485,78452.038,41747.713,36704.325,-269075.447,11206.49,1430.214,1595.711,0.0,0.0,11275.68,3956.45,5653.027,1119.302,1204.163,2017.467,1770.754,35.874,2081.667,1024.393,362.893,943.622,31445.292,4565.575,1418.608,1143.176,0.0,0.0,11034.251,3771.851,4701.951,779.869,911.392,1626.89,1485.456,32.952,1296.748,910.549,360.818,637.022,27549.749,6.272,0.0,4466.617,0.0,2184.1620000000003,14286.57,6870.397,18.767,64.358,6.203,6907.652,6936.715,220.032,262.255,0.0,597.582,2199.064,1294.658,1421.784,941.34,140431.208,8266.115,0.728,12750.13,2458.231,2188.159,46594.896,0.0,140.861,1391.43,673.337,200.0,60.53,115.591,593.953,77.012,54494.0,82555.923,24440.08,106996.003,13309.949,15039.128,28349.077,19877.75,155222.83,51781.814,5080.996,15044.988,13462.797,4295.197,10301.666,20323.85,120291.308,64437.648,6214.092000000001,70651.74,1361.607,347527.485,6640.915,11.606,452.535,0.0,0.0,241.429,184.599,951.076,339.433,292.771,390.577,285.298,2.922,784.919,113.844,2.075,306.6,3895.543,1023.902,4171.3550000000005,5195.2570000000005,90.0,4.587,94.587,5309.917,10599.761000000002,24218.674,63.513,28.277,163.424,4.233,45.49,600.317,25123.928,872.229,103.907,976.136,4.5,36704.325,5853741.0,1519933.0,63470540.0,3930347.0,1.4056,1.1558111111111111,1.3138833333333333,6740.885789473684,47016.374210526315,23023.62263157895,7.0,0.0,58.187574,3.415722,63.797000000000004,74.0,19.0,,17.0,28.0,38.0,79.0,43.0,,39.0,,26.0,,99.0,52.0,61.0,32.0,65.0,39.0,70.0,16.0,7.0,11.0,28.0,20.0,45.0,28.0,8.0,4.0,72.0,39.23076923076923,12403.084010958672,,,,,,,,,,,,,,,,,,,,,,,,,,,,,,,,,,,,,,,,,,,,,,,,,0.0,2.0,0.0,0.0,0.0,0.0,0.0,2.0,0.159147225169926,4.0,8.05,4.284314664427794,5.185372900900672,4.441217717492763,0.64,2.0,1.1,5.0,5.09,,,,2.16,2.5,,3.0,3.78,4.0,29.46802,853231.40567,6660531.430821801,0.0,155306.77547,94216.14233,7763315.2223118,307418.2086918,1001923.63769,3458809.64731,297469.0184400001,0.0,2448171.79238,149.95094,1195.07568,121753.53171999996,924.359460000005,0.0,125500.0,7763315.2223118,15853.42555,426108.58538,337373.98272,89735.04417000001,241198.73335,9.644620000000002,18272.39925,238203.13647,70761.42001,1013795.24019,4297.403230000001,40429.89565,34467.65974,19370.98196,2549877.55229,78416.86516000002,2628294.41745,0.0,29.46802,29.46802,740360.8476,112870.55807,853231.40567,190004.2659918,106401.9966,2549877.55229,3814247.61594,6660531.430821801,7513792.3045118,249522.9178,7763315.2223118,2681517.55973,3059408.00722,3070598.2933,0.0,7233.59141,571669.04987,2418864.90835,79214.8198,653171.9137100001,1686478.17484,65.92238,33214.82408,28359.71113,11190.286079999998,126881.26447,250997.29151,11.34003,0.5514800000000001,2681517.5597300003,1090855.1851700002,2921153.94112,2707661.91109,86610.76556,126881.26447,4012009.12629,1203610.3020899987,374345.69908,0.0,207220.0,0.0,421398.65739,108507.2,-362780.15831,0.0,-3380.99559,370964.70349,0.0,0.0,-4427.39984,-406419.477,1375947.66562,-132455.19018000102,114.2,,16.429331445049936,13.697294853792595,23.248404788703095,14.859699461498257,17.88100119057605,12.746697675383066,17.267076136467598,10.6904093656849,24.146345120592507,15.32884007456883,14.308651527171678,20.733896755006594,17.148619953864127,18.769144650962268,18.253001412692246,18.35017098317457,13.056335304833146,14.27753860370035,10.185846317222214,14.221381486900276,9.433806042913828,18.17104246742061,12.745598441111005,12.275052736309467,15.68545182420631,13.723284277466647,16.461753380577562,15.199556530436466,3006.5676544441385,2506.604958244045,23.248404788703095,653.8267763059233,143.0480095246084,101.97358140306453,1070.5587204609908,74.8328655597943,24.146345120592507,15.32884007456883,57.23460610868671,62.201690265019785,428.71549884660317,168.92230185866043,182.53001412692248,18.35017098317457,574.4787534126584,114.2203088296028,81.48677053777772,881.7256521878171,66.03664230039679,18.17104246742061,12.745598441111005,49.10021094523787,47.05635547261893,343.08210693666615,148.15578042519806,151.99556530436465,7.118352011815251,14813.29053658754
2025-12-01,3581.494413865169,1203.190722142715,401.9022344353558,223.350425603967,86.58190241558268,64.92525411258862,318.9816517671036,178.11585262094235,15.922973964778182,,3029.6016092684035,0.0,308.85169786323445,551.8928045967655,,779.6716989389013,90.0,115485.0,40761.0,,,156246.0,,,,,,,,78210.0,393455.0,72549.82,32029.67,40520.15,-320905.18,7794.731,3540.355,1099.929,160.0,0.0,4807.195,3273.658,2197.265,1129.522,1702.5,2403.81,2767.501,41.372,1813.738,340.307,165.037,630.39,21272.295,3014.482,3496.83,468.502,160.0,0.0,4310.75,3013.722,2034.06,905.384,1010.831,1176.131,1981.54,3.614,1426.578,322.31600000000003,164.913,555.319,16905.158,0.0,0.762,3314.532,0.0,1705.88,6675.735000000001,4657.365,26.96,13.484,0.178,8323.156,7311.617999999999,321.471,92.275,0.0,275.765,2248.663,2993.726,676.61,703.1080000000001,137304.828,11057.509,0.0,8663.414,6449.34,1913.651,47270.446,386.833,57.703,1416.955,1129.572,0.0,97.13,179.518,1272.703,21.87,60195.721000000005,91365.242,30737.854,122103.096,20816.259,18712.119,39528.378,20110.634,181742.108,38502.606,6944.525000000001,23662.221,17929.101,4106.432,6793.993,24398.656,122337.534,83164.16100000001,3225.122,86389.28300000001,2986.0750000000003,393455.0,4780.249,43.525,631.427,0.0,0.0,496.445,259.936,163.205,224.138,691.669,1227.679,785.961,37.758,387.16,17.991,0.124,75.071,4367.137,973.101,4804.745,5777.846,518.921,0.448,519.369,3311.875,9609.09,29829.28,32.803,0.356,44.76,5.325,178.285,259.605,30350.414,76.175,484.271,560.446,0.2,40520.15,3425494.0,763373.0,23654445.0,4356466.0,1.3795,1.1710363636363637,1.3387181818181817,6853.0254545454545,48118.86681818182,23377.327272727274,6.0,1.0,50.748053,3.69456,62.54428571428572,85.0,20.0,4.0,,28.0,37.0,92.0,48.0,,65.0,,49.0,,100.0,65.0,56.0,36.0,98.0,44.0,74.0,20.0,10.0,9.0,30.0,20.0,43.0,34.0,13.0,5.0,77.0,44.69230769230769,12190.18748730421,19.11834836632529,18.165951029179805,10.045738002070305,11.855583030401323,3.4799913922714274,65.7205217634613,38.06503069000779,2.451365787626872,17.634133929938915,64.73781631006372,76.02258334770151,28.810735337130705,39.91439053513904,22.079968050746384,,,,,,,,,,,,,,,,,,,,,,,,,,,,,,,,,,,0.0,2.0,0.0,0.0,0.0,0.0,0.0,2.0,0.1707878506867053,4.0,8.05,4.268735109351313,5.177947552764192,4.4345271606270815,0.59,2.0,1.1,5.0,5.13,,,,2.15,2.5,,3.9048,3.59,3.83,43.85608,849268.63304,6684688.2564099,0.0,155144.52824,85848.02997156279,7774993.3037414625,297503.8262399,1007806.63815,3474919.2631900003,299618.28076,0.0,2454152.73719,23.7205315628,1185.5588799999998,113638.46168,644.817120000004,0.0,125500.0,7774993.303741463,14588.521238125,423731.641498905,314015.23582818004,92142.99408,242814.02180836495,35.92168,18245.776112725,246063.500757985,71959.47239,1008383.65747793,4047.37783,40606.800166415,32480.400739,19279.87815,2528395.19975763,78159.81076376642,2606555.0105213965,0.0,43.85608,43.85608,739246.03488,110022.59816,849268.63304,208061.54713,105530.6756,2528395.19975763,3842700.8339222698,6684688.2564099,7534000.7455299,240992.5582115628,7774993.303741463,2691608.8115500007,3045727.0790200005,3057582.2208700003,0.0,6494.851189999999,572586.3922800001,2400155.60269,29708.041800000003,650424.31127,1720023.24962,32.96102,34879.61578,31577.65606,11855.141849999998,127022.13059,227088.62537,6.96003,0.5514800000000001,2691608.81155,1175140.33107,3045478.74374,2815815.28824,102641.32491,127022.13059,4220619.07481,1401988.132669999,610293.67441,207180.0,207220.0,0.0,421398.65739,108507.2,-334012.18298000004,0.0,-3589.907020000001,606703.7673899999,0.0,0.0,-3623.72056,-406419.477,1412966.09045,-207638.5276100009,113.8,,15.723306622813272,13.750193932637428,20.233991795721725,14.568578793429078,16.463635014088947,11.291765650736588,16.641227363219386,9.71039198726667,20.427645084762915,15.646973748821203,14.500268976904286,19.642131315023057,15.995516497884116,18.08772434979008,17.866208723767073,17.785457712508936,13.350691696282984,13.876613830972177,10.085524036402319,14.511389679005658,9.241481948627746,18.831483368100322,12.745598441111007,11.822676539336857,16.058042507885272,13.415634272890303,15.968068247287894,14.883057410788487,2877.365111974829,2516.2854896726494,20.233991795721725,641.0174669108794,131.70908011271158,90.3341252058927,1031.756096519602,67.97274391086667,20.427645084762915,15.646973748821203,58.00107590761714,58.92639394506916,399.8879124471029,162.78951914811074,178.66208723767073,17.785457712508936,587.4304346364513,111.01291064777742,80.68419229121855,899.7061600983508,64.69037364039423,18.831483368100322,12.745598441111007,47.29070615734743,48.17412752365581,335.39085682225755,143.71261422559104,148.83057410788487,7.120602120949887,14817.973013696717
2026-01-01,,,,,,,,,,,,,,,,,,,,,,,,,,,,,,,,,,,,,,,,,,,,,,,,,,,,,,,,,,,,,,,,,,,,,,,,,,,,,,,,,,,,,,,,,,,,,,,,,,,,,,,,,,,,,,,,,,,,,,,,,,,,,,,,,,,,,,,,,,,,,,,,,,,,,,,,,,,,,,,,,,,,,,,,,3198634.0,1761107.0,40354130.0,3767563.0,1.3771,1.1744299999999999,1.3535650000000001,6929.122,49138.274,23520.722,,,46.849301,2.21514,66.60238095238095,83.0,16.0,6.0,,32.0,44.0,80.0,35.0,4.0,72.0,60.0,25.0,,86.0,,75.0,38.0,100.0,56.0,100.0,23.0,11.0,15.0,31.0,25.0,63.0,48.0,9.0,4.0,100.0,45.96296296296296,12524.096859514711,,,,,,,,,,,,,,,,,,,,,,,,,,,,,,,,,,,,,,,,,,,,,,,,,0.0,2.0,0.0,0.0,0.0,0.0,0.0,2.0,0.1707878506867053,4.0,8.05,4.261577575566173,5.154276706966835,4.383176267048978,0.49,2.0,1.1,5.0,5.17,,,,2.18,2.5,,3.75,3.57,3.75,1652.01087,850793.3534499999,6731436.983856545,0.0,155187.93069,85897.852925912,7824968.131792456,333171.968086545,997173.29359,3482487.04044,299892.54343,0.0,2471157.50263,23.265935912000003,1176.30636,113484.29708,901.914240000001,0.0,125500.0,7824968.131792456,16212.998898125,419537.077670845,324317.201195575,83944.03005999999,238647.29431904497,27.35051,17383.052732725002,245838.72287825,69803.0068,1021090.286181725,4220.286889999999,39854.1231361,32157.449219495,19554.97661,2532587.857101885,78224.80871747399,2610812.665819359,0.0,1652.01087,1652.01087,739238.92531,111554.42814,850793.3534499999,235983.52981000004,103444.35561,2532587.8571018847,3859421.24133466,6731436.983856545,7583882.348176545,241085.783615912,7824968.131792458,2655666.24591,3023690.10718,3035265.34055,0.0,16424.21693,607480.01679,2333385.13292,0.0,634265.10258,1699120.03034,-56.5313,34879.61578,31577.65606,11575.23337,126996.01536,241011.2265,16.06793,0.5514800000000001,2655666.24591,1145747.42834,2988662.12374,2757910.4708700003,103755.63751,126996.01536,4134409.55208,1351747.290810001,528638.13881,181210.0,207220.0,0.0,421398.65739,96727.6,-377918.11858,0.0,-4910.69379,523727.44502,0.0,0.0,-2625.43508,-426790.04367,1404551.8143,-147116.4897599988,113.6,,16.1293476746181,13.797667897936014,19.592637330976675,14.952347068992465,16.953033954368045,10.632773437098082,16.918103959346116,11.43504160656693,16.42814484154604,14.829791855799051,14.407482306199661,21.465814334728716,16.50662458205525,19.231410791392577,18.548689963106604,18.53516129032258,13.472077864147922,13.712596051321636,9.488712632934568,14.637186306964956,9.597430386011261,16.036837703942584,12.745598441111007,11.961870087723955,16.432106940203067,13.48165180920858,15.983897671493391,14.654599321128988,2951.6706244551124,2524.9732253222905,19.592637330976675,657.9032710356685,135.62427163494436,85.06218749678466,1048.9224454794592,80.04529124596851,16.42814484154604,14.829791855799051,57.629929224798644,64.39744300418614,412.66561455138117,173.08269712253318,185.486899631066,18.53516129032258,592.7714260225085,109.70076841057309,75.90970106347655,907.5055510318273,67.18201270207884,16.036837703942584,12.745598441111007,47.84748035089582,49.2963208206092,337.04129523021453,143.85507904344053,146.54599321128987,6.9957885349762305,14558.235941285535
2026-02-01,,,,,,,,,,,,,,,,,,,,,,,,,,,,,,,,,,,,,,,,,,,,,,,,,,,,,,,,,,,,,,,,,,,,,,,,,,,,,,,,,,,,,,,,,,,,,,,,,,,,,,,,,,,,,,,,,,,,,,,,,,,,,,,,,,,,,,,,,,,,,,,,,,,,,,,,,,,,,,,,,,,,,,,,,2818214.0,1569928.0,66056041.0,23992352.0,1.3648,1.1824105263157894,1.357921052631579,6893.806315789474,49511.97210526316,22892.923157894737,,,51.838961,2.995801,70.887,89.0,24.0,4.0,15.0,32.0,45.0,78.0,36.0,4.0,79.0,,27.0,,87.0,,73.0,38.0,82.0,56.0,84.0,22.0,14.0,18.0,33.0,25.0,58.0,41.0,8.0,5.0,82.0,42.925925925925924,12404.60546785593,,,,,,,,,,,,,,,,,,,,,,,,,,,,,,,,,,,,,,,,,,,,,,,,,0.0,2.0,0.0,0.0,0.0,0.0,0.0,2.0,0.1707878506867053,4.0,8.05,4.260836121346242,5.172895251763443,4.420221727988046,0.44,2.0,1.1,5.0,4.38,,,,2.18,2.5,,3.75,3.6,3.75,11865.68904,848987.3744,6733014.788899999,0.0,155016.22427999997,85661.04401,7834545.120629999,327675.15561,1010877.99592,3482999.7104200004,304763.72744999995,0.0,2467551.26294,7.647150000000001,1166.69966,113387.7933,785.1281799999999,0.0,125330.0,7834545.120630001,15983.038520000002,413852.86616,320571.393,87323.00429999999,240706.42646,44.82158999999999,18853.193990000003,245848.51028,69497.98574,1027613.56294,4084.48575,39852.11762999999,31469.23452,19506.665330000003,2535207.3062100005,78066.46739999998,2613273.7736100005,0.0,11865.68904,11865.68904,739235.52642,109751.84798,848987.3744,220278.77595,108381.02602,2535207.3062100005,3869147.680719999,6733014.788899999,7593867.852339999,240677.26829,7834545.120629999,2652289.17146,3020758.06824,3033372.87922,0.0,10530.95161,607686.7588800001,2347950.40747,0.0,634259.60062,1713690.80685,98.00696,35013.665740000004,19478.27758,12614.810979999998,127456.62004,241011.2265,0.0,1.05024,2652289.1714599994,1160868.44704,2882846.72435,2620170.46952,135219.63478999998,127456.62004,4043715.17139,1263969.3798900004,451721.03382,113665.0,207220.0,0.0,421398.65739,87270.2,-377832.82357,0.0,-7218.18218,444502.85164,0.0,0.0,-1300.42982,-426790.04367,1401917.37546,-154360.37371999957,113.7,,15.873426620034323,13.611586490599342,17.35843204766953,14.872400226275328,17.091117505259355,10.076052265531192,16.334078043996904,11.297438345466006,18.684257947998702,15.579256535865735,14.142369025385964,21.179176348750282,16.39144035440659,19.774507847272705,18.183366503282436,14.947500000000002,13.234840481923694,13.907502924211267,9.096246205873001,14.287217629688294,9.468855094087301,15.707841966349147,12.745598441111005,12.173584865247959,16.60341376608462,13.444074569861884,16.142134425749525,14.918127959007895,2904.837071466281,2490.9203277796796,17.35843204766953,654.3856099561144,136.72894004207484,80.60841812424954,1012.712838727808,79.08206841826204,18.684257947998702,15.579256535865735,56.569476101543856,63.537529046250846,409.7860088601647,177.97057062545437,181.83366503282437,14.947500000000002,582.3329812046426,111.26002339369013,72.76996964698401,885.8074930406741,66.2819856586111,15.707841966349147,12.745598441111005,48.694339460991834,49.810241298253864,336.1018642465471,145.27920983174573,149.18127959007896,6.869590544486111,14295.617923075599
2026-03-01,,,,,,,,,,,,,,,,,,,,,,,,,,,,,,,,,,,,,,,,,,,,,,,,,,,,,,,,,,,,,,,,,,,,,,,,,,,,,,,,,,,,,,,,,,,,,,,,,,,,,,,,,,,,,,,,,,,,,,,,,,,,,,,,,,,,,,,,,,,,,,,,,,,,,,,,,,,,,,,,,,,,,,,,,4976472.0,601590.0,,,1.372,1.155668181818182,1.3338681818181817,6654.419090909091,46859.67227272727,22130.03818181818,,,61.743409,3.496568,103.13454545454546,81.0,20.0,6.0,,33.0,44.0,77.0,37.0,6.0,60.0,,27.0,,84.0,,64.0,46.0,80.0,51.0,76.0,18.0,10.0,19.0,34.0,30.0,58.0,38.0,5.0,,87.0,43.64,,,,,,,,,,,,,,,,,,,,,,,,,,,,,,,,,,,,,,,,,,,,,,,,,,,,,,,,,,,,,,,,0.43,2.0,,,5.57,,,,2.29,2.5,,3.75,3.61,3.75,,,,,,,,,,,,,,,,,,,,,,,,,,,,,,,,,,,,,,,,,,,,,,,,,,,,,,,,,,,,,,,,,,,,,,,,,,,,,,,,,,,,,,,,,,,,,,,,15.912140053355145,13.675893928889524,16.50137497955894,14.562589547484958,17.53856661034934,10.685433999476222,16.621194317315062,11.42665920226512,17.95578258047073,15.062621574568832,14.241513868388761,21.73203654376893,16.73814958462936,18.417937745592507,17.897789914113247,16.466428571428573,13.407365835701654,14.006674359742021,9.402730106607125,14.268816276833073,9.12726321758503,15.307527569285648,12.745598441111005,12.215131335575341,16.61608521321425,13.424277438139665,16.220201166649,15.211472278126946,2911.9216297639914,2502.688588986783,16.50137497955894,640.7539400893381,140.3085328827947,85.48347199580978,1030.514047673534,79.98661441585584,17.95578258047073,15.062621574568832,56.966055473555045,65.19610963130678,418.453739615734,165.76143971033255,178.97789914113247,16.466428571428573,589.9240967708728,112.05339487793617,75.221840852857,884.6666091636505,63.890842523095216,15.307527569285648,12.745598441111005,48.860525342301365,49.84825563964275,335.60693595349164,145.98181049984103,152.11472278126945,6.775868485023292,14100.582317333472
2026-04-01,,,,,,,,,,,,,,,,,,,,,,,,,,,,,,,,,,,,,,,,,,,,,,,,,,,,,,,,,,,,,,,,,,,,,,,,,,,,,,,,,,,,,,,,,,,,,,,,,,,,,,,,,,,,,,,,,,,,,,,,,,,,,,,,,,,,,,,,,,,,,,,,,,,,,,,,,,,,,,,,,,,,,,,,,,,,,1.3754,1.1697318181818182,1.3454045454545456,6957.007619047619,48429.89619047619,23677.053333333333,,,,,117.2875,74.0,15.0,5.0,,34.0,38.0,71.0,37.0,10.0,58.0,40.0,24.0,,74.0,48.0,54.0,38.0,64.0,43.0,55.0,16.0,9.0,19.0,26.0,26.0,51.0,29.0,8.0,,70.0,38.370370370370374,,,,,,,,,,,,,,,,,,,,,,,,,,,,,,,,,,,,,,,,,,,,,,,,,,,,,,,,,,,,,,,,,,,,,,,,,,,,,,,,,,,,,,,,,,,,,,,,,,,,,,,,,,,,,,,,,,,,,,,,,,,,,,,,,,,,,,,,,,,,,,,,,,,,,,,,,,,,,,,,,,,,,,,,,,,,,16.114786141367713,13.771856335241166,19.746947021696556,14.646408062881118,17.53386628997121,10.874755124146192,16.87315553703952,12.4297309749694,16.81406870076125,15.993928518675576,14.35371057268819,21.120693855984527,17.01253862016276,17.68373018456621,18.63522724043422,18.86888888888889,13.53608917310138,14.152153039732466,9.808025702196487,14.425908903768084,9.558025372081126,15.731836113250965,12.745598441111007,12.037717710205706,16.307668616172805,13.4924619450864,15.635438131422003,14.92171342165016,2949.0058638702913,2520.2497093491334,19.746947021696556,644.4419547667692,140.2709303197697,86.99804099316954,1046.13564329645,87.0081168247858,16.81406870076125,15.993928518675576,57.41484229075276,63.36208156795359,425.31346550406914,159.15357166109587,186.3522724043422,18.86888888888889,595.5879236164608,113.21722431785973,78.46420561757189,894.4063520336211,66.90617760456789,15.731836113250965,12.745598441111007,48.150870840822826,48.923005848518414,337.31154862716,140.71894318279803,149.21713421650162,6.991576531474858,14549.47076199918
2026-05-01,,,,,,,,,,,,,,,,,,,,,,,,,,,,,,,,,,,,,,,,,,,,,,,,,,,,,,,,,,,,,,,,,,,,,,,,,,,,,,,,,,,,,,,,,,,,,,,,,,,,,,,,,,,,,,,,,,,,,,,,,,,,,,,,,,,,,,,,,,,,,,,,,,,,,,,,,,,,,,,,,,,,,,,,,,,,,,1.1725363636363637,1.3552454545454546,7379.24125,49720.544375,25993.405625,,,,,110.10272727272728,68.0,14.0,2.0,8.0,37.0,49.0,68.0,35.0,11.0,28.0,19.0,13.0,,71.0,12.0,51.0,39.0,64.0,33.0,39.0,14.0,8.0,15.0,21.0,32.0,41.0,27.0,1.0,,45.0,30.892857142857142,,,,,,,,,,,,,,,,,,,,,,,,,,,,,,,,,,,,,,,,,,,,,,,,,,,,,,,,,,,,,,,,,,,,,,,,,,,,,,,,,,,,,,,,,,,,,,,,,,,,,,,,,,,,,,,,,,,,,,,,,,,,,,,,,,,,,,,,,,,,,,,,,,,,,,,,,,,,,,,,,,,,,,,,,,,,,15.858646601465091,14.227370998919232,14.442109840307225,14.945922770622124,14.991669630466609,12.472859163563752,16.96665017914276,10.685597926798335,20.198964687588344,14.974598041843356,15.631270524024591,19.311815798699456,15.677238321423049,19.554550820882415,16.006588172860233,13.01,14.355616589903192,13.863791017129586,10.034241471805542,14.896510668876935,8.751218973386239,20.812599740185167,12.745598441111007,12.787382553888838,17.95964392481478,13.857082365281462,16.490918056625485,14.949332683796252,2902.1323280681117,2603.6088928022195,14.442109840307225,657.6206019073735,119.93335704373287,99.78287330851002,1051.9323111068513,74.79918548758835,20.198964687588344,14.974598041843356,62.525082096098366,57.93544739609837,391.9309580355762,175.99095738794173,160.06588172860233,13.01,631.6471299557405,110.91032813703669,80.27393177444434,923.58366147037,61.258532813703674,20.812599740185167,12.745598441111007,51.14953021555535,53.87893177444434,346.4270591320365,148.41826250962936,149.49332683796254,6.907244541230011,14373.975890299655
