date,ntl_mean,ntl_sum,ntl_n
2012-01-19,5.967540920453826,12418.45265546441,2081
2012-01-20,6.383602997937035,13284.27783870697,2081
2012-01-21,7.542245382717858,15695.412641435862,2081
2012-01-22,5.796826664428193,12063.19628867507,2081
2012-01-23,6.740417801878419,14026.80944570899,2081
2012-01-24,6.138235827454118,12773.66875693202,2081
2012-01-25,6.982657515117608,14530.910288959742,2081
2012-01-26,7.924411571452619,16490.7004801929,2081
2012-01-27,5.853395952471227,12180.916977092624,2081
2012-01-28,6.075471091199199,12643.055340785531,2081
2012-01-29,5.840169260954124,12153.392232045531,2081
2012-01-30,6.685303421367939,13912.11641986668,2081
2012-01-31,7.888142386504173,16415.224306315184,2081
2012-02-01,6.306858962005231,13124.573499932883,2081
2012-02-02,5.751669673636692,11969.224590837955,2081
2012-02-03,5.737817042926348,11940.397266329732,2081
2012-02-04,6.608323352934056,13751.92089745577,2081
2012-02-05,7.8277132863846575,16289.471348966472,2081
2012-02-06,7.208753669966533,15001.416387200356,2081
2012-02-07,6.309303568630353,13129.660726319766,2081
2012-02-08,6.986391952642629,14538.681653449312,2081
2012-02-09,6.015070603504081,12517.361925891992,2081
2012-02-10,6.519898952875539,13567.909720933996,2081
2012-02-12,6.192124069686254,12885.810189017096,2081
2012-02-13,5.2136210053158925,10849.545312062372,2081
2012-02-14,5.705040079107115,11872.188404621906,2081
2012-02-15,6.64938711671088,13837.37458987534,2081
2012-02-16,7.1792563044326,14940.03236952424,2081
2012-02-17,6.284749429130542,13078.56356202066,2081
2012-02-20,5.886667352221666,12250.154759973288,2081
2012-02-21,6.938944050015551,14439.942568082362,2081
2012-02-22,6.349816593540683,13213.96833115816,2081
2012-02-23,6.1865752901361,12874.263178773224,2081
2012-02-24,6.995391017478541,14557.408707372844,2081
2012-02-25,5.509747861283493,11465.78529933095,2081
2012-02-26,7.344060183666979,15282.989242210984,2081
2012-02-27,7.21904857752416,15022.840089827776,2081
2012-02-28,5.507849746684023,11461.835322849452,2081
2012-02-29,5.100050291867281,10613.204657375813,2081
2012-03-01,6.930714254172188,14422.816362932324,2081
2012-03-03,6.9048800080986,14369.055296853185,2081
2012-03-04,5.987965277797358,12460.955743096303,2081
2012-03-05,5.856940768233732,12188.293738694396,2081
2012-03-06,5.807379259651814,12085.156239335423,2081
2012-03-07,6.0097642380311,12506.31937934272,2081
2012-03-08,6.078113580503108,12648.554361026969,2081
2012-03-09,6.882387527378777,14322.248444475234,2081
2012-03-12,6.872560987522909,14301.799415035171,2081
2012-03-13,6.679148392262656,13899.307804298587,2081
2012-03-14,6.094432212544828,12682.513434305789,2081
2012-03-15,5.881879719725198,12240.191696748136,2081
2012-03-16,5.692573943959011,11846.246377378702,2081
2012-03-17,6.435012180492432,13391.260347604752,2081
2012-03-18,6.895816031655459,14350.19316187501,2081
2012-03-19,6.72712259810169,13999.142126649618,2081
2012-03-20,6.915782171894529,14391.742699712517,2081
2012-03-21,6.837805014298777,14229.472234755754,2081
2012-03-22,4.946757112469942,10294.201551049948,2081
2012-03-23,5.649942991167579,11757.531364619732,2081
2012-03-27,5.06348300406934,10537.108131468296,2081
2012-03-29,5.830686769767314,12133.65916788578,2081
2012-03-30,6.926570959528841,14414.194166779518,2081
2012-03-31,6.347288219216121,13208.706784188747,2081
2012-04-01,5.27980292881698,10987.269894868135,2081
2012-04-02,6.824987629953913,14202.799257934092,2081
2012-04-03,6.689002456500632,13919.814111977816,2081
2012-04-04,5.518499057611082,11483.996538888665,2081
2012-04-05,6.819044736635114,14190.432096937671,2081
2012-04-08,5.558901313937973,11568.07363430492,2081
2012-04-09,7.403989481836144,15407.702111701015,2081
2012-04-10,6.304756058579609,13120.197357904166,2081
2012-04-11,6.673058193965543,13886.634101642296,2081
2012-04-12,5.9064036002566125,12291.22589213401,2081
2012-04-13,5.632832420181621,11721.924266397951,2081
2012-04-14,7.073773415643742,14720.522477954626,2081
2012-04-15,6.8263269247113945,14205.586330324411,2081
2012-04-16,6.242710300874733,12991.08013612032,2081
2012-04-17,5.190666746607714,10801.777499690652,2081
2012-04-18,6.6072872284798025,13749.764722466469,2081
2012-04-19,6.619904134299021,13776.020503476262,2081
2012-04-23,5.549071020887541,11547.616794466972,2081
2012-04-24,6.088372331637135,12669.90282213688,2081
2012-04-25,7.68810542182015,15998.947382807732,2081
2012-04-26,6.530256836603949,13589.464476972818,2081
2012-04-27,5.380572914733502,11196.972235560415,2081
2012-04-28,5.40261695845834,11242.845890551804,2081
2012-04-29,5.945483538635873,12372.551243901253,2081
2012-04-30,6.483476483237566,13492.114561617374,2081
2012-05-01,6.8220746254245,14196.737295508385,2081
2012-05-02,5.697221578205795,11855.91810424626,2081
2012-05-03,6.760891128594574,14069.414438605309,2081
2012-05-09,6.3324790504364525,13177.888903958255,2081
2012-05-12,6.048822950412452,12587.600559808314,2081
2012-05-13,5.6778455907653465,11815.596674382688,2081
2012-05-14,6.108682802925311,12712.168912887571,2081
2012-05-16,6.269076091389081,13045.947346180676,2081
2012-05-17,6.4594713613885,13442.159903049467,2081
2012-05-18,6.596659631525193,13727.648693203926,2081
2012-05-19,5.280347647932159,10988.403455346825,2081
2012-05-20,5.944751558926517,12371.02799412608,2081
2012-05-21,6.433203906909254,13387.497330278158,2081
2012-05-22,6.891090431017465,14340.359186947346,2081
2012-05-23,6.401648078985595,13321.829652369022,2081
2012-05-24,6.6325631997208365,13802.36401861906,2081
2012-05-25,4.983500012092325,10370.663525164127,2081
2012-05-26,5.885882491935966,12248.521465718746,2081
2012-05-27,7.264139570578654,15116.674446374178,2081
2012-05-28,6.8333211441214186,14220.141300916672,2081
2012-05-29,5.404878549095188,11247.552260667086,2081
2012-05-30,6.639100568060231,13815.96828213334,2081
2012-05-31,6.513507318533939,13554.608729869127,2081
2012-06-02,6.63407795403577,13805.516222348437,2081
2012-06-03,5.668400756603577,11795.941974492043,2081
2012-06-04,5.211094972962526,10844.288638735015,2081
2012-06-05,6.479612554751555,13484.073726437986,2081
2012-06-07,6.234684377182803,12974.378188917412,2081
2012-06-10,5.63188661721744,11719.956050429491,2081
2012-06-12,5.702530851434596,11866.966701835394,2081
2012-06-13,6.507040803103651,13541.151911258698,2081
2012-06-15,6.552240516820359,13635.212515503168,2081
2012-06-16,6.63902779574408,13815.81684294343,2081
2012-06-17,6.336104739419776,13185.433962732552,2081
2012-06-18,6.692937964819647,13928.003904789686,2081
2012-06-19,5.951973125947204,12386.05607509613,2081
2012-06-20,5.0345658269468725,10476.93148587644,2081
2012-06-21,4.935775065825915,10271.347911983728,2081
2012-06-23,8.152831361220468,16966.042062699795,2081
2012-06-24,6.099217966091513,12692.472587436438,2081
2012-06-25,5.345656418344941,11124.311006575825,2081
2012-06-26,5.2408868678053775,10906.28557190299,2081
2012-06-27,6.223841860711374,12951.81491214037,2081
2012-06-28,6.550132134552474,13630.824972003698,2081
2012-06-29,6.3642085481726856,13243.917988747358,2081
2012-06-30,5.425569253750342,11290.609617054462,2081
2012-07-01,6.458781090022165,13440.723448336124,2081
2012-07-02,6.417444169779112,13354.701317310331,2081
2012-07-03,5.923047124469498,12325.861066021023,2081
2012-07-04,6.381584117472787,13280.076548460873,2081
2012-07-05,5.553661726239276,11557.170052303933,2081
2012-07-06,5.246864736233227,10918.725516101344,2081
2012-07-07,5.402565588540917,11242.738989753649,2081
2012-07-08,6.664724822481937,13869.292355584912,2081
2012-07-09,6.912027913184657,14383.93008733727,2081
2012-07-10,6.057704844837404,12606.083782106638,2081
2012-07-11,5.748179376282868,11961.96128204465,2081
2012-07-12,6.035753440450213,12560.402909576893,2081
2012-07-14,7.248618421890826,15084.37493595481,2081
2012-07-15,6.254230683795653,13015.054052978754,2081
2012-07-16,4.851825829854898,10096.649551928043,2081
2012-07-17,5.3885138578738,11213.497338235378,2081
2012-07-18,5.3088066614573535,11047.626662492752,2081
2012-07-19,5.325845593130972,11083.084679305552,2081
2012-07-20,6.171159791135834,12842.18352535367,2081
2012-07-21,5.255259636830734,10936.195304244757,2081
2012-07-22,5.333755457046111,11099.545106112955,2081
2012-07-23,5.194923267362784,10810.635319381952,2081
2012-07-24,5.790314240160039,12049.64393377304,2081
2012-07-25,6.519678121680597,13567.450171217322,2081
2012-07-26,6.176869793473271,12854.066040217876,2081
2012-07-27,5.457850435285944,11357.78675583005,2081
2012-07-28,5.53513612638638,11518.618279010056,2081
2012-07-29,5.606538293058843,11667.206187855452,2081
2012-07-30,6.359152675018695,13233.396716713904,2081
2012-07-31,5.099809578892755,10612.703733675822,2081
2012-08-01,5.171421901332467,10761.728976672865,2081
2012-08-02,4.64391804288277,9663.993447239043,2081
2012-08-03,6.1699018505317325,12839.565750956535,2081
2012-08-04,6.1525095867414645,12803.372450008988,2081
2012-08-05,6.491756454303482,13509.345181405544,2081
2012-08-06,5.920113590645306,12319.75638213288,2081
2012-08-07,5.03377982702219,10475.295820033178,2081
2012-08-08,5.967753052496669,12418.89410224557,2081
2012-08-09,5.700511482359411,11862.764394789934,2081
2012-08-10,6.3282870232973005,13169.165295481682,2081
2012-08-11,5.792541753724468,12054.279389500618,2081
2012-08-13,4.4370526898185085,9233.506647512317,2081
2012-08-14,5.512390603724436,11471.28484635055,2081
2012-08-15,6.943548550504381,14449.524533599615,2081
2012-08-16,6.058175155014903,12607.062497586012,2081
2012-08-17,6.0130993374289945,12513.259721189736,2081
2012-08-18,4.876975902187486,10148.98685245216,2081
2012-08-19,5.850439391933572,12174.764374613762,2081
2012-08-20,6.4435606491158985,13409.049710810184,2081
2012-08-21,6.494259100931874,13514.55318903923,2081
2012-08-22,6.035385252019066,12559.636709451675,2081
2012-08-24,6.030456557175335,12549.380095481873,2081
2012-08-25,6.035736366683963,12560.367379069328,2081
2012-08-27,5.699140209509512,11859.910775989294,2081
2012-08-28,6.054137246904323,12598.659610807896,2081
2012-08-29,4.414607892961802,9186.79902525351,2081
2012-08-30,4.890854434045723,10177.86807724915,2081
2012-08-31,5.839707966894359,12152.43227910716,2081
2012-09-01,5.462305473448105,11367.057690245509,2081
2012-09-03,4.57536647990568,9521.33764468372,2081
2012-09-05,5.740062385447527,11945.069824116305,2081
2012-09-06,6.1102705572430605,12715.473029622808,2081
2012-09-07,5.56633001613193,11583.532763570547,2081
2012-09-08,5.287827277193558,11003.968563839791,2081
2012-09-09,5.401557044963433,11240.640210568905,2081
2012-09-10,5.918240939064246,12315.859394192696,2081
2012-09-11,7.042879106218227,14656.23142004013,2081
2012-09-12,5.909598344832244,12297.8741555959,2081
2012-09-13,5.253621554815786,10932.786455571651,2081
2012-09-14,5.182171991478933,10784.09991426766,2081
2012-09-15,6.148766314149877,12795.582699745892,2081
2012-09-16,7.322415856179969,15237.947396710517,2081
2012-09-17,6.025202128153647,12538.44562868774,2081
2012-09-18,6.353733393906516,13222.11919271946,2081
2012-09-19,4.761429979681167,9908.535787716508,2081
2012-09-20,4.947119909215581,10294.956531077623,2081
2012-09-21,6.651041334520905,13840.817017138004,2081
2012-09-22,6.180392349800314,12861.396479934454,2081
2012-09-23,6.150611983561161,12799.423537790775,2081
2012-09-25,6.149498440135505,12797.106253921986,2081
2012-09-26,5.840312680767036,12153.6906886762,2081
2012-09-27,6.523187168571201,13574.752497796668,2081
2012-09-28,5.379586117717933,11194.918710971018,2081
2012-09-29,5.002752269594717,10410.727473026607,2081
2012-09-30,5.099992118894889,10613.083599420264,2081
2012-10-01,4.843697154455998,10079.733778422931,2081
2012-10-02,6.147363077767698,12792.66256483458,2081
2012-10-03,6.120267545011571,12736.27676116908,2081
2012-10-04,5.133715103345922,10683.261130062863,2081
2012-10-05,6.091512982055699,12676.438515657908,2081
2012-10-06,6.078660841424382,12649.693211004138,2081
2012-10-07,5.897309819490598,12272.301734359937,2081
2012-10-08,6.138623246804045,12774.474976599216,2081
2012-10-09,5.561764446002598,11574.031812131405,2081
2012-10-10,5.094957777495456,10602.607134968042,2081
2012-10-11,6.11626064463741,12727.93840149045,2081
2012-10-12,6.149079621368048,12796.234692066908,2081
2012-10-15,6.147145088706551,12792.208929598331,2081
2012-10-16,5.425777570451469,11291.043124109508,2081
2012-10-17,5.982628957332183,12449.850860208271,2081
2012-10-18,6.548221206490321,13626.848330706358,2081
2012-10-19,5.939481371185746,12360.060733437538,2081
2012-10-20,5.688324636669184,11837.403568908572,2081
2012-10-21,5.85644881576228,12187.269985601306,2081
2012-10-22,5.656035047599125,11770.20893405378,2081
2012-10-23,6.716078260851731,13976.158860832453,2081
2012-10-24,7.300412532545407,15192.158480226994,2081
2012-10-25,5.584323947825404,11620.978135424666,2081
2012-10-26,6.568228221094305,13668.482928097248,2081
2012-10-27,5.232010288452568,10887.813410269797,2081
2012-10-28,5.462940767579383,11368.379737332696,2081
2012-10-29,6.856013466604278,14267.364024003502,2081
2012-10-30,5.831881653399335,12136.145720724016,2081
2012-10-31,5.644768172708787,11746.762567406986,2081
2012-11-01,5.69738570835436,11856.259659085425,2081
2012-11-02,5.986210241982716,12457.303513566032,2081
2012-11-03,7.057948691932443,14687.591227911413,2081
2012-11-04,6.649572694545076,13837.760777348303,2081
2012-11-05,5.676649400837503,11813.107403142843,2081
2012-11-06,5.54076086606245,11530.323362275958,2081
2012-11-07,5.795885402098807,12061.237521767616,2081
2012-11-08,6.574881386364497,13682.32816502452,2081
2012-11-09,6.777607820573648,14104.201874613762,2081
2012-11-10,6.617492384818355,13771.001652806995,2081
2012-11-11,5.19652058260049,10813.95933239162,2081
2012-11-12,6.022264134018883,12532.331662893295,2081
2012-11-13,5.760827794520687,11988.282640397549,2081
2012-11-14,7.75573611588847,16139.686857163906,2081
2012-11-15,6.172665567387473,12845.317045733333,2081
2012-11-16,5.320850958959063,11072.69084559381,2081
2012-11-17,5.269081341731955,10964.958272144198,2081
2012-11-18,5.543443528513734,11535.90598283708,2081
2012-11-19,6.855672362631528,14266.65418663621,2081
2012-11-20,6.42252232765189,13365.268963843584,2081
2012-11-21,5.448500577451689,11338.329701676965,2081
2012-11-23,5.750413222713202,11966.609916466172,2081
2012-11-24,7.0117637508948,14591.480365612078,2081
2012-11-25,6.658836343605385,13857.038431042803,2081
2012-11-26,5.964225616732344,12411.55350842001,2081
2012-11-27,5.019810049373707,10446.224712746684,2081
2012-11-28,5.441436268686389,11323.628875136375,2081
2012-11-29,5.21628914520128,10855.097711163864,2081
2012-11-30,6.410829425178082,13340.936033795588,2081
2012-12-01,6.130035500782813,12756.603877129031,2081
2012-12-02,5.034976011095675,10477.7850790901,2081
2012-12-03,4.881099579373355,10157.568224675952,2081
2012-12-04,6.45786712196571,13438.821480810642,2081
2012-12-05,7.312679910113975,15217.686892947182,2081
2012-12-06,6.405608658483256,13330.071618303657,2081
2012-12-08,6.448984214666369,13420.336150720716,2081
2012-12-09,5.258001614797006,10941.90136039257,2081
2012-12-10,6.466666667471993,13457.133335009215,2081
2012-12-11,6.094639214800276,12682.944205999374,2081
2012-12-12,5.644511140542842,11746.227683469651,2081
2012-12-13,5.2315468979620805,10886.84909465909,2081
2012-12-14,5.299873291329086,11029.036319255829,2081
2012-12-15,6.335270150285796,13183.69718274474,2081
2012-12-16,7.194986883491808,14972.767704546452,2081
2012-12-17,6.20118194400319,12904.659625470638,2081
2012-12-18,5.877801326656216,12231.704560771585,2081
2012-12-19,5.698964552852696,11859.54523448646,2081
2012-12-20,5.826833453274644,12125.640416264534,2081
2012-12-21,6.530272306866339,13589.496670588853,2081
2012-12-22,6.429753424047507,13380.316875442864,2081
2012-12-23,6.38331145691525,13283.671141840634,2081
2012-12-24,6.552723097656565,13636.216766223311,2081
2012-12-25,6.574739105057854,13682.032077625394,2081
2012-12-26,6.210457681892158,12923.96243601758,2081
2012-12-27,6.775415050386326,14099.638719853943,2081
2012-12-28,6.264845957269768,13037.144437078388,2081
2012-12-29,5.619486709895997,11694.15184329357,2081
2012-12-30,5.358896508207836,11151.863633580506,2081
2013-01-01,8.358652675271497,17394.356217239983,2081
2013-01-02,6.123172653942596,12742.322292854544,2081
2013-01-03,5.6702477764884245,11799.785622872412,2081
2013-01-04,5.311807245614006,11053.870878122749,2081
2013-01-05,5.675475163411229,11810.663815058768,2081
2013-01-06,6.625723531667513,13788.130669400096,2081
2013-01-07,6.845135134309602,14244.72621449828,2081
2013-01-08,5.159984194211293,10737.9271081537,2081
2013-01-09,4.782178751232817,9951.713981315494,2081
2013-01-10,5.632382057102353,11720.987060829995,2081
2013-01-11,6.3176837317119245,13147.099845692515,2081
2013-01-12,6.545683100203778,13621.566531524062,2081
2013-01-13,6.109559740285814,12713.99381953478,2081
2013-01-14,5.754191011609308,11974.47149515897,2081
2013-01-15,5.333810005900896,11099.658622279763,2081
2013-01-16,6.243375898402852,12992.465244576337,2081
2013-01-17,7.703246300657858,16030.455551669002,2081
2013-01-18,6.295982335015222,13101.939239166675,2081
2013-01-19,5.501633962341537,11448.90027563274,2081
2013-01-20,5.575944967231374,11603.541476808488,2081
2013-01-21,6.399329252359365,13317.00417415984,2081
2013-01-22,6.922407236079346,14405.529458281118,2081
2013-01-23,5.967014741752111,12417.357677586144,2081
2013-01-24,5.191398798355456,10803.300899377704,2081
2013-01-25,5.286839873926487,11001.91377764102,2081
2013-01-26,5.032630906426668,10472.904916273896,2081
2013-01-27,6.337379678448323,13188.08711085096,2081
2013-01-28,6.517395115568464,13562.699235497974,2081
2013-01-29,6.00515758929034,12496.732943313196,2081
2013-01-30,5.234167360308401,10892.302276801784,2081
2013-01-31,5.432240384172582,11304.492239463145,2081
2013-02-01,6.150445244771239,12799.076554368949,2081
2013-02-02,6.68031140030995,13901.728024045004,2081
2013-02-03,6.4587875424397785,13440.73687581718,2081
2013-02-04,5.4527131516928575,11347.096068672836,2081
2013-02-05,5.133069346378281,10681.9173098132,2081
2013-02-06,6.49085811311124,13507.47573338449,2081
2013-02-07,8.010120170540903,16669.06007489562,2081
2013-02-08,6.890502276513967,14339.135237425566,2081
2013-02-09,5.756519347837428,11979.316762849689,2081
2013-02-10,4.6547828096644,9686.603026911616,2081
2013-02-11,5.603517539079576,11660.919998824596,2081
2013-02-12,7.230599319480865,15046.87718383968,2081
2013-02-13,7.581171974289137,15776.418878495691,2081
2013-02-14,6.82486203575667,14202.53789640963,2081
2013-02-15,4.840743750956756,10073.58774574101,2081
2013-02-16,5.618955483893716,11693.046361982822,2081
2013-02-17,6.658756798374029,13856.872897416351,2081
2013-02-18,7.474595164848829,15554.632538050411,2081
2013-02-19,6.315741771978005,13143.058627486227,2081
2013-02-20,5.224555159838855,10872.299287624655,2081
2013-02-21,5.649281292509647,11756.154369712574,2081
2013-02-22,6.190919631526433,12883.303753206506,2081
2013-02-23,6.005490701676045,12497.42615018785,2081
2013-02-24,6.938192205230586,14438.37797908485,2081
2013-02-25,5.852969102118189,12180.028701507952,2081
2013-02-26,5.5914072306193,11635.718446918763,2081
2013-02-27,5.8454787831826,12164.44134780299,2081
2013-02-28,6.727493268427167,13999.913491596932,2081
2013-03-01,6.937099088567852,14436.1032033097,2081
2013-03-02,5.693622327530799,11848.428063591591,2081
2013-03-03,6.912226378659914,14384.34309399128,2081
2013-03-04,5.726987916867015,11917.861855000256,2081
2013-03-05,6.1703071181072975,12840.409112781286,2081
2013-03-06,7.291116210122283,15172.81283326447,2081
2013-03-07,6.759136627122566,14065.76332104206,2081
2013-03-08,5.658817732279717,11775.99970087409,2081
2013-03-09,5.57881460314843,11609.513189151883,2081
2013-03-10,6.382830209954893,13282.669666916132,2081
2013-03-11,6.908531391773872,14376.653826281428,2081
2013-03-12,6.744605180543813,14035.523380711677,2081
2013-03-13,6.885987965813455,14329.7409568578,2081
2013-03-14,5.58866024886628,11630.00197789073,2081
2013-03-15,5.82228576326416,12116.176673352718,2081
2013-03-16,6.721702825365761,13987.863579586148,2081
2013-03-17,7.666155718334989,15953.270049855111,2081
2013-03-18,6.866812281965752,14289.836358770728,2081
2013-03-19,5.481139235918136,11406.25074994564,2081
2013-03-20,6.67910868058349,13899.225164294245,2081
2013-03-21,6.573973731989473,13680.439336270094,2081
2013-03-22,7.827846241721965,16289.748029023409,2081
2013-03-23,6.568638288114329,13669.33627756592,2081
2013-03-24,5.708303502701977,11878.979589122811,2081
2013-03-25,5.250964139393331,10927.256374077522,2081
2013-03-26,5.682968078436131,11826.25657122559,2081
2013-03-27,6.787550741963935,14124.89309402695,2081
2013-03-28,6.761794009080791,14071.293332897128,2081
2013-03-29,5.95515045938957,12392.668105989696,2081
2013-03-30,5.47834190512481,11400.42950456473,2081
2013-03-31,6.083158320906192,12659.052465805784,2081
2013-04-01,6.557569592661264,13646.30232232809,2081
2013-04-02,6.793902709757921,14138.111539006231,2081
2013-04-03,5.7822808229195735,12032.926392495632,2081
2013-04-04,5.525645432378855,11498.868144780396,2081
2013-04-05,5.497437077114812,11440.166557475924,2081
2013-04-06,7.628769923350606,15875.470210492613,2081
2013-04-07,7.409895477903285,15419.992489516737,2081
2013-04-08,6.25520282203277,13017.077072650194,2081
2013-04-09,5.637590617056021,11731.82607409358,2081
2013-04-10,5.431804877327704,11303.585949718952,2081
2013-04-11,6.77424919888814,14097.21258288622,2081
2013-04-12,6.768117627534426,14084.45278289914,2081
2013-04-13,7.250679667267531,15088.664387583733,2081
2013-04-14,5.41853339551218,11275.967996060848,2081
2013-04-15,5.272219082982365,10971.4879116863,2081
2013-04-16,5.4477686415865465,11336.806543141603,2081
2013-04-17,6.428082835052748,13376.840379744768,2081
2013-04-18,6.375611330527975,13267.647178828716,2081
2013-04-19,5.777445779804539,12022.864667773249,2081
2013-04-20,5.597941734265502,11649.31674900651,2081
2013-04-21,6.641341995728927,13820.632693111897,2081
2013-04-22,6.035963241898816,12560.839506391436,2081
2013-04-23,6.21300372522788,12929.260752199218,2081
2013-04-25,5.065183076252986,10540.645981682464,2081
2013-04-26,6.64091798472668,13819.75032621622,2081
2013-04-27,6.641416037923324,13820.786774918435,2081
2013-04-28,6.480386425832762,13485.684152157975,2081
2013-05-02,5.106757405871442,10627.162161618471,2081
2013-05-05,6.409147787028239,13337.436544805763,2081
2013-05-06,6.108123045380673,12711.00405743718,2081
2013-05-07,5.6143015113474375,11683.361445114017,2081
2013-05-08,6.337196747151663,13187.70643082261,2081
2013-05-09,7.595559071744078,15806.358428299429,2081
2013-05-10,5.832618530870114,12137.679162740707,2081
2013-05-11,4.871888074707034,10138.399083465338,2081
2013-05-12,5.267602155252697,10961.880085080862,2081
2013-05-13,6.153796641658213,12806.05081129074,2081
2013-05-14,5.873291179287153,12222.318944096563,2081
2013-05-15,6.488713358168646,13503.012498348951,2081
2013-05-16,5.941275206338552,12363.793704390526,2081
2013-05-17,6.646246330632664,13830.838614046574,2081
2013-05-19,6.598005541796756,13730.449532479048,2081
2013-05-20,5.442443692744322,11325.725324600937,2081
2013-05-21,6.70814206357016,13959.643634289503,2081
2013-05-22,5.302518238887461,11034.540455124808,2081
2013-05-24,5.263329559687618,10952.988813709931,2081
2013-05-25,6.244115943320951,12994.0052780509,2081
2013-05-26,5.49538308248579,11435.89219465293,2081
2013-05-27,6.708440397448519,13960.264467090368,2081
2013-05-28,5.947177630502118,12376.076649074908,2081
2013-05-31,6.694060345085007,13930.3395781219,2081
2013-06-01,6.707382088882427,13958.06212696433,2081
2013-06-02,5.26458244655122,10955.596071273088,2081
2013-06-04,4.99522475155714,10395.062707990408,2081
2013-06-05,6.64937890105841,13837.35749310255,2081
2013-06-06,5.452512959644005,11346.679469019176,2081
2013-06-07,6.576435427505887,13685.56212463975,2081
2013-06-08,6.72330325671482,13991.19407722354,2081
2013-06-09,5.544687686288431,11538.495075166224,2081
2013-06-10,6.740494425009787,14026.968898445368,2081
2013-06-11,5.51929563255278,11485.654211342337,2081
2013-06-12,5.131849268117471,10679.378326952456,2081
2013-06-13,5.474936063503887,11393.341948151588,2081
2013-06-14,6.647896607239506,13834.272839665413,2081
2013-06-15,5.59786333662853,11649.15360352397,2081
2013-06-16,6.044027689183807,12577.621621191502,2081
2013-06-17,5.364778391089593,11164.103831857445,2081
2013-06-18,6.626373142118582,13789.48250874877,2081
2013-06-20,5.92902933410201,12338.310044266284,2081
2013-06-21,6.53633025879475,13602.103268551871,2081
2013-06-22,5.941930566117765,12365.15750809107,2081
2013-06-23,5.184161905398248,10788.240925133752,2081
2013-06-25,6.135881960583544,12768.770359974356,2081
2013-06-26,6.625688833135759,13788.058461755514,2081
2013-06-27,6.382272295080079,13281.508646061644,2081
2013-06-28,5.645629188544414,11748.554341360928,2081
2013-06-30,5.665578588535441,11790.069042742252,2081
2013-07-01,6.230044332978704,12964.722256928682,2081
2013-07-02,6.529427237461416,13587.738081157207,2081
2013-07-03,4.928567452711563,10256.348869092762,2081
2013-07-04,5.7527648509408005,11971.503654807806,2081
2013-07-05,5.5174710255569135,11481.857204183936,2081
2013-07-06,6.808113429908395,14167.68404763937,2081
2013-07-07,7.890020999182078,16419.133699297905,2081
2013-07-08,6.632522929357772,13802.280215993524,2081
2013-07-09,5.976240380001664,12436.556230783464,2081
2013-07-10,4.740298563144575,9864.56130990386,2081
2013-07-11,5.605086182542629,11664.18434587121,2081
2013-07-12,6.449222923499469,13420.832903802397,2081
2013-07-13,6.435977015341778,13393.26816892624,2081
2013-07-14,5.47582431387466,11395.190397173166,2081
2013-07-15,5.667949155209329,11795.002191990614,2081
2013-07-16,5.39418020366133,11225.289003819227,2081
2013-07-17,7.724698055412035,16075.096653312445,2081
2013-07-18,6.476917045841648,13478.46437239647,2081
2013-07-19,6.859236285598848,14274.070710331202,2081
2013-07-20,5.3010222961555975,11031.427398299798,2081
2013-07-21,5.313943335242818,11058.316080640305,2081
2013-07-22,5.450039951520692,11341.53313911456,2081
2013-07-23,5.809340393693884,12089.237359276973,2081
2013-07-24,5.214051231443622,10850.440612634178,2081
2013-07-25,5.36880712768404,11172.487632710488,2081
2013-07-26,5.254919471951183,10935.487421130412,2081
2013-07-27,6.399582898976431,13317.532012769952,2081
2013-07-28,7.2111917466680655,15006.490024816245,2081
2013-07-29,5.94133517822069,12363.918505877256,2081
2013-07-30,5.348688594792852,11130.620965763928,2081
2013-07-31,5.185584470823028,10791.20128378272,2081
2013-08-01,5.926138753933381,12332.294746935368,2081
2013-08-02,5.39746768870702,11232.130260199308,2081
2013-08-03,6.869774246376217,14296.000206708908,2081
2013-08-04,6.355928393710066,13226.686987310648,2081
2013-08-05,5.487778373832373,11420.066795945168,2081
2013-08-06,5.413783402167393,11266.083259910343,2081
2013-08-07,6.573984057584787,13680.460823833942,2081
2013-08-08,6.5703563288620375,13672.9115203619,2081
2013-08-09,5.497102205109448,11439.46968883276,2081
2013-08-10,6.252786345976812,13012.048385977743,2081
2013-08-11,6.504342183592456,13535.5360840559,2081
2013-08-12,5.353700813151277,11141.051392167808,2081
2013-08-13,6.502268096808916,13531.219909459352,2081
2013-08-14,6.15211068890749,12802.542343616486,2081
2013-08-15,5.179923493649627,10779.420790284872,2081
2013-08-16,4.653213389314521,9683.33706316352,2081
2013-08-17,5.596105543884472,11645.495636823587,2081
2013-08-18,6.373421270758035,13263.08966444747,2081
2013-08-19,6.264603643657095,13036.640182450414,2081
2013-08-20,4.575895209009959,9522.437929949723,2081
2013-08-21,6.235671056664546,12976.43146891892,2081
2013-08-22,4.967691768066238,10337.76656934584,2081
2013-08-23,6.07679563158911,12645.811709336936,2081
2013-08-24,6.11758289743794,12730.690009568352,2081
2013-08-25,5.434868651058888,11309.961662853544,2081
2013-08-26,5.428662950999899,11297.04760103079,2081
2013-08-28,5.9769853342544685,12438.106480583549,2081
2013-08-29,6.133014545310065,12762.803268790243,2081
2013-08-30,5.696697072798618,11854.826608493924,2081
2013-08-31,4.932587611981735,10264.71482053399,2081
2013-09-01,4.585468234787017,9542.359396591784,2081
2013-09-02,6.005183761227824,12496.787407115102,2081
2013-09-06,5.996251748157831,12478.199887916446,2081
2013-09-07,5.320397823067997,11071.747869804502,2081
2013-09-08,6.5003957131600965,13527.32347908616,2081
2013-09-09,6.347487421261468,13209.121323645117,2081
2013-09-10,5.659223520314677,11776.84414577484,2081
2013-09-11,4.93768023749288,10275.312574222684,2081
2013-09-12,4.891630695859782,10179.483478084208,2081
2013-09-13,5.2680912872651975,10962.897968798876,2081
2013-09-14,5.997083716413139,12479.931213855743,2081
2013-09-15,5.688589910749688,11837.9556042701,2081
2013-09-16,4.720509525533481,9823.380322635174,2081
2013-09-17,5.331497294186529,11094.845869202169,2081
2013-09-18,5.360522630737924,11155.24759456562,2081
2013-09-19,5.063206817152347,10536.533386494031,2081
2013-09-20,4.925857118328211,10250.708663241006,2081
2013-09-21,4.64426249048571,9664.710242700765,2081
2013-09-22,5.10551972694584,10624.586551774291,2081
2013-09-23,4.951445087411426,10303.957226903178,2081
2013-09-24,5.403018002772004,11243.680463768542,2081
2013-09-25,5.76501254096953,11996.991097757593,2081
2013-09-26,6.0328111572872265,12554.28001831472,2081
2013-09-27,4.762088749477177,9909.906687662004,2081
2013-09-28,5.405360596031595,11248.55540034175,2081
2013-09-29,6.421813623527676,13363.794150561094,2081
2013-09-30,6.126581077848359,12749.415223002434,2081
2013-10-01,5.4938365182929285,11432.673794567583,2081
2013-10-02,5.720184235819712,11903.70339474082,2081
2013-10-03,5.023574364551955,10454.058252632618,2081
2013-10-04,5.126625374410658,10668.50740414858,2081
2013-10-05,6.119921689836066,12735.557036548851,2081
2013-10-07,5.070561803909576,10551.839113935828,2081
2013-10-08,4.977177285148454,10357.505930393934,2081
2013-10-09,5.9211018074953685,12321.812861397862,2081
2013-10-10,5.849448501161518,12172.70233091712,2081
2013-10-11,6.100694364521264,12695.54497256875,2081
2013-10-12,5.780292101651932,12028.78786353767,2081
2013-10-13,5.975293963410028,12434.586737856269,2081
2013-10-14,5.42944946104606,11298.684328436852,2081
2013-10-15,5.58180793684276,11615.742316569784,2081
2013-10-16,6.271616885279966,13051.234738267607,2081
2013-10-17,5.409121982691545,11256.382845981105,2081
2013-10-18,5.354602041844491,11142.926849078389,2081
2013-10-21,5.972951458594308,12429.711985334754,2081
2013-10-23,3.86580390170537,8044.737919448875,2081
2013-10-24,4.420580906003686,9199.22886539367,2081
2013-10-25,4.8473583503381485,10087.352727053689,2081
2013-10-27,6.044922185547073,12579.48306812346,2081
2013-10-29,5.27265315626402,10972.391218185425,2081
2013-10-31,5.68753177219002,11835.753617927432,2081
2013-11-01,5.975252812267324,12434.5011023283,2081
2013-11-02,5.380128692085499,11196.047808229923,2081
2013-11-03,5.590022432093779,11632.836681187153,2081
2013-11-04,4.934941370353454,10269.612991705537,2081
2013-11-05,5.823058502174868,12117.7847430259,2081
2013-11-06,7.179824238531166,14941.214240383357,2081
2013-11-07,6.842978332218558,14240.23790934682,2081
2013-11-08,5.205123304654806,10831.861596986651,2081
2013-11-09,4.9218807593596665,10242.433860227466,2081
2013-11-10,4.9909287073015305,10386.122639894484,2081
2013-11-11,5.905049179434948,12288.407342404127,2081
2013-11-12,6.211279627567642,12925.672904968262,2081
2013-11-13,5.2258076394278445,10874.905697649345,2081
2013-11-14,5.127162987537054,10669.626177064609,2081
2013-11-15,4.601106060175697,9574.901711225626,2081
2013-11-16,5.364406613106231,11163.330161874066,2081
2013-11-17,5.909683396911328,12298.051148972474,2081
2013-11-18,5.053231952998811,10515.775694190525,2081
2013-11-19,4.533387936152928,9433.980295134244,2081
2013-11-20,6.096656841134177,12687.142886400225,2081
2013-11-21,4.902153637684015,10201.381720020436,2081
2013-11-22,5.894896616746731,12267.279859449947,2081
2013-11-23,5.925633291371304,12331.242879343685,2081
2013-11-24,5.141921885875611,10700.339444507146,2081
2013-11-25,4.640577136396159,9657.041020840406,2081
2013-11-26,6.08032715280488,12653.160804986954,2081
2013-11-27,6.2372607443596255,12979.73960901238,2081
2013-11-28,6.16752567102507,12834.62092140317,2081
2013-11-29,5.374389140405287,11184.103801183404,2081
2013-11-30,5.502449272917418,11450.596936941149,2081
2013-12-01,5.019546693277754,10445.676668711008,2081
2013-12-02,5.9136318632726885,12306.267907470465,2081
2013-12-03,5.945550420661204,12372.690425395966,2081
2013-12-04,5.662441526193678,11783.540816009045,2081
2013-12-05,5.001545467266722,10408.21611738205,2081
2013-12-06,4.655969982312483,9689.073533192275,2081
2013-12-07,5.647574432419791,11752.602393865584,2081
2013-12-08,7.576318059308427,15766.317881420837,2081
2013-12-09,6.200232628161864,12902.684099204838,2081
2013-12-10,5.731709353790468,11927.687165237963,2081
2013-12-11,5.008762941960244,10423.235682219269,2081
2013-12-12,5.471132626979899,11385.42699674517,2081
2013-12-13,6.935869551496021,14433.54453666322,2081
2013-12-14,5.970330709224529,12424.258205896243,2081
2013-12-15,5.708312238042736,11878.997767366936,2081
2013-12-16,5.402239904442694,11242.061241145246,2081
2013-12-17,5.488290925520521,11421.133416008204,2081
2013-12-18,5.800203705940025,12070.223912061192,2081
2013-12-19,6.351235781231486,13216.921660742722,2081
2013-12-20,5.916236254984065,12311.687646621838,2081
2013-12-21,5.53565016368038,11519.68799061887,2081
2013-12-22,5.142918732018174,10702.41388132982,2081
2013-12-23,5.445433971464476,11331.948094617575,2081
2013-12-24,6.1200094677558,12735.73970239982,2081
2013-12-25,6.094092978577182,12681.807488419116,2081
2013-12-26,5.937483334153933,12355.902818374336,2081
2013-12-28,5.506637231833026,11459.312079444528,2081
2013-12-29,6.948140718397299,14459.08083498478,2081
2013-12-30,6.238237274553786,12981.771768346429,2081
2013-12-31,5.295998191787668,11020.972237110138,2081
2014-01-01,5.708517481133893,11879.424878239632,2081
2014-01-02,5.125772741603083,10666.733075276015,2081
2014-01-03,5.809709368876,12090.005196630957,2081
2014-01-04,8.076790087748495,16807.80017260462,2081
2014-01-05,6.594660653940822,13723.48882085085,2081
2014-01-06,4.555332736054445,9479.6474237293,2081
2014-01-07,4.2651248807548505,8875.724876850843,2081
2014-01-08,5.743434116530739,11952.086396500468,2081
2014-01-09,6.89001766750871,14338.126766085625,2081
2014-01-10,6.168490116052591,12836.627931505442,2081
2014-01-11,4.84878872668819,10090.329340238124,2081
2014-01-12,4.965959652416396,10334.16203667852,2081
2014-01-13,5.429783668824199,11299.379814823158,2081
2014-01-14,5.940618070188627,12362.426204062533,2081
2014-01-15,6.348745431951509,13211.73924389109,2081
2014-01-16,6.110055988277669,12715.026511605827,2081
2014-01-17,5.621912847783243,11699.200636236928,2081
2014-01-18,5.331758030950272,11095.388462407514,2081
2014-01-19,5.2949123526837205,11018.712605934825,2081
2014-01-20,6.146342211387373,12790.538141897125,2081
2014-01-21,5.827291975618402,12126.594601261895,2081
2014-01-22,4.680840464009009,9740.829005602747,2081
2014-01-23,5.0461623040016725,10501.06375462748,2081
2014-01-24,5.581516465133683,11615.135763943195,2081
2014-01-25,7.280616097230104,15150.962098335847,2081
2014-01-26,6.635865037971709,13809.235144019129,2081
2014-01-27,6.638769381890384,13815.27908371389,2081
2014-01-28,4.805078237948081,9999.367813169956,2081
2014-01-29,5.068370627818458,10547.279276490211,2081
2014-01-30,6.175370213047121,12850.94541335106,2081
2014-01-31,6.832282160537238,14217.979176077992,2081
2014-02-01,5.910780943840642,12300.335144132376,2081
2014-02-02,4.978735269619719,10360.748096078634,2081
2014-02-03,4.817528313331052,10025.27642004192,2081
2014-02-04,5.83594495210938,12144.60144533962,2081
2014-02-05,6.874605012479373,14306.053030969577,2081
2014-02-06,5.0584346372696825,10526.60248015821,2081
2014-02-07,6.415162984315791,13349.95417036116,2081
2014-02-08,4.701371289127323,9783.55365267396,2081
2014-02-09,6.26648444090538,13040.554121524096,2081
2014-02-10,5.902256357230037,12282.595479395706,2081
2014-02-11,5.79821850107656,12066.092700740322,2081
2014-02-12,4.854870895833647,10102.98633422982,2081
2014-02-13,4.783276242615743,9953.997860883364,2081
2014-02-14,4.964110285416962,10330.313503952695,2081
2014-02-15,5.845513515268679,12164.51362527412,2081
2014-02-16,5.684406691375835,11829.250324753111,2081
2014-02-17,5.369575995871894,11174.087647409411,2081
2014-02-18,4.818898051380708,10028.126844923252,2081
2014-02-19,5.090576003181647,10593.488662621006,2081
2014-02-20,5.200796003694208,10822.856483687649,2081
2014-02-21,7.062725591384222,14697.531955670564,2081
2014-02-22,6.147880465729392,12793.739249182863,2081
2014-02-23,5.4420284028525305,11324.861106336117,2081
2014-02-24,5.185236124580494,10790.476375252008,2081
2014-02-25,6.191506516218816,12884.525060251355,2081
2014-02-26,7.546905619019337,15705.11059317924,2081
2014-02-27,6.505939168143965,13538.859408907592,2081
2014-02-28,6.322732546412848,13157.606429085135,2081
2014-03-01,4.88214606298729,10159.74595707655,2081
2014-03-02,5.385395263133285,11207.007542580366,2081
2014-03-03,6.591049552579616,13715.97411891818,2081
2014-03-04,6.957885146491921,14479.358989849688,2081
2014-03-05,5.563603526852212,11577.858939379454,2081
2014-03-06,5.021914565179395,10450.60421013832,2081
2014-03-07,5.2692436990988245,10965.296137824656,2081
2014-03-08,6.307306744348023,13125.505334988236,2081
2014-03-09,7.509384806377564,15627.02978207171,2081
2014-03-10,6.514205309203014,13556.061248451471,2081
2014-03-11,4.944200554177888,10288.881353244184,2081
2014-03-12,5.441101047782123,11322.931280434595,2081
2014-03-13,5.367804281613604,11170.40071003791,2081
2014-03-14,6.141484606917545,12780.42946699541,2081
2014-03-15,6.304385928449645,13119.42711710371,2081
2014-03-16,6.147901637661475,12793.783307973528,2081
2014-03-17,4.475826588985392,9314.1951316786,2081
2014-03-18,4.951839031961283,10304.77702551143,2081
2014-03-19,6.41479652345714,13349.191565314308,2081
2014-03-20,6.301048278127444,13112.48146678321,2081
2014-03-21,5.576631324411832,11604.96978610102,2081
2014-03-22,5.27961373296224,10986.87617829442,2081
2014-03-23,5.561110216442179,11572.670360416174,2081
2014-03-24,6.100792188718306,12695.748544722795,2081
2014-03-25,6.935064721385313,14431.869685202835,2081
2014-03-26,6.151177846027761,12800.60109758377,2081
2014-03-27,5.503727773629605,11453.257496923208,2081
2014-03-28,5.209503447906378,10840.976675093174,2081
2014-03-29,5.769308463046896,12005.93091160059,2081
2014-03-30,7.688807618025115,16000.408653110266,2081
2014-03-31,6.983969964556027,14533.641496241093,2081
2014-04-01,5.690415138037717,11841.753902256489,2081
2014-04-02,5.54880485701939,11547.062907457352,2081
2014-04-03,6.519876551235713,13567.86310312152,2081
2014-04-04,6.145172664604755,12788.104315042496,2081
2014-04-05,6.639836399100367,13817.499546527864,2081
2014-04-06,5.86633431421685,12207.841707885264,2081
2014-04-07,5.149777520596551,10716.687020361423,2081
2014-04-08,5.446417909998094,11333.995670706034,2081
2014-04-09,6.1334096016017705,12763.625380933285,2081
2014-04-10,6.846909945312456,14248.41959619522,2081
2014-04-11,6.664971068519374,13869.804793588815,2081
2014-04-12,6.28466719834249,13078.392439750722,2081
2014-04-13,5.645846420321041,11749.006400688086,2081
2014-04-14,5.316344404855842,11063.312706505008,2081
2014-04-15,6.041337186816573,12572.022685765289,2081
2014-04-16,7.002285978710721,14571.75712169701,2081
2014-04-17,6.280817974654562,13070.382205256145,2081
2014-04-18,5.328649292584864,11088.919177869102,2081
2014-04-19,6.693356812836272,13928.875527512282,2081
2014-04-20,6.693514518028037,13929.203712016344,2081
2014-04-21,6.615641378457016,13767.14970856905,2081
2014-04-22,6.173861309220045,12847.805384486914,2081
2014-04-24,5.243840702218198,10912.43250131607,2081
2014-04-25,5.720636151892127,11904.643832087517,2081
2014-04-26,7.647290540194064,15914.011614143848,2081
2014-04-27,6.467730708874973,13459.34760516882,2081
2014-04-28,5.62825797223976,11712.404840230942,2081
2014-04-29,5.229061924626425,10881.67786514759,2081
2014-04-30,5.684897038568275,11830.27073726058,2081
2014-05-01,6.0769684157195085,12646.171273112295,2081
2014-05-02,6.5409288592403865,13611.672956079245,2081
2014-05-03,5.614903969640975,11684.615160822868,2081
2014-05-04,6.5214181023684334,13571.07107102871,2081
2014-05-05,5.6884118502871,11837.585060447454,2081
2014-05-06,6.865981150166109,14288.106773495674,2081
2014-05-07,7.258200713185838,15104.315684139729,2081
2014-05-08,6.277390086653712,13063.248770326376,2081
2014-05-09,5.898004053089838,12273.746434479952,2081
2014-05-10,6.773422471280283,14095.49216273427,2081
2014-05-13,5.856135837777604,12186.618678415194,2081
2014-05-14,5.233522008255962,10890.959299180657,2081
2014-05-16,6.326629785485189,13165.71658359468,2081
2014-05-17,6.916282037291846,14392.782919604331,2081
2014-05-18,6.374965897812752,13266.304033348337,2081
2014-05-19,6.170545434896892,12840.905050020432,2081
2014-05-20,5.397528288180634,11232.2563677039,2081
2014-05-21,5.823212023675872,12118.104221269488,2081
2014-05-22,6.76846791048396,14085.18172171712,2081
2014-05-23,7.087542348386919,14749.17562699318,2081
2014-05-24,6.531718649353218,13592.506509304048,2081
2014-05-25,5.401462409485996,11240.443274140358,2081
2014-05-26,6.560114345216568,13651.597952395678,2081
2014-05-27,6.369762601902828,13255.475974559784,2081
2014-05-28,6.630524021252481,13798.120488226414,2081
2014-05-29,5.864986052254196,12205.035974740982,2081
2014-05-30,5.236284008168189,10896.707020998,2081
2014-05-31,6.4804849743069735,13485.889231532812,2081
2014-06-03,6.951932012648149,14466.9705183208,2081
2014-06-04,5.5185312027973605,11484.063433021309,2081
2014-06-05,5.15917457515577,10736.242290899158,2081
2014-06-06,5.582774168894533,11617.753045469522,2081
2014-06-07,6.415180256079161,13349.990112900734,2081
2014-06-10,5.217847005320477,10858.339618071914,2081
2014-06-11,4.98848503547424,10381.037358821894,2081
2014-06-13,6.088720177875135,12670.626690158157,2081
2014-06-14,4.591742155797545,9555.415426214691,2081
2014-06-15,5.68793163272422,11836.5857276991,2081
2014-06-16,6.164659678620939,12828.656791210176,2081
2014-06-17,5.939104329180626,12359.276109024882,2081
2014-06-18,6.791855675778328,14133.8516612947,2081
2014-06-20,4.784547832910399,9956.64404028654,2081
2014-06-21,5.200100396456826,10821.408925026655,2081
2014-06-22,5.677570579216378,11815.024375349283,2081
2014-06-23,9.205144474622092,19155.905651688576,2081
2014-06-24,6.703014895871303,13948.973998308182,2081
2014-06-25,6.5400457589429255,13609.835224360228,2081
2014-06-26,5.132144659127484,10679.993035644293,2081
2014-06-27,4.79448043502391,9977.313785284758,2081
2014-06-28,6.495007627618135,13516.11087307334,2081
2014-06-29,5.355640809290229,11145.088524132969,2081
2014-06-30,6.508460586780484,13544.106481090188,2081
2014-07-02,5.5599412893601645,11570.237823158504,2081
2014-07-03,6.159480191534497,12817.878278583288,2081
2014-07-04,6.35287470878574,13220.332268983126,2081
2014-07-05,6.362464429236902,13240.288477241991,2081
2014-07-06,5.33399218127511,11100.037729233503,2081
2014-07-07,5.007782691290378,10421.195780575275,2081
2014-07-08,5.503309880785648,11452.387861914933,2081
2014-07-09,6.549421023027877,13629.345148921013,2081
2014-07-10,6.571561166830451,13675.418788174167,2081
2014-07-11,5.564280062882567,11579.266810858622,2081
2014-07-12,6.578247811561132,13689.333695858715,2081
2014-07-13,5.041113363734831,10490.556909932184,2081
2014-07-14,5.658915851276828,11776.20388650708,2081
2014-07-15,6.50961702484915,13546.51302871108,2081
2014-07-17,4.857093438689168,10107.61144591216,2081
2014-07-18,5.146980506321437,10710.866433654912,2081
2014-07-19,5.865240969633838,12205.566457808018,2081
2014-07-20,6.128840340424019,12754.116748422384,2081
2014-07-21,5.856244984253389,12186.845812231302,2081
2014-07-22,5.043388473005148,10495.291412323711,2081
2014-07-23,6.018244821361657,12523.967473253608,2081
2014-07-24,6.394223089274852,13306.378248780966,2081
2014-07-25,6.413073907429527,13345.606801360846,2081
2014-07-27,5.398374954405912,11234.018280118704,2081
2014-07-28,5.071630288593933,10554.062630563974,2081
2014-07-29,5.21499446177643,10852.40347495675,2081
2014-07-30,6.188828736980451,12878.952601656318,2081
2014-07-31,6.228912137552616,12962.366158246994,2081
2014-08-01,5.888981968021232,12254.971475452185,2081
2014-08-02,6.2627862041985285,13032.858090937138,2081
2014-08-03,5.2768847181899,10981.19709855318,2081
2014-08-04,5.1340508420899305,10683.959802389145,2081
2014-08-05,5.073384688443029,10557.713536649942,2081
2014-08-06,5.561374053595331,11573.219405531883,2081
2014-08-07,4.99082031722437,10385.897080143914,2081
2014-08-09,4.740098861270575,9864.145730304066,2081
2014-08-10,6.101331442583788,12696.87073201686,2081
2014-08-11,6.163391950080625,12826.01864811778,2081
2014-08-12,6.163895774251392,12827.067106217146,2081
2014-08-13,5.999856141592336,12485.70063065365,2081
2014-08-14,5.117557767174014,10649.637713489125,2081
2014-08-15,5.223807361365172,10870.743119000925,2081
2014-08-16,6.184084817662868,12869.080505556429,2081
2014-08-17,5.70446043149718,11870.982157945631,2081
2014-08-18,4.935110920856688,10269.965826302769,2081
2014-08-19,4.756439248052485,9898.15007519722,2081
2014-08-20,5.922017537748396,12323.718496054413,2081
2014-08-21,6.216608302230047,12936.761876940727,2081
2014-08-22,6.174857201669607,12849.877836674452,2081
2014-08-23,6.175305121495482,12850.809957832098,2081
2014-08-24,4.747455155488564,9879.4541785717,2081
2014-08-25,5.389875927978499,11216.331806123257,2081
2014-08-26,5.811044240630859,12092.783064752815,2081
2014-08-27,6.083059839950852,12658.847526937723,2081
2014-08-28,6.086077547843843,12665.127377063036,2081
2014-08-29,4.769915807575116,9926.194795563815,2081
2014-08-30,4.628825981948652,9632.586868435144,2081
2014-08-31,5.9236643015264265,12327.145411476493,2081
2014-09-01,7.576860797728901,15767.447320073845,2081
2014-09-02,6.304007875037159,13118.640387952328,2081
2014-09-03,4.74835221551749,9881.320960491896,2081
2014-09-04,6.121251916875351,12738.325239017606,2081
2014-09-05,5.306498928516271,11042.82427024236,2081
2014-09-07,6.107621035292022,12709.959374442697,2081
2014-09-08,4.838825921564627,10069.59674277599,2081
2014-09-09,5.112391891097135,10638.887525373138,2081
2014-09-10,4.869815487290967,10134.086029052502,2081
2014-09-11,5.371514071590916,11178.120782980695,2081
2014-09-12,5.42844581710607,11296.595745397732,2081
2014-09-13,6.100828583461914,12695.824282184243,2081
2014-09-14,4.850907592700724,10094.738700410206,2081
2014-09-15,4.688911799882511,9757.625455555506,2081
2014-09-16,5.437623098113112,11315.693667173386,2081
2014-09-17,6.941058237612219,14444.342192471027,2081
2014-09-18,5.427072939965543,11293.738788068296,2081
2014-09-20,4.788829270368984,9965.553711637856,2081
2014-09-21,6.023802004163795,12535.53197066486,2081
2014-09-22,6.016716148999664,12520.7863060683,2081
2014-09-23,5.820519725923238,12112.501549646258,2081
2014-09-24,5.610112827516473,11674.64479406178,2081
2014-09-25,5.19599557164224,10812.866784587502,2081
2014-09-27,6.033622402223413,12555.968219026923,2081
2014-09-28,7.046522945652553,14663.814249902964,2081
2014-09-29,5.4695139941918285,11382.058621913196,2081
2014-09-30,4.566457650255893,9502.798370182514,2081
2014-10-01,4.641832912543942,9659.654291003942,2081
2014-10-02,4.88690697376342,10169.653412401676,2081
2014-10-03,5.854129243461287,12182.44295564294,2081
2014-10-05,5.593125849977451,11639.294893803077,2081
2014-10-07,4.391093768110958,9137.866131438905,2081
2014-10-08,4.916990334555811,10232.256886210642,2081
2014-10-09,4.868139784547525,10130.5988916434,2081
2014-10-10,4.410249483404251,9177.729174964246,2081
2014-10-11,4.314690462918284,8978.870853332948,2081
2014-10-12,5.426747832609522,11293.062239660416,2081
2014-10-13,5.739398032065952,11943.687304729248,2081
2014-10-14,5.876804331840378,12229.629814559828,2081
2014-10-15,5.775754400754078,12019.344907969236,2081
2014-10-16,4.835647891435355,10062.983262076974,2081
2014-10-17,4.675772007298779,9730.28154718876,2081
2014-10-18,5.334804146955616,11101.727429814637,2081
2014-10-19,7.058084644430936,14687.874145060778,2081
2014-10-20,5.896951296019016,12271.555647015572,2081
2014-10-21,5.057724850473353,10525.125413835049,2081
2014-10-22,5.494042223216478,11433.10186651349,2081
2014-10-23,5.86099565174504,12196.731951281428,2081
2014-10-25,5.858415200189293,12191.36203159392,2081
2014-10-26,4.977282636687482,10357.72516694665,2081
2014-10-27,5.790919547525522,12050.903578400612,2081
2014-10-28,5.7958432921046885,12061.149890869856,2081
2014-10-29,5.796892345452871,12063.332970887424,2081
2014-10-30,5.95663734660419,12395.76231828332,2081
2014-10-31,5.619847278048476,11694.902185618876,2081
2014-11-01,4.940116392225671,10280.382212221622,2081
2014-11-02,5.377057588424047,11189.65684151044,2081
2014-11-03,5.631800565394228,11719.776976585388,2081
2014-11-04,6.518227839839754,13564.432134706529,2081
2014-11-05,5.311174967241192,11052.55510682892,2081
2014-11-06,3.964731652335669,8250.606568510528,2081
2014-11-07,5.789623651496891,12048.20681876503,2081
2014-11-08,4.870923494540624,10136.391792139038,2081
2014-11-09,5.8113383894024535,12093.395188346503,2081
2014-11-10,5.806550262345056,12083.43109594006,2081
2014-11-11,4.884226011758575,10164.074330469592,2081
2014-11-12,4.271431972045458,8888.849933826597,2081
2014-11-13,4.925660131858543,10250.298734397627,2081
2014-11-14,5.33128784009782,11094.409995243564,2081
2014-11-15,5.815534491183264,12102.127276152372,2081
2014-11-16,5.131468954415976,10678.586894139647,2081
2014-11-17,5.256987701501771,10939.791406825185,2081
2014-11-18,4.774646984483977,9936.040374711156,2081
2014-11-19,5.418375010883676,11275.63839764893,2081
2014-11-20,5.741346018760322,11947.74106504023,2081
2014-11-21,5.836498512851109,12145.753405243158,2081
2014-11-23,5.806089135401527,12082.471490770578,2081
2014-11-24,5.314091439203595,11058.62428498268,2081
2014-11-25,6.136782168985802,12770.643693659456,2081
2014-11-26,5.876240057144842,12228.455558918417,2081
2014-11-27,5.171374418711444,10761.630165338516,2081
2014-11-28,5.685496766197172,11831.518770456314,2081
2014-11-29,5.266648480256036,10959.89548741281,2081
2014-11-30,6.61988356271253,13775.977694004774,2081
2014-12-01,6.844897842184174,14244.232409585267,2081
2014-12-02,5.829150194667391,12130.46155510284,2081
2014-12-03,5.2468297360693175,10918.65268076025,2081
2014-12-04,4.658448925219563,9694.23221338191,2081
2014-12-05,5.620596939580271,11696.462231266543,2081
2014-12-06,5.630804979109019,11717.705161525868,2081
2014-12-07,5.402073977328255,11241.7159468201,2081
2014-12-08,5.108514515660678,10630.818707089871,2081
2014-12-09,4.722819648019487,9828.187687528552,2081
2014-12-10,6.1438160684605965,12785.2812384665,2081
2014-12-11,6.391682484154628,13301.09124952578,2081
2014-12-12,6.001520614206866,12489.164398164488,2081
2014-12-13,5.355829371957503,11145.480923043564,2081
2014-12-14,5.086320627517443,10584.6332258638,2081
2014-12-15,6.26028258219927,13027.64805355668,2081
2014-12-16,6.149569673213977,12797.254489958286,2081
2014-12-17,6.153120574227668,12804.643914967775,2081
2014-12-18,5.793771199047823,12056.83786521852,2081
2014-12-19,4.818297203438664,10026.87648035586,2081
2014-12-20,4.936784564424799,10273.448678568006,2081
2014-12-21,5.843127642483851,12159.548624008894,2081
2014-12-22,7.372821749645835,15342.842061012983,2081
2014-12-23,6.282863369359242,13074.63867163658,2081
2014-12-24,5.178349039426493,10776.144351046532,2081
2014-12-25,5.365849329367215,11166.332454413176,2081
2014-12-26,5.516687492176296,11480.226671218872,2081
2014-12-27,7.135474633319856,14848.92271193862,2081
2014-12-28,6.179284033946897,12859.090074643493,2081
2014-12-29,5.3088762906954186,11047.771560937166,2081
2014-12-30,5.1189567696970855,10652.549037739636,2081
2014-12-31,5.378325919507018,11192.296238494106,2081
2015-01-01,6.751214381034367,14049.277126932517,2081
2015-01-02,6.435653565492005,13392.595069788862,2081
2015-01-03,5.896374908195793,12270.356183955446,2081
2015-01-04,4.827606645363066,10046.249429000542,2081
2015-01-05,5.1125022241471925,10639.117128450309,2081
2015-01-06,5.257300066130367,10940.441437617294,2081
2015-01-07,6.722647667144627,13989.829795327969,2081
2015-01-08,5.840023530017364,12153.088965966132,2081
2015-01-09,6.232218817391973,12969.247358992696,2081
2015-01-10,6.229016804367265,12962.583969888276,2081
2015-01-11,5.103587627878117,10620.56585361436,2081
2015-01-12,5.924517844642071,12328.92163470015,2081
2015-01-13,5.697799506381061,11857.120772778988,2081
2015-01-14,4.981238170083413,10365.956631943583,2081
2015-01-15,6.303905818613174,13118.428008534014,2081
2015-01-16,4.956701233757482,10314.89526744932,2081
2015-01-17,6.111774792777466,12718.603343769908,2081
2015-01-18,6.639863758792332,13817.556482046844,2081
2015-01-19,5.357703135942737,11149.380225896835,2081
2015-01-20,6.123840445182691,12743.71196642518,2081
2015-01-21,5.657901318692806,11774.092644199727,2081
2015-01-22,5.755896205987454,11978.020004659891,2081
2015-01-23,6.290656911770436,13090.857033394275,2081
2015-01-24,5.726561662069254,11916.974818766115,2081
2015-01-25,5.209755117763756,10841.500400066376,2081
2015-01-26,4.752494496387796,9889.941046983004,2081
2015-01-27,5.284767343641645,10997.600842118263,2081
2015-01-28,6.3983312737051685,13314.927380580457,2081
2015-01-29,5.838313655518729,12149.530717134476,2081
2015-01-30,5.112790840377173,10639.717738824897,2081
2015-01-31,4.945619920181609,10291.835053897928,2081
2015-02-01,5.100674222705905,10614.503057450987,2081
2015-02-02,5.798147910984525,12065.945802758795,2081
2015-02-03,6.167237276051219,12834.020771462589,2081
2015-02-04,5.507286625372309,11460.663467399776,2081
2015-02-05,4.970679799050714,10343.984661824536,2081
2015-02-06,4.784609198975943,9956.771743068935,2081
2015-02-07,6.178543703006701,12857.549445956944,2081
2015-02-08,6.092635902582861,12678.775313274937,2081
2015-02-09,5.612637863788487,11679.89939454384,2081
2015-02-10,5.693160188349894,11847.466351956127,2081
2015-02-11,4.661265126508936,9700.092728265096,2081
2015-02-12,5.265111943303192,10956.697954013944,2081
2015-02-13,6.534519796364872,13598.3356962353,2081
2015-02-14,6.296412709461331,13102.83484838903,2081
2015-02-15,5.218974491106038,10860.685915991664,2081
2015-02-16,6.157824703645729,12814.433208286762,2081
2015-02-17,4.926811763403623,10252.69527964294,2081
2015-02-18,5.828745411471757,12129.619201272726,2081
2015-02-19,5.456857992988661,11355.721483409405,2081
2015-02-20,5.321561634268456,11074.169760912657,2081
2015-02-21,4.800599241331184,9990.047021210194,2081
2015-02-22,5.116632439808339,10647.712107241154,2081
2015-02-23,6.025908223321551,12539.915012732148,2081
2015-02-24,6.418021159897282,13355.902033746244,2081
2015-02-25,6.060120480857407,12611.110720664265,2081
2015-02-26,5.15016714662872,10717.497832134366,2081
2015-02-27,4.942159562364958,10284.634049281478,2081
2015-02-28,6.115937346358932,12727.265617772937,2081
2015-03-01,6.8272171036068645,14207.438792605884,2081
2015-03-02,6.714569018924576,13973.018128382042,2081
2015-03-04,4.245920752991123,8835.761086974526,2081
2015-03-05,5.152155954784596,10721.636541906744,2081
2015-03-06,6.063562930686017,12618.274458757602,2081
2015-03-07,6.296307178666204,13102.61523880437,2081
2015-03-08,4.839013969887304,10069.98807133548,2081
2015-03-09,6.003779526924332,12493.865195529535,2081
2015-03-10,5.401071460848001,11239.629710024688,2081
2015-03-11,5.52329141285999,11493.96943016164,2081
2015-03-12,7.491976474601094,15590.803043644875,2081
2015-03-13,5.970757329273488,12425.146002218127,2081
2015-03-14,5.251088023758576,10927.514177441595,2081
2015-03-15,5.227697330239242,10878.838144227862,2081
2015-03-16,5.975157647522982,12434.303064495323,2081
2015-03-17,7.427146444508,15455.891751021149,2081
2015-03-18,6.279119566476786,13066.847817838192,2081
2015-03-19,5.488984487997346,11422.576719522476,2081
2015-03-20,5.047106684013263,10503.0290094316,2081
2015-03-21,5.187142713397297,10794.443986579776,2081
2015-03-22,6.997469713686751,14561.734474182129,2081
2015-03-23,7.057141120590767,14685.910671949388,2081
2015-03-24,5.455204608447846,11352.280790179968,2081
2015-03-25,6.634666754084101,13806.741515249014,2081
2015-03-27,6.078373946031087,12649.096181690693,2081
2015-03-28,6.381190781422042,13279.258016139269,2081
2015-03-29,6.156530937542427,12811.740881025791,2081
2015-03-30,6.349434335957291,13213.172853127122,2081
2015-03-31,5.115565611527054,10645.4920375878,2081
2015-04-01,5.726212332256322,11916.247863425408,2081
2015-04-02,7.015277326975693,14598.792117436416,2081
2015-04-03,6.593692921821685,13721.474970310926,2081
2015-04-04,5.56884579616252,11588.768101814205,2081
2015-04-05,5.470991924237747,11385.134194338752,2081
2015-04-06,5.523891313671922,11495.21782375127,2081
2015-04-07,5.9511073785185085,12384.254454697017,2081
2015-04-08,6.523020252975663,13574.405146442354,2081
2015-04-09,5.904390097520006,12287.035792939132,2081
2015-04-10,5.024552140012562,10456.093003366144,2081
2015-04-11,6.141181970433167,12779.79968047142,2081
2015-04-12,5.773316714531353,12014.272082939744,2081
2015-04-13,6.622783992136974,13782.013487637045,2081
2015-04-14,6.593203364327686,13720.456201165916,2081
2015-04-16,5.178728446872804,10776.933897942305,2081
2015-04-17,6.532076084989014,13593.25033286214,2081
2015-04-18,6.58938026991044,13712.500341683626,2081
2015-04-20,5.161273452695433,10740.610055059196,2081
2015-04-21,5.088890939184761,10589.982044443488,2081
2015-04-22,5.5589078585798495,11568.087253704667,2081
2015-04-23,6.005141835196095,12496.700159043074,2081
2015-04-24,7.28652023004546,15163.248598724604,2081
2015-04-25,6.148871055908469,12795.800667345524,2081
2015-04-26,5.154428721591294,10726.36616963148,2081
2015-04-27,5.388298520169426,11213.049220472574,2081
2015-04-28,6.272426943798182,13052.920470044017,2081
2015-04-29,6.317741335733941,13147.219719662333,2081
2015-04-30,5.769152577366977,12005.60651350068,2081
2015-05-01,5.292794246956481,11014.304827916436,2081
2015-05-02,5.210784284003904,10843.642095012125,2081
2015-05-03,5.815394568474984,12101.83609699644,2081
2015-05-04,6.066400802501373,12624.180070005355,2081
2015-05-05,5.657480073094041,11773.2160321087,2081
2015-05-06,4.662928268677702,9703.553727118298,2081
2015-05-07,5.21586568008684,10854.216480260717,2081
2015-05-08,5.613730061641846,11682.172258276682,2081
2015-05-09,6.153439248550875,12805.30707623437,2081
2015-05-10,6.5439778236472685,13618.017851009963,2081
2015-05-11,6.0347281366601,12558.26925238967,2081
2015-05-12,4.814313229189533,10018.58582994342,2081
2015-05-13,6.430531978091616,13381.937046408651,2081
2015-05-14,5.411193295346608,11260.693247616293,2081
2015-05-15,5.642476846712361,11741.994318008425,2081
2015-05-16,6.367164629116361,13250.069593191149,2081
2015-05-17,4.965384197300985,10332.96451458335,2081
2015-05-18,4.971500799983582,10345.693164765837,2081
2015-05-19,6.288242936048412,13085.833549916744,2081
2015-05-20,5.5634293356862905,11577.496447563171,2081
2015-05-21,6.095597864744011,12684.939156532288,2081
2015-05-22,5.226940250766214,10877.262661844492,2081
2015-05-23,6.115095620843323,12725.513986974956,2081
2015-05-24,5.741604529124277,11948.279025107622,2081
2015-05-25,6.168587156238034,12836.829872131348,2081
2015-05-26,6.3242783125262605,13160.823168367147,2081
2015-05-29,6.31278249480328,13136.900371685624,2081
2015-05-30,5.963340153707328,12409.71085986495,2081
2015-05-31,6.050153586361871,12590.369613219053,2081
2015-06-01,5.239295735530974,10902.974425639955,2081
2015-06-02,4.36009852259302,9073.365025516076,2081
2015-06-04,5.530043217025926,11508.019934630953,2081
2015-06-05,5.736802004267525,11938.28497088072,2081
2015-06-06,6.189400046433697,12880.141496628525,2081
2015-06-07,5.267323303136192,10961.299793826416,2081
2015-06-08,5.187171822274618,10794.50456215348,2081
2015-06-09,6.269076995569487,13045.949227780104,2081
2015-06-10,5.911968964616133,12302.807415366173,2081
2015-06-11,6.222748716237853,12949.540078490973,2081
2015-06-12,4.967868694830606,10338.13475394249,2081
2015-06-13,6.036273128707955,12561.484380841255,2081
2015-06-14,5.632776157235022,11721.80718320608,2081
2015-06-15,6.276150138861626,13060.668438971044,2081
2015-06-18,5.631609491377367,11719.3793515563,2081
2015-06-19,6.273277954563162,13054.69142344594,2081
2015-06-20,5.634403533470969,11725.193753153086,2081
2015-06-21,5.417974995211991,11274.805965036154,2081
2015-06-22,6.2947757696945015,13099.428376734257,2081
2015-06-23,4.81881092281825,10027.94553038478,2081
2015-06-24,4.695453401943172,9771.23852944374,2081
2015-06-25,5.129901299406163,10675.324604064226,2081
2015-06-26,5.675031417940512,11809.740380734203,2081
2015-06-27,6.0425213796195365,12574.486990988256,2081
2015-06-28,5.101961373967772,10617.181619226933,2081
2015-06-29,6.225969946997376,12956.243459701538,2081
2015-07-01,6.223507684864487,12951.119492202995,2081
2015-07-02,5.602462366111451,11658.72418387793,2081
2015-07-03,5.665304060859793,11789.497750649229,2081
2015-07-04,5.172215112837314,10763.379649814451,2081
2015-07-05,5.006929550327518,10419.420394231563,2081
2015-07-08,5.99533973447352,12476.301987439394,2081
2015-07-09,6.227625638432711,12959.688953578472,2081
2015-07-10,5.736617841567631,11937.90172830224,2081
2015-07-11,4.261436453372856,8868.049259468913,2081
2015-07-12,5.799452669743103,12068.661005735396,2081
2015-07-13,6.062291975436103,12615.62960088253,2081
2015-07-14,4.71778181579066,9817.703958660364,2081
2015-07-15,5.1127266418699,10639.584141731262,2081
2015-07-16,5.867621402337194,12210.520138263702,2081
2015-07-17,5.708661583525696,11879.724755316973,2081
2015-07-18,7.095471170703589,14765.675506234167,2081
2015-07-19,6.721077233968246,13986.56172388792,2081
2015-07-20,4.879589516073394,10154.425782948732,2081
2015-07-21,6.142052459751167,12781.61116874218,2081
2015-07-22,6.172655133431144,12845.295332670212,2081
2015-07-23,6.638195804195413,13814.085468530657,2081
2015-07-24,5.838601310040618,12150.129326194525,2081
2015-07-25,6.219663999777811,12943.120783537626,2081
2015-07-26,5.163728961687945,10745.719969272614,2081
2015-07-27,5.206541994616572,10834.813890797086,2081
2015-07-28,5.968880694812447,12421.240725904703,2081
2015-07-29,5.628188066767213,11712.25936694257,2081
2015-07-30,5.477467369409041,11398.609595740214,2081
2015-07-31,5.953297849512735,12388.812824836,2081
2015-08-01,6.096004394160969,12685.785144248975,2081
2015-08-02,6.176971676059028,12854.278057878835,2081
2015-08-03,6.040647420451289,12570.587281959131,2081
2015-08-04,5.387482264662293,11211.350592762232,2081
2015-08-05,5.129796406967153,10675.106322898646,2081
2015-08-06,5.025540509029367,10458.149799290111,2081
2015-08-07,5.6668535672031535,11792.722273349762,2081
2015-08-08,6.288055602129923,13085.44370803237,2081
2015-08-09,5.660593935126928,11779.695978999138,2081
2015-08-10,5.255131575950689,10935.928809553385,2081
2015-08-11,5.567074887372163,11585.082840621471,2081
2015-08-12,4.889816397617552,10175.707923442124,2081
2015-08-13,6.092591649391284,12678.68322238326,2081
2015-08-14,6.4858566055299,13497.06759610772,2081
2015-08-15,5.653670963016283,11765.289274036884,2081
2015-08-16,5.042089604260198,10492.588466465471,2081
2015-08-17,5.019992938806723,10446.60530565679,2081
2015-08-18,6.586466553748542,13706.436898350716,2081
2015-08-19,6.103603895698128,12701.599706947803,2081
2015-08-20,5.448270173656545,11337.85023137927,2081
2015-08-21,6.113404025299969,12721.993776649237,2081
2015-08-22,4.979811884086903,10362.988530784844,2081
2015-08-23,5.69806867232121,11857.68090710044,2081
2015-08-24,6.533963980696512,13597.17904382944,2081
2015-08-25,6.402093134867005,13322.755813658236,2081
2015-08-26,4.9971883245482,10399.148903384805,2081
2015-08-27,6.16190240274021,12822.918900102375,2081
2015-08-28,5.858126228138874,12190.760680756995,2081
2015-08-29,5.417058110891388,11272.897928764978,2081
2015-08-30,5.769263952090649,12005.83828430064,2081
2015-08-31,5.12384956587976,10662.73094659578,2081
2015-09-01,4.157431843649009,8651.615666633588,2081
2015-09-02,5.1275180510814975,10670.365064300597,2081
2015-09-03,5.533670661957547,11515.568647533655,2081
2015-09-04,6.832940757353394,14219.349716052411,2081
2015-09-05,5.861961387912351,12198.741648245605,2081
2015-09-06,4.937387440380484,10274.703263431787,2081
2015-09-08,4.955529357416306,10312.456592783332,2081
2015-09-09,6.021829972354223,12531.42817246914,2081
2015-09-10,5.883556404505024,12243.680877774954,2081
2015-09-11,4.5062542291486105,9377.51505085826,2081
2015-09-12,4.234849999338775,8812.722848623991,2081
2015-09-13,5.5685790820313095,11588.213069707155,2081
2015-09-14,5.301437134856733,11032.290677636862,2081
2015-09-15,5.787189769406893,12043.141910135746,2081
2015-09-16,5.4410394882709,11322.803175091743,2081
2015-09-17,5.711839917515517,11886.33886834979,2081
2015-09-18,5.0001076530631146,10405.224026024342,2081
2015-09-19,5.785938411220686,12040.537833750248,2081
2015-09-20,7.588597947361949,15791.872328460217,2081
2015-09-21,5.653788512548479,11765.533894613383,2081
2015-09-22,4.494756411419128,9353.588092163203,2081
2015-09-23,4.622181980462959,9618.760701343415,2081
2015-09-24,5.284822491096966,10997.715603972783,2081
2015-09-25,5.820516879663497,12112.495626579735,2081
2015-09-26,5.81212170769656,12095.025273716545,2081
2015-09-27,4.705969342826024,9793.122202420956,2081
2015-09-28,5.313783327000308,11057.98310348764,2081
2015-09-29,4.414423305631232,9186.414899018591,2081
2015-09-30,4.946891498363421,10294.48120809428,2081
2015-10-01,5.842192611174192,12157.602823853493,2081
2015-10-04,5.62022458588197,11695.68736322038,2081
2015-10-05,5.506617228989702,11459.27045352757,2081
2015-10-06,6.692998640171213,13928.130170196297,2081
2015-10-07,5.841830058017068,12156.84835073352,2081
2015-10-10,5.430861965201326,11301.62374958396,2081
2015-10-11,5.862286668079281,12199.418556272984,2081
2015-10-12,6.263818088773923,13035.005442738531,2081
2015-10-13,4.8951172798027045,10186.739059269428,2081
2015-10-14,4.941878165399896,10284.048462197185,2081
2015-10-15,4.605206531982248,9583.434793055058,2081
2015-10-16,6.548601984433518,13627.640729606152,2081
2015-10-17,6.598050080186068,13730.542216867208,2081
2015-10-18,5.643061088168065,11743.210124477744,2081
2015-10-19,4.744022579755364,9872.310988470912,2081
2015-10-20,4.578951232052949,9528.797513902187,2081
2015-10-21,5.530245602238298,11508.4410982579,2081
2015-10-22,5.778118413480528,12024.264418452978,2081
2015-10-23,5.803911900789562,12077.94066554308,2081
2015-10-24,4.750740330982376,9886.290628774324,2081
2015-10-25,4.607028817872422,9587.22696999251,2081
2015-10-26,5.265904429118114,10958.347116994795,2081
2015-10-27,5.412906527416292,11264.258483553303,2081
2015-10-28,5.34535202520197,11123.6775644453,2081
2015-10-29,4.435205540766303,9229.662730334676,2081
2015-10-30,4.136183634686791,8607.398143783212,2081
2015-10-31,4.739174820755951,9862.222801993135,2081
2015-11-01,5.758180256789762,11982.773114379495,2081
2015-11-02,5.7204035619289,11904.15981237404,2081
2015-11-03,5.244036336455822,10912.839616164563,2081
2015-11-04,5.021650832398817,10450.055382221935,2081
2015-11-05,5.785610300898266,12039.85503616929,2081
2015-11-07,7.751192825365273,16130.232269585133,2081
2015-11-08,5.306654867180433,11043.14877860248,2081
2015-11-09,6.229023684938615,12962.598288357258,2081
2015-11-10,6.224933172635652,12954.085932254791,2081
2015-11-11,6.228693534739598,12961.911245793104,2081
2015-11-12,6.657188886826691,13853.610073486345,2081
2015-11-13,6.41287085479094,13345.184248819947,2081
2015-11-14,5.345814232354208,11124.639417529106,2081
2015-11-15,5.04181829791611,10492.023877963424,2081
2015-11-16,5.128009717462156,10671.388222038746,2081
2015-11-17,5.996106622276084,12477.89788095653,2081
2015-11-18,6.646977264639966,13832.359687715769,2081
2015-11-19,5.551057729703597,11551.751135513186,2081
2015-11-20,6.102976094811424,12700.293253302574,2081
2015-11-21,5.3562077327968405,11146.268291950226,2081
2015-11-22,6.3436651317396455,13201.167139150202,2081
2015-11-23,6.012042405907466,12511.060246693436,2081
2015-11-24,6.312547665334619,13136.41169156134,2081
2015-11-25,5.248524665198417,10922.179828277904,2081
2015-11-26,4.9369600871516885,10273.813941362663,2081
2015-11-27,5.22985982299764,10883.338291658089,2081
2015-11-28,6.395714807299497,13309.482513990251,2081
2015-11-29,6.009671307092372,12506.125990059229,2081
2015-11-30,5.570281216753884,11591.755212064832,2081
2015-12-01,4.727009064939047,9836.905864138156,2081
2015-12-02,5.535767222333302,11519.931589675602,2081
2015-12-03,5.855077788955185,12184.41687881574,2081
2015-12-04,6.293654815966495,13097.095672026277,2081
2015-12-05,5.9870665409225845,12459.0854716599,2081
2015-12-06,5.2582623580115335,10942.443967022002,2081
2015-12-07,5.3907048035661855,11218.056696221232,2081
2015-12-08,5.309442227202387,11048.949274808168,2081
2015-12-09,6.901843912774184,14362.737182483075,2081
2015-12-10,5.398500003726192,11234.278507754208,2081
2015-12-11,5.009281121190782,10424.314013198018,2081
2015-12-12,5.074653354438952,10560.35363058746,2081
2015-12-13,6.256791341024084,13020.38278067112,2081
2015-12-14,6.40017949473623,13318.773528546097,2081
2015-12-15,6.594521612062753,13723.19947470259,2081
2015-12-16,5.34608680296981,11125.206636980176,2081
2015-12-17,6.495005145661823,13516.105708122252,2081
2015-12-18,5.541266222346121,11531.375008702278,2081
2015-12-19,6.955254188914645,14473.883967131376,2081
2015-12-20,6.483053259698317,13491.233833432198,2081
2015-12-21,5.501125345757047,11447.841844520415,2081
2015-12-22,5.315989734317637,11062.574637115002,2081
2015-12-23,5.511378776734084,11469.179234383628,2081
2015-12-24,6.081549005558761,12655.703480567783,2081
2015-12-25,6.626572426167531,13789.897218854632,2081
2015-12-26,6.570374918794586,13672.950206011534,2081
2015-12-28,5.108773257050812,10631.35714792274,2081
2015-12-29,5.98958146775742,12464.31903440319,2081
2015-12-30,6.012359043592672,12511.71916971635,2081
2015-12-31,6.15098081088944,12800.191067460924,2081
2016-01-01,6.623788060010883,13784.102952882648,2081
2016-01-02,5.114164220418912,10642.575742691755,2081
2016-01-03,5.660740849692222,11780.001708209516,2081
2016-01-04,6.190979732015223,12883.42882232368,2081
2016-01-05,6.463564796925508,13450.67834240198,2081
2016-01-06,5.091822051281599,10596.081688717008,2081
2016-01-07,4.846097387233816,10084.728662833571,2081
2016-01-08,4.871052139645898,10136.659502603114,2081
2016-01-09,5.789336298962501,12047.608838140965,2081
2016-01-10,6.923263551487423,14407.311450645328,2081
2016-01-11,5.893422806509294,12264.21286034584,2081
2016-01-12,4.724469014002634,9831.620018139482,2081
2016-01-13,4.343515925055682,9038.856640040874,2081
2016-01-14,6.296246678460567,13102.48933787644,2081
2016-01-15,6.507511496791819,13542.131424823776,2081
2016-01-16,6.6766888742719575,13894.189547359943,2081
2016-01-17,4.128741482332714,8591.911024734378,2081
2016-01-18,4.264906867651169,8875.271191582084,2081
2016-01-19,4.966490711959984,10335.267171588726,2081
2016-01-20,6.180530729939827,12861.68444900478,2081
2016-01-21,6.101286778300786,12696.777785643935,2081
2016-01-22,5.608892293658568,11672.10486310348,2081
2016-01-23,5.001321779983476,10407.750624145614,2081
2016-01-24,4.95189416887022,10304.891765418928,2081
2016-01-25,6.279662930445566,13067.978558257222,2081
2016-01-26,6.531226435045975,13591.482211330673,2081
2016-01-27,5.662690058580597,11784.058011906222,2081
2016-01-28,4.876228172794032,10147.43082758438,2081
2016-01-29,5.615807631468791,11686.495681086555,2081
2016-01-30,5.985363037738518,12455.540481533855,2081
2016-01-31,6.151187537126118,12800.621264759451,2081
2016-02-01,6.252722533769702,13011.915592774749,2081
2016-02-02,5.110017737084601,10633.946910873055,2081
2016-02-03,4.854454181375898,10102.119151443245,2081
2016-02-04,5.097466341624863,10607.82745692134,2081
2016-02-05,5.521005568446762,11489.212587937713,2081
2016-02-06,6.1733109492957166,12846.660085484384,2081
2016-02-07,5.609845226742452,11674.087916851044,2081
2016-02-08,4.831501775252481,10054.355194300411,2081
2016-02-09,4.921087816704901,10240.783746562898,2081
2016-02-10,5.256739710116153,10939.275336751714,2081
2016-02-11,5.776800461840251,12021.521761089563,2081
2016-02-12,5.188208623173889,10796.662144824862,2081
2016-02-13,5.08469605968584,10581.252500206232,2081
2016-02-14,5.06788510229512,10546.268897876143,2081
2016-02-15,4.997024026879721,10398.8069999367,2081
2016-02-16,5.860026973763777,12194.71613240242,2081
2016-02-17,5.842749963602672,12158.76267425716,2081
2016-02-18,5.8412799451827775,12155.70356592536,2081
2016-02-19,4.741457421348038,9866.972893825268,2081
2016-02-20,5.339127462426651,11110.72424930986,2081
2016-02-21,5.784909079226265,12038.39579386986,2081
2016-02-22,5.70417004567515,11870.377865049988,2081
2016-02-23,5.235118123078504,10894.280814126369,2081
2016-02-24,4.854375696303019,10101.955824006582,2081
2016-02-25,5.171205285581341,10761.278199294771,2081
2016-02-26,5.476929504302603,11397.490298453718,2081
2016-02-27,6.624209178300151,13784.979300042614,2081
2016-02-28,5.675054087831224,11809.787556776775,2081
2016-02-29,5.010853649525653,10427.586444662884,2081
2016-03-01,4.983873059701914,10371.439837239684,2081
2016-03-02,5.825508406347291,12122.882993608711,2081
2016-03-03,6.603691705541506,13742.282439231873,2081
2016-03-04,5.99344836041539,12472.366038024426,2081
2016-03-05,4.975451428462885,10353.914422631264,2081
2016-03-06,5.05089653759894,10510.915694743397,2081
2016-03-07,5.210082135059867,10842.180923059585,2081
2016-03-08,5.707308930145726,11876.909883633256,2081
2016-03-09,6.679844379869005,13900.7561545074,2081
2016-03-10,6.004256517246387,12494.857812389731,2081
2016-03-11,4.679735008489335,9738.528552666306,2081
2016-03-12,4.687583926153951,9754.862150326371,2081
2016-03-13,6.050122397742783,12590.30470970273,2081
2016-03-14,7.005469224047397,14578.381455242634,2081
2016-03-15,5.954970604443367,12392.293827846646,2081
2016-03-16,4.962640233176766,10327.25432524085,2081
2016-03-17,5.612465946162223,11679.541633963585,2081
2016-03-18,5.758863568834957,11984.195086745543,2081
2016-03-19,7.200832897504986,14984.933259707876,2081
2016-03-20,6.753964824436419,14055.000799652187,2081
2016-03-21,5.560323370174863,11571.032933333889,2081
2016-03-22,5.351153275126064,11135.74996553734,2081
2016-03-23,5.669746359807548,11798.742174759507,2081
2016-03-24,6.059370750033488,12609.550530819688,2081
2016-03-25,6.2147815666371375,12932.960440171884,2081
2016-03-26,5.238041701268898,10900.364780340577,2081
2016-03-27,5.029969460440326,10467.36644717632,2081
2016-03-28,5.31952198644941,11069.925253801222,2081
2016-03-29,5.830074110614151,12132.384224188048,2081
2016-03-30,6.283623793388411,13076.221114041284,2081
2016-03-31,5.851645010765616,12177.273267403243,2081
2016-04-01,4.875899208338143,10146.746252551677,2081
2016-04-02,5.098609912981212,10610.207228913903,2081
2016-04-03,5.422893129478905,11285.040602445602,2081
2016-04-04,6.938517650998395,14439.05523172766,2081
2016-04-05,6.411844329628333,13343.04804995656,2081
2016-04-06,5.387172714470099,11210.706418812277,2081
2016-04-07,5.134730942328924,10685.37509098649,2081
2016-04-08,5.493444787065379,11431.858601883054,2081
2016-04-09,6.649318870022743,13837.232568517327,2081
2016-04-10,6.523797166012389,13576.02190247178,2081
2016-04-11,5.892656919519125,12262.6190495193,2081
2016-04-12,5.762689608971354,11992.157076269388,2081
2016-04-13,6.099255378460552,12692.550442576408,2081
2016-04-14,5.995804460102523,12477.26908147335,2081
2016-04-15,6.874244928449492,14305.303696103394,2081
2016-04-16,5.270780982584807,10968.495224758984,2081
2016-04-17,5.5974513870386025,11648.296336427333,2081
2016-04-18,6.218696610657485,12941.107646778226,2081
2016-04-19,5.912441587016517,12303.79094258137,2081
2016-04-20,6.222424867017403,12948.866148263216,2081
2016-04-21,5.701554145600427,11864.934176994488,2081
2016-04-22,6.21085271863146,12924.784507472068,2081
2016-04-23,5.497490778056223,11440.278309135,2081
2016-04-24,5.591710883582522,11636.350348735228,2081
2016-04-25,5.916685722138624,12312.622987770475,2081
2016-04-26,6.723614950506361,13991.842712003738,2081
2016-04-27,5.481119814092327,11406.210333126131,2081
2016-04-28,5.693063342358634,11847.264815448318,2081
2016-04-29,5.868064663283874,12211.442564293742,2081
2016-05-05,6.149008008198976,12796.08566506207,2081
2016-05-06,6.186144359778579,12873.366412699224,2081
2016-05-07,6.763543325883159,14074.933661162851,2081
2016-05-08,5.576838852851108,11605.401652783155,2081
2016-05-09,4.831570659339399,10054.49854208529,2081
2016-05-10,6.067223262745334,12625.89160977304,2081
2016-05-11,6.089597541622277,12672.452484115958,2081
2016-05-12,6.298406183168271,13106.983267173173,2081
2016-05-13,6.3194889902481375,13150.856588706374,2081
2016-05-14,5.090859898662751,10594.079449117184,2081
2016-05-15,5.445816616458368,11332.744378849864,2081
2016-05-16,6.278146911202583,13064.823722212575,2081
2016-05-17,6.990484759784386,14547.198785111308,2081
2016-05-18,5.595660734024832,11644.569987505674,2081
2016-05-19,4.950289473058922,10301.552393435615,2081
2016-05-20,5.921525942096255,12322.695485502309,2081
2016-05-21,6.182556144459954,12865.899336621163,2081
2016-05-22,5.846521856817777,12166.611984037794,2081
2016-05-23,6.021788434701952,12531.34173261476,2081
2016-05-24,4.905408250627586,10208.154569556003,2081
2016-05-25,4.894591197666074,10185.6442823431,2081
2016-05-26,6.06476366976191,12620.773196774537,2081
2016-05-28,6.371902784636062,13259.929694827646,2081
2016-06-01,5.043344301652702,10495.199491739271,2081
2016-06-02,6.176792657372472,12853.905519992111,2081
2016-06-03,5.777105065119032,12022.155640512705,2081
2016-06-04,5.061149101154784,10532.251279503109,2081
2016-06-05,4.984404579485225,10372.545929908752,2081
2016-06-06,6.050666224349295,12591.436412870884,2081
2016-06-08,5.83860441052759,12150.135778307917,2081
2016-06-09,5.380861948941087,11197.573715746405,2081
2016-06-10,5.229346970664602,10882.271045953035,2081
2016-06-11,5.548422043510265,11546.26627254486,2081
2016-06-12,6.001893167567906,12489.939681708813,2081
2016-06-13,6.614328068875739,13764.416711330414,2081
2016-06-14,5.454889092392099,11351.624201267958,2081
2016-06-15,5.1171772777962605,10648.845915094018,2081
2016-06-16,5.256897665502961,10939.604041911662,2081
2016-06-17,5.8373974757086655,12147.624146949733,2081
2016-06-18,6.256461326603933,13019.696020662785,2081
2016-06-19,5.373716938550594,11182.704949123785,2081
2016-06-20,6.026718268839572,12541.600717455149,2081
2016-06-21,5.65758983277215,11773.444441998843,2081
2016-06-22,4.926589447050926,10252.232639312975,2081
2016-06-23,5.3487119505160425,11130.669569023885,2081
2016-06-26,5.921780019712127,12323.224221020935,2081
2016-06-27,5.232730487972884,10889.312145471573,2081
2016-06-28,6.188398451214511,12878.057176977396,2081
2016-06-29,7.177902348020912,14937.214786231518,2081
2016-06-30,5.866974176451428,12209.17326119542,2081
2016-07-01,5.151917766215766,10721.140871495008,2081
2016-07-02,5.978455334916131,12441.165551960468,2081
2016-07-03,5.82448237425487,12120.747820824385,2081
2016-07-04,6.208059689793548,12918.972214460371,2081
2016-07-05,5.909199636381215,12297.044443309307,2081
2016-07-06,4.259439233960812,8863.89304587245,2081
2016-07-07,4.14824778549033,8632.503641605377,2081
2016-07-08,5.828008832853039,12128.086381167172,2081
2016-07-09,6.866574604031109,14289.341750988737,2081
2016-07-10,5.720164899683411,11903.66315624118,2081
2016-07-11,5.116990428441193,10648.457081586124,2081
2016-07-12,3.785572522566446,7877.776419460773,2081
2016-07-13,5.676363866011837,11812.513205170631,2081
2016-07-14,7.069847686109721,14712.35303479433,2081
2016-07-15,5.137137002136661,10690.38210144639,2081
2016-07-16,5.860275955413366,12195.234263215214,2081
2016-07-17,5.072401040332242,10555.666564931396,2081
2016-07-18,4.9096045392077166,10216.88704609126,2081
2016-07-19,5.574553080130474,11600.644959751517,2081
2016-07-20,5.875034653455921,12225.947113841772,2081
2016-07-21,5.072708909695629,10556.307241076604,2081
2016-07-22,4.451654137254908,9263.892259627464,2081
2016-07-23,4.9430005909421455,10286.384229750603,2081
2016-07-24,6.053662002529756,12597.670627264422,2081
2016-07-25,7.325421055967274,15244.201217467897,2081
2016-07-26,5.848599411228538,12170.935374766588,2081
2016-07-27,5.794760467247399,12058.896532341838,2081
2016-07-28,5.0833592263910985,10578.470550119877,2081
2016-07-29,5.221657729582796,10866.269735261798,2081
2016-07-30,5.859391433854105,12193.393573850391,2081
2016-07-31,5.859030315576408,12192.642086714506,2081
2016-08-01,5.759526421156198,11985.574482426047,2081
2016-08-02,5.03742874950414,10482.889227718117,2081
2016-08-03,4.859542718906348,10112.70839804411,2081
2016-08-04,5.7435161121357865,11952.257029354572,2081
2016-08-05,6.285996904887585,13081.159559071064,2081
2016-08-06,6.448228678297733,13418.763879537582,2081
2016-08-07,5.186083032628311,10792.238790899515,2081
2016-08-08,5.647137642966504,11751.693435013294,2081
2016-08-09,5.266098087615029,10958.750120326877,2081
2016-08-10,6.394868184985564,13307.720692954956,2081
2016-08-11,5.833623147817084,12139.769770607352,2081
2016-08-12,4.533815812149453,9434.870705083013,2081
2016-08-13,4.957090967359421,10315.706303074956,2081
2016-08-14,5.770169320722602,12007.722356423736,2081
2016-08-15,5.879290677268722,12234.80389939621,2081
2016-08-16,6.4907853327523055,13507.324277457548,2081
2016-08-17,5.424390052276512,11288.15569878742,2081
2016-08-18,5.540446801872361,11529.669794696383,2081
2016-08-19,4.684629412370849,9748.713807143737,2081
2016-08-20,5.485260291126395,11414.826665834027,2081
2016-08-21,6.517766571417988,13563.472235120831,2081
2016-08-22,5.434596503160716,11309.39532307745,2081
2016-08-23,4.949011136529316,10298.892175117508,2081
2016-08-24,4.831694335080164,10054.75591130182,2081
2016-08-25,5.049911523462487,10508.865880325437,2081
2016-08-26,5.766945054572915,12001.012658566236,2081
2016-08-27,6.154896963479025,12808.340580999851,2081
2016-08-28,5.760477037297482,11987.55271461606,2081
2016-08-29,5.181256039806537,10782.193818837404,2081
2016-08-30,4.799885212429896,9988.561127066612,2081
2016-08-31,6.398436598297153,13315.146561056376,2081
2016-09-01,6.173470625198271,12846.992371037602,2081
2016-09-02,4.87182907930565,10138.276314035058,2081
2016-09-03,4.263949008908254,8873.277887538075,2081
2016-09-04,5.835331231276901,12143.32429228723,2081
2016-09-06,6.662117788749168,13863.867118387016,2081
2016-09-07,6.054758340184761,12599.952105924487,2081
2016-09-08,5.434448072345769,11309.086438551543,2081
2016-09-09,5.994162773087814,12473.85273079574,2081
2016-09-10,5.415030895689827,11268.67929393053,2081
2016-09-11,6.753666642836686,14054.380283743145,2081
2016-09-12,6.597147295733933,13728.663522422314,2081
2016-09-13,5.352604697715779,11138.770375946537,2081
2016-09-14,4.740987477606645,9865.994940899427,2081
2016-09-15,4.615110836834706,9604.045651453023,2081
2016-09-16,5.411351552262623,11261.02258025852,2081
2016-09-17,5.863894120074762,12202.76366387558,2081
2016-09-18,5.945945998210709,12373.513622276483,2081
2016-09-19,5.858705101529577,12191.965316283053,2081
2016-09-20,5.063553485869001,10537.25480409339,2081
2016-09-21,5.548522612314319,11546.475556226098,2081
2016-09-22,6.4448905003466095,13411.817131221294,2081
2016-09-23,5.699733119044437,11861.144620731471,2081
2016-09-24,5.208437818537991,10838.75910037756,2081
2016-09-25,4.838559348521068,10069.042004272342,2081
2016-09-26,5.312411648065124,11055.128639623525,2081
2016-09-27,6.033205830077213,12555.10133239068,2081
2016-09-28,6.049881565361742,12589.803537517786,2081
2016-09-29,6.077434618017067,12647.141440093515,2081
2016-09-30,6.061661872624319,12614.31835693121,2081
2016-10-01,5.382210486936833,11200.380023315549,2081
2016-10-02,5.923102608864437,12325.976529046891,2081
2016-10-03,5.9750310939158,12434.03970643878,2081
2016-10-04,6.07941030220078,12651.252838879824,2081
2016-10-05,6.079841915501934,12652.151026159523,2081
2016-10-06,5.054652279676983,10518.731394007802,2081
2016-10-07,5.579966111847095,11611.909478753803,2081
2016-10-08,6.060771161277726,12612.464786618948,2081
2016-10-09,5.754790891124789,11975.719844430683,2081
2016-10-10,5.911901601872612,12302.667233496904,2081
2016-10-11,6.077064672638051,12646.371583759785,2081
2016-10-12,6.07719575450834,12646.644365131857,2081
2016-10-14,5.8643363896081135,12203.684026774485,2081
2016-10-15,5.10917498026132,10632.193133923807,2081
2016-10-16,4.263462862176646,8872.2662161896,2081
2016-10-18,5.51671522202714,11480.28437703848,2081
2016-10-19,5.976367553929203,12436.82087972667,2081
2016-10-20,5.090016324706563,10592.32397171436,2081
2016-10-21,5.339929212882742,11112.392692008989,2081
2016-10-22,5.63659850972338,11729.761498734357,2081
2016-10-23,5.609384162431151,11673.128442019224,2081
2016-10-24,6.304557184168263,13119.783500254154,2081
2016-10-25,5.741762686604952,11948.608150824904,2081
2016-10-26,5.798669595391289,12067.031428009272,2081
2016-10-27,4.690138223056952,9760.177642181516,2081
2016-10-28,5.282849218737529,10993.609224192798,2081
2016-10-29,7.441991219607641,15486.783728003502,2081
2016-10-30,6.564262289831353,13660.229825139046,2081
2016-10-31,4.7161599224301725,9814.32879857719,2081
2016-11-01,6.0258513202551525,12539.796597450972,2081
2016-11-02,6.053165822490827,12596.638076603413,2081
2016-11-03,5.6258312582697565,11707.354848459365,2081
2016-11-04,6.053832627048807,12598.025696888566,2081
2016-11-05,6.173597387865666,12847.25616414845,2081
2016-11-08,6.146700751532276,12791.284263938664,2081
2016-11-09,6.174759057208588,12849.673598051071,2081
2016-11-13,6.058336744829655,12607.39876599051,2081
2016-11-14,5.842904935241845,12159.08517023828,2081
2016-11-15,6.174193065593816,12848.495769500732,2081
2016-11-18,5.1632766557440295,10744.778720603324,2081
2016-11-20,6.5156603677601685,13559.089225308911,2081
2016-11-21,5.887143798748901,12251.146245196462,2081
2016-11-22,4.56601479776286,9501.876794144511,2081
2016-11-23,5.700740534001277,11863.241051256657,2081
2016-11-24,5.121039160154491,10656.882492281497,2081
2016-11-25,6.665462931300344,13870.828360036016,2081
2016-11-26,5.675901462715558,11811.550943911076,2081
2016-11-27,5.09549997914502,10603.735456600783,2081
2016-11-28,5.626842982218507,11709.460245996714,2081
2016-11-29,6.01392004511094,12514.967613875866,2081
2016-11-30,6.068244173714658,12628.016125500202,2081
2016-12-01,6.190603453170102,12882.645786046982,2081
2016-12-02,5.272212234015565,10971.47365898639,2081
2016-12-03,5.005539423084815,10416.5275394395,2081
2016-12-04,5.479841156258055,11403.549446173012,2081
2016-12-05,6.809992347576766,14171.59407530725,2081
2016-12-06,6.012657218615863,12512.339671939611,2081
2016-12-07,5.675506954351221,11810.72997200489,2081
2016-12-08,5.998461430402744,12482.79823666811,2081
2016-12-09,6.101081155816963,12696.349885255098,2081
2016-12-10,6.389102359987548,13295.722011134088,2081
2016-12-11,6.49088626616719,13507.534319893924,2081
2016-12-12,5.902684600751579,12283.486654164037,2081
2016-12-13,4.940088515661313,10280.324201091193,2081
2016-12-14,5.160415263116585,10738.824162545614,2081
2016-12-15,5.950673360820611,12383.351263867691,2081
2016-12-16,6.47883535086986,13482.456365160178,2081
2016-12-17,6.072348059706859,12636.556312249972,2081
2016-12-19,4.796130131971286,9980.746804632246,2081
2016-12-20,5.484115343048617,11412.444028884172,2081
2016-12-21,6.101715117814678,12697.669160172343,2081
2016-12-22,6.087985025023337,12669.096837073565,2081
2016-12-23,5.522638547583763,11492.61081752181,2081
2016-12-24,5.478144571077704,11400.0188524127,2081
2016-12-25,5.57709290730959,11605.930340111256,2081
2016-12-26,6.288953753323408,13087.312760666013,2081
2016-12-27,7.1016736299914776,14778.582824012265,2081
2016-12-28,6.635533281068055,13808.544757902622,2081
2016-12-29,5.379773072379246,11195.307763621213,2081
2016-12-30,5.1318854801482106,10679.453684188426,2081
2016-12-31,6.1104124713472485,12715.768352873623,2081
2017-01-01,10.74803642086964,22366.66379182972,2081
2017-01-02,6.481153497919046,13487.280429169536,2081
2017-01-03,6.101404820767118,12697.023432016373,2081
2017-01-04,4.978176147891374,10359.58456376195,2081
2017-01-05,6.715302620124267,13974.5447524786,2081
2017-01-06,5.851679438477179,12177.34491147101,2081
2017-01-07,6.467079598504955,13457.992644488811,2081
2017-01-08,6.494484065267929,13515.02133982256,2081
2017-01-09,5.011774608257179,10429.502959783187,2081
2017-01-10,6.526274655312336,13581.17755770497,2081
2017-01-11,5.298889450201137,11026.988945868565,2081
2017-01-12,6.458589041926252,13440.32379624853,2081
2017-01-13,5.606339157986151,11666.79178776918,2081
2017-01-14,5.359898999403924,11153.949817759569,2081
2017-01-15,6.285515462217968,13080.157676875591,2081
2017-01-16,5.433498801815792,11307.111006578663,2081
2017-01-17,6.132426464433411,12761.57947248593,2081
2017-01-19,6.122886871882562,12741.727580387613,2081
2017-01-20,4.856427264848705,10106.225138150156,2081
2017-01-21,5.040504804558619,10489.290498286486,2081
2017-01-22,5.800587218453511,12071.022001601756,2081
2017-01-23,6.561487681916676,13654.455866068602,2081
2017-01-24,5.493618300545322,11432.219683434814,2081
2017-01-25,4.741373505144381,9866.798264205456,2081
2017-01-26,4.814784130850849,10019.565776300617,2081
2017-01-27,5.630575608736883,11717.227841781452,2081
2017-01-28,6.242982305211303,12991.64617714472,2081
2017-01-29,6.264266607432605,13035.938810067251,2081
2017-01-30,5.092879184102394,10598.28158211708,2081
2017-01-31,5.019860971873874,10446.330682469532,2081
2017-02-01,5.421146980139969,11281.406865671275,2081
2017-02-02,5.049754988604414,10508.540131285788,2081
2017-02-03,6.183619700311354,12868.112596347928,2081
2017-02-04,5.776871802484915,12021.670220971107,2081
2017-02-05,5.134304230371271,10684.487103402616,2081
2017-02-06,5.176465556194674,10772.224822441116,2081
2017-02-07,6.101781725639129,12697.807771055028,2081
2017-02-08,6.124157631287332,12744.37203070894,2081
2017-02-09,6.202079765126288,12906.527991227806,2081
2017-02-10,5.04895834120232,10506.882308042026,2081
2017-02-11,4.740872203504575,9865.75505549302,2081
2017-02-12,5.739217238364887,11943.31107303733,2081
2017-02-13,6.149564347419206,12797.243406979367,2081
2017-02-14,5.449577104245214,11340.56995393429,2081
2017-02-15,6.08116496905348,12654.90430060029,2081
2017-02-16,5.136818776697508,10689.719874307511,2081
2017-02-17,5.734145855925823,11932.757526181638,2081
2017-02-18,6.94401354038106,14450.492177532986,2081
2017-02-19,6.258104631293284,13023.115737721324,2081
2017-02-21,5.29483721979546,11018.556254394352,2081
2017-02-22,6.184093195567304,12869.09793997556,2081
2017-02-23,6.828459982299736,14210.02522316575,2081
2017-02-24,6.382416499410754,13281.808735273778,2081
2017-02-25,5.491128671160689,11427.038764685392,2081
2017-02-26,6.387407973505367,13292.195992864668,2081
2017-02-27,5.100447513664331,10614.031275935473,2081
2017-02-28,5.172348357278787,10763.656931497157,2081
2017-03-01,7.8024469545376895,16236.892112392932,2081
2017-03-02,6.540704040802883,13611.2051089108,2081
2017-03-03,4.564470509986417,9498.663131281734,2081
2017-03-04,6.401954164783121,13322.466616913676,2081
2017-03-05,5.63706514421906,11730.732565119864,2081
2017-03-06,6.013614850948488,12514.332504823804,2081
2017-03-07,6.322893718031093,13157.941827222705,2081
2017-03-08,6.551281304907364,13633.216395512223,2081
2017-03-11,6.164201703091304,12827.703744133005,2081
2017-03-12,6.588226932091554,13710.100245682524,2081
2017-03-13,5.780609035682772,12029.44740325585,2081
2017-03-14,5.5716558497231885,11594.615823273954,2081
2017-03-15,5.618203562850393,11691.481614291668,2081
2017-03-16,5.8757456714345135,12227.426742255222,2081
2017-03-17,7.199123552858074,14981.376113497652,2081
2017-03-19,6.554229048060603,13639.350649014115,2081
2017-03-20,6.3894121603989245,13296.366705790162,2081
2017-03-21,5.415464522838879,11269.581672027707,2081
2017-03-22,7.312744791750608,15217.821911633016,2081
2017-03-23,6.514569392131533,13556.81890502572,2081
2017-03-24,5.602322860929268,11658.433873593807,2081
2017-03-25,5.48323621881919,11410.614571362734,2081
2017-03-27,6.283154492124607,13075.244498111308,2081
2017-03-28,6.69377330340112,13929.742244377732,2081
2017-03-29,5.69656727983939,11854.55650934577,2081
2017-03-30,5.087383739190183,10586.84556125477,2081
2017-03-31,6.44644135136492,13415.0444521904,2081
2017-04-01,6.480975030041096,13486.90903751552,2081
2017-04-02,5.435736152270503,11311.766932874918,2081
2017-04-03,5.701897689652867,11865.649092167616,2081
2017-04-04,4.9680704898283725,10338.554689332845,2081
2017-04-05,5.487642104711056,11419.783219903708,2081
2017-04-06,5.971925745202507,12427.57747576642,2081
2017-04-07,7.0824299535149295,14738.53673326457,2081
2017-04-08,6.574875712174415,13682.316357034955,2081
2017-04-09,5.782643120313409,12033.680333372204,2081
2017-04-10,5.171674222095432,10762.254056180594,2081
2017-04-11,5.374320063511324,11183.960052167064,2081
2017-04-12,5.619567385276641,11694.319728760687,2081
2017-04-13,5.516285451169916,11479.390023884596,2081
2017-04-14,5.160040331686678,10738.043930239975,2081
2017-04-15,6.5314292793074005,13591.9043302387,2081
2017-04-16,6.294425973929161,13098.700451746585,2081
2017-04-18,6.1010481367618965,12696.281172601506,2081
2017-04-19,5.504910026187796,11455.717764496803,2081
2017-04-22,5.526479216649634,11500.603249847887,2081
2017-04-23,7.554529164027618,15720.975190341473,2081
2017-04-24,6.636732340202716,13811.039999961851,2081
2017-04-25,5.746273911526316,11957.996009886265,2081
2017-04-26,5.134449391554663,10684.789183825254,2081
2017-04-27,5.847208960390847,12168.041846573353,2081
2017-04-28,6.649576763302474,13837.76924443245,2081
2017-04-29,7.411641383088019,15423.625718206167,2081
2017-04-30,5.895123988647749,12267.753020375969,2081
2017-05-01,5.664362063335147,11787.53745380044,2081
2017-05-02,6.735413349387968,14016.39518007636,2081
2017-05-03,6.675569898288219,13891.860958337784,2081
2017-05-04,6.7056988443765775,13954.559295147656,2081
2017-05-05,5.738499299056939,11941.81704133749,2081
2017-05-06,5.538207220263575,11525.0092253685,2081
2017-05-07,5.635931735307852,11728.37394117564,2081
2017-05-08,6.756087491642335,14059.418070107698,2081
2017-05-09,6.415286085010291,13350.210342906415,2081
2017-05-10,6.765985004149166,14080.014793634416,2081
2017-05-11,5.433150885784206,11306.386993316934,2081
2017-05-14,5.999377894742036,12484.705398958176,2081
2017-05-15,5.659785639670091,11778.01391615346,2081
2017-05-16,5.57975464186406,11611.46940971911,2081
2017-05-17,5.400527475760683,11238.49767705798,2081
2017-05-18,5.400868489171152,11239.207325965166,2081
2017-05-19,6.7374242991567055,14020.579966545103,2081
2017-05-20,7.180359349857724,14942.327807053924,2081
2017-05-21,5.512213330066072,11470.915939867496,2081
2017-05-22,6.789539198114115,14129.031071275473,2081
2017-05-23,6.789105804808033,14128.129179805515,2081
2017-05-24,5.441513279462765,11323.789134562016,2081
2017-05-25,6.361512913949096,13238.30837392807,2081
2017-05-26,6.598814880701855,13732.13376674056,2081
2017-05-27,5.325809423816657,11083.009410962462,2081
2017-05-28,6.648455823458828,13835.43656861782,2081
2017-05-29,6.198525913628977,12899.132426261902,2081
2017-05-30,6.004643713766311,12495.663568347692,2081
2017-05-31,6.461370895096226,13446.112832695246,2081
2017-06-01,6.665957847820458,13871.858281314371,2081
2017-06-02,6.486667178589125,13498.75439864397,2081
2017-06-03,6.681860840561183,13904.95240920782,2081
2017-06-04,6.45881316124505,13440.79018855095,2081
2017-06-05,6.458534603956362,13440.210510833189,2081
2017-06-07,6.646395720297122,13831.149493938312,2081
2017-06-09,5.250263863123698,10925.799099160417,2081
2017-06-11,6.338370886962935,13190.149815769866,2081
2017-06-12,5.352017919021868,11137.549289484508,2081
2017-06-13,6.633846862562062,13805.03532099165,2081
2017-06-14,5.941246986467927,12363.734978839757,2081
2017-06-16,6.970620163282713,14505.860559791328,2081
2017-06-17,6.170389561900034,12840.58067831397,2081
2017-06-18,5.060522285090909,10530.94687527418,2081
2017-06-19,6.150029225497794,12798.210818260908,2081
2017-06-20,6.6552071205587815,13849.486017882824,2081
2017-06-21,6.900124795659696,14359.159699767828,2081
2017-06-22,6.295993847028674,13101.96319566667,2081
2017-06-23,4.974737221399275,10352.42815773189,2081
2017-06-25,6.4087536952806055,13336.61643987894,2081
2017-06-26,5.6270379289333095,11709.865930110216,2081
2017-06-27,6.1022772892256985,12698.83903887868,2081
2017-06-28,6.42849700500162,13377.702267408373,2081
2017-06-29,6.409195480296269,13337.535794496536,2081
2017-06-30,4.905480414399844,10208.304742366076,2081
2017-07-01,6.147643989942885,12793.247143071145,2081
2017-07-02,6.274702068763762,13057.65500509739,2081
2017-07-03,5.617648434891029,11690.326393008232,2081
2017-07-04,4.924798485330238,10248.505647972226,2081
2017-07-05,5.160049091386378,10738.062159175051,2081
2017-07-06,5.284992670434035,10998.069747173227,2081
2017-07-07,5.995769479497171,12477.196286833612,2081
2017-07-08,6.193209324034753,12888.068603316322,2081
2017-07-09,4.964103235394691,10330.298832856352,2081
2017-07-10,4.485898648320658,9335.15508715529,2081
2017-07-11,5.342003196311518,11116.70865152427,2081
2017-07-12,6.415524159834247,13350.705776615068,2081
2017-07-13,6.357807791989219,13230.598015129566,2081
2017-07-15,5.77914189431657,12026.394282072784,2081
2017-07-16,5.602588245468836,11658.986138820648,2081
2017-07-17,6.642572014721926,13823.192362636328,2081
2017-07-18,5.432479903223651,11304.990678608418,2081
2017-07-19,4.737141429074735,9857.991313904524,2081
2017-07-20,5.271334872995931,10969.647870704532,2081
2017-07-21,5.030449064512026,10468.364503249526,2081
2017-07-23,7.071738732471196,14716.288302272558,2081
2017-07-24,5.368980326828964,11172.848060131071,2081
2017-07-25,6.303842477804763,13118.296196311712,2081
2017-07-26,4.992232682733854,10388.83621276915,2081
2017-07-27,5.459478343925128,11361.174433708193,2081
2017-07-28,6.003528313531376,12493.342420458794,2081
2017-07-29,6.350446008951374,13215.27814462781,2081
2017-07-30,5.470536875035945,11384.1872369498,2081
2017-07-31,5.2335147780475,10890.944253116846,2081
2017-08-01,5.132729821855892,10681.210759282112,2081
2017-08-03,5.780523557801306,12029.269523784518,2081
2017-08-04,6.205629074082301,12913.914103165269,2081
2017-08-05,4.888654363344874,10173.289730120685,2081
2017-08-06,5.880100516856066,12236.489175577472,2081
2017-08-07,5.404456404752937,11246.67377829086,2081
2017-08-08,5.501219475657511,11448.03772884328,2081
2017-08-09,5.4728112259610295,11388.920161224902,2081
2017-08-10,4.338875646409361,9029.20022017788,2081
2017-08-11,4.827697180326784,10046.43783226004,2081
2017-08-12,5.226437210685367,10876.215835436247,2081
2017-08-13,7.033942542140896,14637.634430195203,2081
2017-08-14,6.135086620780552,12767.115257844329,2081
2017-08-15,5.132143045964005,10679.989678651094,2081
2017-08-16,5.489353561926953,11423.34476236999,2081
2017-08-17,5.012576827330981,10431.172377675772,2081
2017-08-18,6.056371201221786,12603.308469742537,2081
2017-08-19,6.377304157795781,13271.16995237302,2081
2017-08-20,5.247829667654592,10920.733538389206,2081
2017-08-21,5.773495491524261,12014.644117861986,2081
2017-08-22,4.8319066541304325,10055.197747245433,2081
2017-08-23,5.287899931209813,11004.11975684762,2081
2017-08-24,6.85887981433527,14273.328893631697,2081
2017-08-25,6.266222692320749,13040.00942271948,2081
2017-08-26,5.259999492538198,10946.058943971992,2081
2017-08-27,5.527052328327079,11501.795895248652,2081
2017-08-28,5.706726668231594,11875.698196589949,2081
2017-08-29,6.458171251722679,13439.454374834895,2081
2017-08-30,5.858264346998624,12191.048106104136,2081
2017-08-31,4.839698801185007,10071.413205266,2081
2017-09-01,5.336275234353021,11104.788762688637,2081
2017-09-02,5.584540029054133,11621.42780046165,2081
2017-09-03,7.489974949252614,15586.63786939469,2081
2017-09-04,6.463870029632675,13451.313531665595,2081
2017-09-05,5.545719767420943,11540.642836002982,2081
2017-09-07,5.662535469616544,11783.736312272027,2081
2017-09-08,5.491487146658977,11427.78475219733,2081
2017-09-09,5.825567010407914,12123.004948658869,2081
2017-09-10,5.413351962991562,11265.18543498544,2081
2017-09-11,4.930327122983582,10260.010742928833,2081
2017-09-12,5.97697325251327,12438.081338480117,2081
2017-09-15,5.526746206561973,11501.158855855463,2081
2017-09-16,4.895048112572242,10186.595122262836,2081
2017-09-17,5.373820970030945,11182.921438634396,2081
2017-09-18,5.886396912780019,12249.59197549522,2081
2017-09-20,5.772211574544304,12011.972286626697,2081
2017-09-21,5.597621405657411,11648.650145173073,2081
2017-09-22,4.854479513808204,10102.171868234873,2081
2017-09-23,4.923802861015651,10246.43375377357,2081
2017-09-24,5.758336775273385,11983.098829343917,2081
2017-09-25,5.550640513988884,11550.882909610868,2081
2017-09-26,5.450773891793713,11343.060468822718,2081
2017-09-27,5.774617209579439,12016.978413134811,2081
2017-09-28,5.788139105143884,12045.117477804422,2081
2017-09-30,5.784946063700803,12038.472758561373,2081
2017-10-01,6.463740718043922,13451.0444342494,2081
2017-10-02,5.141094370463399,10698.617384934332,2081
2017-10-03,4.845695248399519,10083.8918119194,2081
2017-10-04,5.9258001492122,12331.590110510588,2081
2017-10-05,4.939104161231972,10278.275759523734,2081
2017-10-06,5.701710496338242,11865.25954287988,2081
2017-10-08,5.245297440941723,10915.463974599726,2081
2017-10-09,4.281292561960019,8909.369821438799,2081
2017-10-10,5.250278531877814,10925.82962483773,2081
2017-10-11,6.086674965885842,12666.370604008436,2081
2017-10-12,5.767889778253724,12002.978628546,2081
2017-10-13,4.9238698295765575,10246.573115348816,2081
2017-10-16,5.874286049678886,12224.389269381762,2081
2017-10-17,5.928456404313968,12337.117777377369,2081
2017-10-18,5.635328624023376,11727.118866592646,2081
2017-10-19,5.926893077264435,12333.864493787289,2081
2017-10-20,5.927121573574895,12334.339994609356,2081
2017-10-21,6.451973519807593,13426.5568947196,2081
2017-10-22,6.720756639430639,13985.89456665516,2081
2017-10-23,5.500425909400158,11446.386317461727,2081
2017-10-24,6.048871054235758,12587.700663864613,2081
2017-10-26,5.807299345345064,12084.989937663078,2081
2017-10-27,6.309654345625813,13130.390693247318,2081
2017-10-28,5.331446523078641,11094.740214526651,2081
2017-10-29,6.0498989382682655,12589.83969053626,2081
2017-10-31,5.045431718172963,10499.543405517936,2081
2017-11-01,6.652038478673155,13842.892074118834,2081
2017-11-02,6.007980898782736,12502.608250366871,2081
2017-11-03,5.994804911619766,12475.189021080732,2081
2017-11-04,6.020693243095891,12529.062638882548,2081
2017-11-05,4.711929111983377,9805.524482037406,2081
2017-11-06,6.046800453115142,12583.39174293261,2081
2017-11-07,5.974457197031387,12432.845427022316,2081
2017-11-08,5.590123754979283,11633.047534111887,2081
2017-11-09,4.960201460005271,10322.179238270968,2081
2017-11-10,6.0510515357685,12592.238245934248,2081
2017-11-11,5.911557138424433,12301.950405061243,2081
2017-11-12,7.056689803192731,14684.971480444074,2081
2017-11-13,5.989028767617719,12463.168865412474,2081
2017-11-14,5.0182459624998845,10442.96984796226,2081
2017-11-15,5.906254844359627,12290.916331112385,2081
2017-11-16,5.265721530438271,10957.966504842045,2081
2017-11-17,6.080135540023504,12652.76205878891,2081
2017-11-18,6.4572425540653,13437.52175500989,2081
2017-11-19,5.301073456235885,11031.533862426875,2081
2017-11-20,4.87160363780484,10137.807170271872,2081
2017-11-21,5.588057003123171,11628.74662349932,2081
2017-11-22,6.852994431660532,14261.081412285566,2081
2017-11-23,7.022435743811037,14613.68878287077,2081
2017-11-24,5.7332016215738,11930.792574495075,2081
2017-11-25,4.804835447833007,9998.862566940486,2081
2017-11-26,4.671879453442235,9722.181142613292,2081
2017-11-27,5.692054265944474,11845.164927430453,2081
2017-11-28,7.395719653989892,15390.492599952966,2081
2017-11-29,6.200514665508087,12903.271018922327,2081
2017-11-30,6.390804107410584,13299.263347521424,2081
2017-12-01,6.382603136095112,13282.197126213929,2081
2017-12-02,5.443911801307144,11328.780458520168,2081
2017-12-03,6.340604366966336,13194.797687656945,2081
2017-12-05,6.258566849233546,13024.077613255007,2081
2017-12-06,4.929799015005533,10258.911750226514,2081
2017-12-07,6.21780198344183,12939.245927542448,2081
2017-12-08,6.250585523379831,13007.46847415343,2081
2017-12-09,5.9351925000168855,12351.135592535138,2081
2017-12-10,5.860147178559736,12194.966278582811,2081
2017-12-11,5.134703763906971,10685.318532690406,2081
2017-12-12,4.808163211096915,10005.787642292678,2081
2017-12-13,6.01026308393318,12507.357477664948,2081
2017-12-14,7.481553659724686,15569.113165887073,2081
2017-12-15,6.168634990522891,12836.929415278137,2081
2017-12-16,5.071184776977585,10553.135520890355,2081
2017-12-17,4.4213388072812805,9200.806057952344,2081
2017-12-18,5.556369815463919,11562.805585980415,2081
2017-12-19,7.108034271407529,14791.81931879907,2081
2017-12-20,6.443717955476043,13409.377065345643,2081
2017-12-21,5.761864411682678,11990.439840711651,2081
2017-12-22,4.9382544607264185,10276.507532771677,2081
2017-12-23,5.4920773617189305,11429.012989737092,2081
2017-12-24,7.466950622593544,15538.724245617166,2081
2017-12-26,6.290635811314452,13090.813123345377,2081
2017-12-28,5.502708952843513,11451.13733086735,2081
2017-12-29,6.53791715431348,13605.405598126352,2081
2017-12-30,6.669498836941631,13879.227079675533,2081
2017-12-31,6.5314860970340405,13592.022567927836,2081
2018-01-01,6.540147320903992,13610.046574801208,2081
2018-01-02,5.438630052112268,11317.78913844563,2081
2018-01-03,4.999394603324161,10403.74016951758,2081
2018-01-04,6.035159427283828,12559.166768177643,2081
2018-01-05,6.244921119403003,12995.680849477649,2081
2018-01-06,5.505072553205746,11456.055983221158,2081
2018-01-07,4.79478183214887,9977.9409927018,2081
2018-01-08,5.588875826213693,11630.450594350696,2081
2018-01-09,5.537008251284608,11522.51417092327,2081
2018-01-10,6.0072696650546655,12501.12817297876,2081
2018-01-13,6.511754497549157,13550.961109399796,2081
2018-01-14,5.757837476981253,11982.059789597988,2081
2018-01-15,6.6220458431177445,13780.477399528028,2081
2018-01-17,5.889982495942063,12257.053574055431,2081
2018-01-18,5.237801959449027,10899.865877613423,2081
2018-01-19,5.345946188616007,11124.91401850991,2081
2018-01-20,6.512870567511984,13553.283650992438,2081
2018-01-21,6.599974595386211,13734.547132998703,2081
2018-01-22,4.76432863611805,9914.56789176166,2081
2018-01-23,4.821516148262675,10033.575104534626,2081
2018-01-24,5.852875369153863,12179.83364320919,2081
2018-01-25,5.824448215691502,12120.676736854017,2081
2018-01-26,6.266322368402383,13040.21684864536,2081
2018-01-27,6.077278848936184,12646.8172846362,2081
2018-01-28,5.1409731988791965,10698.365226867609,2081
2018-01-30,5.533062245598325,11514.302533090116,2081
2018-01-31,6.95499898028837,14473.352877980098,2081
2018-02-01,5.318401736123729,11067.59401287348,2081
2018-02-02,4.673786110009512,9726.148894929793,2081
2018-02-03,4.957638085531792,10316.844855991658,2081
2018-02-04,6.216345581425204,12936.21515494585,2081
2018-02-05,6.498572170533462,13523.528686880134,2081
2018-02-06,5.987188239865174,12459.338727159426,2081
2018-02-07,5.186521609534421,10793.15146944113,2081
2018-02-08,4.454565611339887,9269.951037198303,2081
2018-02-09,4.827385833219288,10045.789918929338,2081
2018-02-10,6.591989939919584,13717.931064972654,2081
2018-02-11,6.395788374513115,13309.635607361794,2081
2018-02-12,5.703574488765629,11869.138511121271,2081
2018-02-13,4.867877648092971,10130.053385681473,2081
2018-02-14,5.631042215036893,11718.198849491777,2081
2018-02-15,6.177650138331199,12855.689937867224,2081
2018-02-16,7.068147826085922,14708.815626084805,2081
2018-02-17,6.216611659745938,12936.768863931298,2081
2018-02-19,5.228916382133345,10881.37499121949,2081
2018-02-20,5.394898547841517,11226.783878058195,2081
2018-02-21,6.325466099042573,13163.294952107592,2081
2018-02-22,6.688916562276354,13919.635366097093,2081
2018-02-23,5.223602290886889,10870.316367335618,2081
2018-02-24,5.5655932711372005,11581.999597236514,2081
2018-02-25,5.852067766280251,12178.1530216292,2081
2018-02-26,6.899058993724083,14356.941765939817,2081
2018-02-27,6.1713328827630125,12842.543729029829,2081
2018-02-28,5.392239150976299,11221.24967318168,2081
2018-03-01,4.909847486563696,10217.392619539052,2081
2018-03-02,5.975870102850728,12435.785684032366,2081
2018-03-03,5.738653971588061,11942.138914874757,2081
2018-03-04,5.799144396236402,12068.019488567952,2081
2018-03-05,4.931743053534233,10262.95729440474,2081
2018-03-06,6.262096087830047,13031.421958774328,2081
2018-03-09,6.399500351017883,13317.360230468214,2081
2018-03-10,6.7534078004439255,14053.841632723808,2081
2018-03-11,6.001245457211805,12488.591796457767,2081
2018-03-12,5.213919445063161,10850.16636517644,2081
2018-03-13,5.657129477138476,11772.486441925168,2081
2018-03-14,6.5301222571425575,13589.184417113662,2081
2018-03-15,6.940337325563115,14442.84197449684,2081
2018-03-16,5.78338493548552,12035.224050745368,2081
2018-03-17,5.089149076582892,10590.519228368998,2081
2018-03-18,5.448170159575975,11337.642102077603,2081
2018-03-19,6.211243326570311,12925.597362592816,2081
2018-03-20,7.363094662274523,15322.599992193282,2081
2018-03-21,5.941590657347615,12364.450157940388,2081
2018-03-22,6.409501507978551,13338.172638103366,2081
2018-03-23,5.332826287431507,11097.611504144968,2081
2018-03-24,5.992205995441571,12469.78067651391,2081
2018-03-25,6.964887077285085,14493.930007830262,2081
2018-03-26,6.345891187149192,13205.799560457468,2081
2018-03-27,6.347533070557052,13209.216319829226,2081
2018-03-28,6.343643487876407,13201.122098270804,2081
2018-03-29,6.313831659401238,13139.083683213976,2081
2018-03-30,5.6603195272630655,11779.12493623444,2081
2018-03-31,6.356849388011312,13228.60357645154,2081
2018-04-02,5.875791289931784,12227.52167434804,2081
2018-04-03,5.12162644290918,10658.104627694003,2081
2018-04-04,5.894839314701762,12267.160613894366,2081
2018-04-05,7.012567245687418,14593.152438275516,2081
2018-04-07,5.216050321231777,10854.600718483329,2081
2018-04-08,5.268676143141391,10964.115053877234,2081
2018-04-09,5.674665921367257,11808.979782365264,2081
2018-04-10,6.7342670211735856,14014.009671062233,2081
2018-04-11,6.40034231605838,13319.112359717488,2081
2018-04-12,5.637115725039978,11730.837823808191,2081
2018-04-13,5.246039882424014,10917.008995324371,2081
2018-04-14,5.703042295877318,11868.0310177207,2081
2018-04-15,6.333745468005087,13180.524318918586,2081
2018-04-16,6.038397948546286,12565.90613092482,2081
2018-04-17,6.33175125658684,13176.374364957212,2081
2018-04-18,5.059492272934852,10528.803419977428,2081
2018-04-19,6.299513544266124,13109.287685617805,2081
2018-04-20,5.614708269354187,11684.207908526065,2081
2018-04-21,6.3280550669601245,13168.68259434402,2081
2018-04-22,5.696434336634337,11854.279854536057,2081
2018-04-23,4.915453817654206,10229.059394538404,2081
2018-04-24,6.292835428630544,13095.390526980162,2081
2018-04-25,5.974532391136653,12433.001905955374,2081
2018-04-26,6.848421617315752,14251.56538563408,2081
2018-04-27,6.443066305938055,13408.020982657094,2081
2018-04-28,5.585922645259262,11624.305024784524,2081
2018-04-29,5.223073237031051,10869.215406261615,2081
2018-04-30,5.724989079684109,11913.70227482263,2081
2018-05-01,6.261264547345048,13029.691523025043,2081
2018-05-02,6.537727097406489,13605.010089702904,2081
2018-05-03,5.578426665397076,11608.705890691315,2081
2018-05-04,4.9977060615007645,10400.22631398309,2081
2018-05-05,5.42518796924106,11289.816163990648,2081
2018-05-06,6.000761269614573,12487.584202067928,2081
2018-05-07,6.682411100548915,13906.097500242293,2081
2018-05-08,5.885705518255665,12248.153183490038,2081
2018-05-09,5.164065519357632,10746.420345783234,2081
2018-05-10,5.188428132652033,10797.118944048882,2081
2018-05-11,6.189883950823835,12881.1485016644,2081
2018-05-12,7.647569320032598,15914.591754987836,2081
2018-05-13,6.046904678874037,12583.60863673687,2081
2018-05-14,5.550703669793041,11551.014336839318,2081
2018-05-15,5.412213897150849,11262.817119970918,2081
2018-05-16,6.329170615404687,13171.004050657151,2081
2018-05-17,6.553034067096646,13636.86389362812,2081
2018-05-18,6.351298146984544,13217.051443874836,2081
2018-05-19,5.61442153656328,11683.611217588186,2081
2018-05-20,6.536475058847296,13602.404597461224,2081
2018-05-21,5.4017366051587965,11241.013875335457,2081
2018-05-22,5.765439390047762,11997.879370689392,2081
2018-05-23,6.620520081100757,13777.302288770676,2081
2018-05-24,5.668807555983583,11796.788524001837,2081
2018-05-25,5.501251682907643,11448.104752130806,2081
2018-05-26,5.448121787082456,11337.54143891859,2081
2018-05-27,6.499633100845102,13525.736482858658,2081
2018-05-28,6.352120343926025,13218.762435710058,2081
2018-05-29,6.167150302374345,12833.83977924101,2081
2018-05-30,6.4675271910745495,13458.924084626138,2081
2018-05-31,6.505422267216091,13537.783738076689,2081
2018-06-03,6.538806836929482,13607.257027650252,2081
2018-06-04,6.451540113939174,13425.65497710742,2081
2018-06-05,4.416484623259503,9190.704501003029,2081
2018-06-06,5.298566101377598,11026.316056966782,2081
2018-06-07,5.543893273835684,11536.841902852058,2081
2018-06-08,7.220374002830733,15025.598299890757,2081
2018-06-09,6.2850749442950855,13079.240959078074,2081
2018-06-10,5.299968454770204,11029.234354376793,2081
2018-06-11,5.148995994776845,10715.060665130615,2081
2018-06-12,6.327919303081976,13168.400069713593,2081
2018-06-13,5.470480991034253,11384.07094234228,2081
2018-06-14,6.279860095399782,13068.388858526943,2081
2018-06-15,7.608081911602368,15832.418458044527,2081
2018-06-16,5.229440909962079,10882.466533631086,2081
2018-06-17,6.051789881159399,12593.774742692707,2081
2018-06-18,5.953081069443445,12388.361705511808,2081
2018-06-19,6.373237069912795,13262.706342488527,2081
2018-06-20,5.694289568265661,11849.81659156084,2081
2018-06-21,5.97719373028763,12438.540152728558,2081
2018-06-22,6.340628244996013,13194.847377836704,2081
2018-06-23,6.367349047355214,13250.4533675462,2081
2018-06-24,5.997248268110256,12480.273645937445,2081
2018-06-26,5.386082967458645,11208.43865528144,2081
2018-06-27,5.035654280923668,10479.196558602154,2081
2018-06-28,5.472071229781399,11387.38022917509,2081
2018-06-30,6.269596030526597,13047.029339525849,2081
2018-07-01,6.300264499293876,13110.850423030555,2081
2018-07-02,4.757633691545306,9900.63571210578,2081
2018-07-03,6.107454053932288,12709.611886233091,2081
2018-07-04,5.24199473149072,10908.591036232188,2081
2018-07-05,6.260278016500665,13027.638552337885,2081
2018-07-06,5.448998397342406,11339.365664869549,2081
2018-07-07,5.214243245162052,10850.84019318223,2081
2018-07-08,4.753911292922433,9892.889400571585,2081
2018-07-09,6.216702593111866,12936.958096265793,2081
2018-07-10,6.222786495514869,12949.618697166445,2081
2018-07-11,5.37508126732422,11185.544117301702,2081
2018-07-12,5.062572177444038,10535.212701261044,2081
2018-07-13,5.958441787287915,12399.517359346151,2081
2018-07-14,5.540902005443201,11530.617073327305,2081
2018-07-15,7.089952838597735,14754.191857121885,2081
2018-07-16,6.439652677061522,13400.917220965028,2081
2018-07-17,5.159557187044523,10737.038506239653,2081
2018-07-18,4.719724154927764,9821.745966404676,2081
2018-07-19,4.517284633848657,9400.469323039057,2081
2018-07-20,5.29092531682407,11010.41558431089,2081
2018-07-21,5.538568344878383,11525.760725691916,2081
2018-07-22,6.203901429579615,12910.318874955175,2081
2018-07-23,5.320752578839867,11072.486116565764,2081
2018-07-24,5.142026673725832,10700.557508023456,2081
2018-07-25,5.914622406684693,12308.329228310846,2081
2018-07-26,5.441246158512088,11323.233255863655,2081
2018-07-27,6.283830193732004,13076.6506331563,2081
2018-07-28,6.083339623458852,12659.42975641787,2081
2018-07-29,5.124217521556792,10663.496662359685,2081
2018-07-30,5.828481505261103,12129.070012448356,2081
2018-07-31,5.930953557777153,12342.314353734257,2081
2018-08-01,6.3156464859191646,13142.86033719778,2081
2018-08-02,5.529016084020268,11505.882470846176,2081
2018-08-03,4.743084865895779,9870.359605929116,2081
2018-08-05,6.067270847390988,12625.990633420646,2081
2018-08-06,5.916210967866576,12311.635024130344,2081
2018-08-07,5.121884349073028,10658.641330420973,2081
2018-08-08,5.228523972664871,10880.558387115598,2081
2018-08-09,5.384368755764712,11204.871380746365,2081
2018-08-11,6.189745236465646,12880.859837085009,2081
2018-08-12,6.429122113611537,13379.003118425608,2081
2018-08-13,5.338295755321621,11108.993466824291,2081
2018-08-14,5.202402491485883,10826.199584782124,2081
2018-08-15,5.843070573571323,12159.429863601925,2081
2018-08-16,6.711869444785813,13967.400314599276,2081
2018-08-17,6.272543386835023,13053.162788003685,2081
2018-08-19,4.865792702813667,10125.71461455524,2081
2018-08-20,5.319847549689984,11070.602750904858,2081
2018-08-21,6.575167000239133,13682.922527497634,2081
2018-08-22,5.92990715840204,12340.136796634644,2081
2018-08-23,4.948197339547745,10297.198663598858,2081
2018-08-24,5.183034428013471,10785.894644696033,2081
2018-08-25,5.049695261762151,10508.415839727037,2081
2018-08-26,5.790271144534396,12049.554251776077,2081
2018-08-27,6.711768293049292,13967.189817835577,2081
2018-08-28,5.350497195077814,11134.38466295693,2081
2018-08-29,5.492510319976982,11429.9139758721,2081
2018-08-30,4.783556628047235,9954.581342966296,2081
2018-08-31,5.794063047430281,12057.445201702416,2081
2018-09-01,6.474374420822279,13473.173169731162,2081
2018-09-02,6.522707112411871,13573.753500929102,2081
2018-09-03,5.4745508681477935,11392.540356615558,2081
2018-09-04,5.086085558925782,10584.144048124552,2081
2018-09-05,5.423564995075578,11286.438754752278,2081
2018-09-06,6.3984684345815,13315.2128123641,2081
2018-09-07,6.797950858661099,14146.535736873746,2081
2018-09-08,5.911664161442679,12302.173119962215,2081
2018-09-09,4.921563506520235,10241.77365706861,2081
2018-09-10,5.438029392608538,11316.539166018369,2081
2018-09-11,6.119146765710528,12733.944419443607,2081
2018-09-12,6.042959005933064,12575.397691346703,2081
2018-09-13,5.936712258849392,12354.298210665584,2081
2018-09-14,6.022076551664168,12531.941304013131,2081
2018-09-15,4.921249506193992,10241.120222389698,2081
2018-09-17,6.336638735935311,13186.54520948138,2081
2018-09-18,5.726926903815467,11917.734886839986,2081
2018-09-19,5.159194193078686,10736.283115796745,2081
2018-09-20,4.872736764551266,10140.165207031185,2081
2018-09-21,5.326113972530048,11083.64317683503,2081
2018-09-22,5.946479378798901,12374.623587280512,2081
2018-09-23,6.747088378767117,14040.690916214371,2081
2018-09-24,5.964353634736419,12411.819913886487,2081
2018-09-25,5.96407889498864,12411.24818047136,2081
2018-09-26,5.454980240796425,11351.81388109736,2081
2018-09-27,5.18452477184033,10788.996050199728,2081
2018-09-30,5.289700513975923,11007.866769583896,2081
2018-10-01,5.091484660412069,10595.379578317516,2081
2018-10-02,5.709430335663305,11881.32452851534,2081
2018-10-03,6.2363275305109775,12977.797590993345,2081
2018-10-04,5.956667252808652,12395.824553094804,2081
2018-10-06,5.867456605519199,12210.177196085451,2081
2018-10-07,5.963032743793764,12409.07113983482,2081
2018-10-09,6.057762996729952,12606.20479619503,2081
2018-10-10,5.987301933735337,12459.575324103236,2081
2018-10-11,5.985729057382987,12456.302168413997,2081
2018-10-12,4.901136687924975,10199.265447571874,2081
2018-10-13,5.898509545671516,12274.798364542425,2081
2018-10-14,6.933368475025574,14428.33979652822,2081
2018-10-15,5.878811551215899,12233.806838080289,2081
2018-10-16,4.597499287820161,9567.396017953752,2081
2018-10-17,5.785673864898287,12039.987312853336,2081
2018-10-20,5.5545426527792765,11559.003260433674,2081
2018-10-21,5.2804350738941945,10988.58538877382,2081
2018-10-22,5.785443515409856,12039.507955567911,2081
2018-10-24,5.308763817974766,11047.537505205488,2081
2018-10-25,5.652542502444228,11762.940947586438,2081
2018-10-26,5.648957307887493,11755.480157713871,2081
2018-10-27,4.640880660042825,9657.672653549118,2081
2018-10-28,4.858451849335903,10110.438298468012,2081
2018-10-29,5.832985328996428,12138.442469641566,2081
2018-10-30,6.955872964551194,14475.171639231034,2081
2018-10-31,5.91207200616369,12303.02184482664,2081
2018-11-01,4.817486515795881,10025.189439371228,2081
2018-11-02,4.992521098074232,10389.436405092478,2081
2018-11-04,5.8404559529369005,12153.98883806169,2081
2018-11-05,5.902445639170803,12282.98937511444,2081
2018-11-06,5.637800449683568,11732.262735791504,2081
2018-11-07,5.797242174339461,12064.060964800416,2081
2018-11-08,4.902162792181694,10201.400770530105,2081
2018-11-09,5.4175759772485925,11273.97560865432,2081
2018-11-10,5.799511444315866,12068.783315621316,2081
2018-11-11,5.182011707432135,10783.766363166273,2081
2018-11-12,5.801984485709599,12073.929714761674,2081
2018-11-13,4.64009733939188,9656.042563274505,2081
2018-11-14,5.69965945261565,11860.991320893168,2081
2018-11-15,5.029783393050948,10466.97924093902,2081
2018-11-16,5.764006990171407,11994.898546546698,2081
2018-11-17,5.004589214405436,10414.550155177712,2081
2018-11-18,4.962090440171448,10326.110205996782,2081
2018-11-19,5.241420704039894,10907.39648510702,2081
2018-11-20,6.34579822254143,13205.606101108717,2081
2018-11-21,5.631796674720553,11719.76888009347,2081
2018-11-22,4.730155242347259,9843.453059324644,2081
2018-11-23,4.601923169010104,9576.602114710024,2081
2018-11-24,4.585987185350347,9543.439332714071,2081
2018-11-25,5.849336462100751,12172.46917763166,2081
2018-11-26,6.133891317130889,12764.62783094938,2081
2018-11-27,5.0063953810635615,10418.308787993272,2081
2018-11-28,4.65719818769507,9691.629428593442,2081
2018-11-29,5.590981764649075,11634.833052234724,2081
2018-11-30,6.031778586993476,12552.131239533424,2081
2018-12-01,6.643418931519968,13824.954796493052,2081
2018-12-02,5.832603602226625,12137.648096233606,2081
2018-12-03,5.204681948428828,10830.94313468039,2081
2018-12-04,5.3787719670008265,11193.22446332872,2081
2018-12-05,4.984039206885729,10371.7855895292,2081
2018-12-06,7.293215120843165,15177.180666474624,2081
2018-12-07,6.512155654642808,13551.795917311683,2081
2018-12-08,5.504295003018174,11454.43790128082,2081
2018-12-09,5.108621841274177,10631.042051691562,2081
2018-12-10,4.833002838813187,10057.478907570245,2081
2018-12-11,6.858229630601229,14271.975861281157,2081
2018-12-12,6.6709016324743695,13882.146297179164,2081
2018-12-13,5.935265896713888,12351.288331061602,2081
2018-12-14,5.101008942734731,10615.199609830976,2081
2018-12-15,5.520729141008218,11488.637342438102,2081
2018-12-16,6.591438647561896,13716.783825576304,2081
2018-12-17,7.236299315988409,15058.73887657188,2081
2018-12-18,6.020840519017924,12529.3691200763,2081
2018-12-19,5.3165479831707225,11063.736352978274,2081
2018-12-20,5.28426504954369,10996.55556810042,2081
2018-12-21,5.860332548402716,12195.352033226052,2081
2018-12-22,7.110055026379429,14796.024509895591,2081
2018-12-23,6.278983649652736,13066.564974927343,2081
2018-12-24,5.201595177643027,10824.519564675138,2081
2018-12-25,5.824370020664796,12120.514013003442,2081
2018-12-26,5.480357872427429,11404.62473252148,2081
2018-12-27,6.457471102386613,13437.99736406654,2081
2018-12-28,6.794087182101201,14138.495425952598,2081
2018-12-29,6.153384886982778,12805.19394981116,2081
2018-12-30,5.03670235809542,10481.37760719657,2081
2018-12-31,4.521336474345127,9408.901203112213,2081
2019-01-01,8.567100203461347,17828.135523403063,2081
2019-01-02,7.364222758951302,15324.94756137766,2081
2019-01-03,6.716580278785691,13977.203560153022,2081
2019-01-04,5.470527898589152,11384.168556964025,2081
2019-01-05,5.735148965690334,11934.844997601584,2081
2019-01-06,5.799811476910042,12069.407683449796,2081
2019-01-07,6.016614964942536,12520.575742045416,2081
2019-01-08,6.507046290127769,13541.163329755887,2081
2019-01-09,5.076608885432281,10564.423090584576,2081
2019-01-10,5.429655698900939,11299.113509412857,2081
2019-01-11,5.486043987393823,11416.457537766546,2081
2019-01-12,6.8328211503635945,14219.10081390664,2081
2019-01-13,6.293065972656642,13095.870289098471,2081
2019-01-14,5.493771596366414,11432.538692038506,2081
2019-01-15,4.630470357353744,9636.00881365314,2081
2019-01-16,5.201055146206004,10823.395759254694,2081
2019-01-17,6.132492004174977,12761.715860688128,2081
2019-01-18,7.20735893880005,14998.513951642904,2081
2019-01-19,6.241918230304093,12989.43183726282,2081
2019-01-20,5.062413771444176,10534.88305837533,2081
2019-01-21,6.595886560802288,13726.039933029562,2081
2019-01-22,5.07831123389898,10567.965677743778,2081
2019-01-23,7.282528260882974,15154.94131089747,2081
2019-01-24,6.158671668468868,12816.195742083712,2081
2019-01-25,5.227705128336972,10878.85437206924,2081
2019-01-26,5.12194455863464,10658.766626518684,2081
2019-01-27,6.002800429351753,12491.827693480998,2081
2019-01-28,6.100042165100847,12694.187745574862,2081
2019-01-29,6.634376923607798,13806.138378027828,2081
2019-01-30,6.599823458301927,13734.232616726307,2081
2019-01-31,5.465089253558527,11372.850736655297,2081
2019-02-01,5.3958044164008045,11228.668990530074,2081
2019-02-02,6.497175966007729,13520.623185262084,2081
2019-02-03,8.049063944443523,16750.102068386972,2081
2019-02-04,6.277473482761151,13063.422317625957,2081
2019-02-05,5.241320756863281,10907.18849503249,2081
2019-02-06,4.927871592138777,10254.900783240795,2081
2019-02-07,5.8176684709322215,12106.568088009952,2081
2019-02-08,7.007328392451755,14582.250384692104,2081
2019-02-09,7.2483974983347315,15083.915194034576,2081
2019-02-10,5.664115207505192,11787.023746818304,2081
2019-02-11,5.127639006588792,10670.616772711275,2081
2019-02-12,6.5216181883261735,13571.487449906766,2081
2019-02-13,6.537108639880821,13603.72307959199,2081
2019-02-14,7.640008657701682,15898.8580166772,2081
2019-02-15,5.945088365641752,12371.728888900485,2081
2019-02-16,5.3937510923576015,11224.396023196168,2081
2019-02-17,5.326132624588436,11083.681991768535,2081
2019-02-18,5.730493863602158,11925.15773015609,2081
2019-02-19,6.871705080051797,14300.018271587787,2081
2019-02-20,5.047259319947893,10503.346644811563,2081
2019-02-21,5.342064251290428,11116.83570693538,2081
2019-02-22,5.96626134372349,12415.789856288582,2081
2019-02-23,6.870951895396181,14298.450894319452,2081
2019-02-24,7.373583046415163,15344.426319589957,2081
2019-02-25,6.51253823606957,13552.592069260776,2081
2019-02-26,5.139186723305451,10694.647571198642,2081
2019-02-27,5.402007464002612,11241.577532589436,2081
2019-02-28,5.578213805003394,11608.262928212062,2081
2019-03-01,6.645434845842202,13829.149914197624,2081
2019-03-02,6.822947360269085,14198.553456719965,2081
2019-03-03,6.0035914910106,12493.47389279306,2081
2019-03-04,4.897839518485019,10192.404037967324,2081
2019-03-05,5.500316996304592,11446.159669309856,2081
2019-03-06,6.067198521669297,12625.840123593807,2081
2019-03-07,6.654171888463661,13847.33169989288,2081
2019-03-08,5.968369768322917,12420.177487879992,2081
2019-03-09,5.347126895779317,11127.371070116758,2081
2019-03-10,5.288729264870365,11005.845600195227,2081
2019-03-11,6.154270823148976,12807.037582973018,2081
2019-03-12,6.445117840561291,13412.290226208046,2081
2019-03-13,6.753945970051223,14054.961563676596,2081
2019-03-14,5.25440719371043,10934.421370111406,2081
2019-03-15,5.750098859464346,11965.955726545304,2081
2019-03-16,5.854548158173318,12183.314717158675,2081
2019-03-17,6.24337972343283,12992.47320446372,2081
2019-03-18,6.218016914559679,12939.693199198691,2081
2019-03-19,5.777549319342271,12023.080133551266,2081
2019-03-20,5.64831926235043,11754.152384951243,2081
2019-03-21,4.924962865187599,10248.847722455394,2081
2019-03-22,6.518233359446288,13564.443621007726,2081
2019-03-23,7.126043077275436,14829.295643810185,2081
2019-03-24,5.943604683420043,12368.64134619711,2081
2019-03-25,5.759390036379028,11985.290665704755,2081
2019-03-26,5.086558127805326,10585.127463962885,2081
2019-03-27,6.082066316576473,12656.78000479564,2081
2019-03-28,6.476926102818978,13478.483219966292,2081
2019-03-29,6.428510167481577,13377.729658529162,2081
2019-03-30,6.494304194974819,13514.6470297426,2081
2019-03-31,5.647397899240298,11752.23502831906,2081
2019-04-01,5.851121407473019,12176.183648951352,2081
2019-04-02,7.34985888799127,15295.056345909834,2081
2019-04-03,6.615234696699672,13766.303403832018,2081
2019-04-04,6.094891516270688,12683.469245359302,2081
2019-04-05,5.404426942030321,11246.6124663651,2081
2019-04-06,6.440642161424603,13402.9763379246,2081
2019-04-07,6.319422750691277,13150.718744188547,2081
2019-04-08,6.451233225114239,13425.016341462731,2081
2019-04-09,6.467713718407719,13459.312248006465,2081
2019-04-10,6.464230897598745,13452.06449790299,2081
2019-04-11,5.366292999712737,11167.255732402204,2081
2019-04-12,5.858654379236016,12191.85976319015,2081
2019-04-13,6.48708656946522,13499.627151057124,2081
2019-04-14,7.428782619296044,15459.296630755069,2081
2019-04-15,5.473780638047578,11390.93750777701,2081
2019-04-16,6.090890616041119,12675.143371981569,2081
2019-04-17,5.088595502620024,10589.36724095227,2081
2019-04-18,6.51806715337176,13564.097746166632,2081
2019-04-19,6.615525118860066,13766.907772347797,2081
2019-04-20,5.8790072382072855,12234.21406270936,2081
2019-04-21,5.246242635059924,10917.430923559705,2081
2019-04-22,5.499662762156033,11444.798208046705,2081
2019-04-23,6.10033624250431,12694.79972065147,2081
2019-04-24,6.38285476285096,13282.720761492848,2081
2019-04-25,6.538844048640351,13607.33446522057,2081
2019-04-27,6.503348843079528,13533.468942448497,2081
2019-04-29,8.217304822431625,17100.211335480213,2081
2019-04-30,6.893193990969561,14344.736695207655,2081
2019-05-01,5.75401078319962,11974.09643983841,2081
2019-05-02,6.910469251962764,14380.686513334513,2081
2019-05-03,5.678971742205984,11817.940195530651,2081
2019-05-04,6.762639024756322,14073.051810517907,2081
2019-05-05,6.534202538147848,13597.675481885672,2081
2019-05-06,5.785164007497258,12038.926299601791,2081
2019-05-07,6.73585455680283,14017.31333270669,2081
2019-05-08,6.4725538628396935,13469.384588569405,2081
2019-05-09,6.645226636188125,13828.716629907489,2081
2019-05-10,6.80306270867246,14157.17349674739,2081
2019-05-11,6.606768112574158,13748.684442266822,2081
2019-05-12,6.821299474072365,14195.124205544593,2081
2019-05-13,5.267055417642405,10960.742324113846,2081
2019-05-14,6.636575073827236,13810.712728634477,2081
2019-05-15,6.307962473804231,13126.869907986606,2081
2019-05-16,6.5399821635502615,13609.702882348094,2081
2019-05-17,5.30635809119205,11042.531187770655,2081
2019-05-18,4.801129988619676,9991.151506317548,2081
2019-05-19,5.1290104233671885,10673.47069102712,2081
2019-05-20,6.291131933606682,13091.845553835505,2081
2019-05-21,6.459979697982281,13443.217751501128,2081
2019-05-25,6.318787861090907,13149.397538930178,2081
2019-05-27,6.05914832091658,12609.087655827405,2081
2019-05-28,6.633023946252882,13803.322832152247,2081
2019-05-29,6.327334627709614,13167.183360263703,2081
2019-05-30,6.007468132489235,12501.541183710098,2081
2019-05-31,6.587360894755926,13708.29802198708,2081
2019-06-01,6.5807828241918935,13694.60905714333,2081
2019-06-04,6.094515266189605,12682.686268940568,2081
2019-06-05,6.488981147452022,13503.569767847655,2081
2019-06-06,5.876445890382355,12228.88389788568,2081
2019-06-07,6.514524789855551,13556.7260876894,2081
2019-06-08,6.6112083496524985,13757.92457562685,2081
2019-06-11,7.023289733132681,14615.46593464911,2081
2019-06-13,5.425450022183341,11290.361496163532,2081
2019-06-15,6.273295196052507,13054.727302985266,2081
2019-06-16,5.99988232232838,12485.755112765357,2081
2019-06-17,6.043656399554999,12576.848967473954,2081
2019-06-18,6.608133330618975,13751.525461018084,2081
2019-06-19,5.191430258795524,10803.366368553485,2081
2019-06-20,6.065829309425865,12622.990792915223,2081
2019-06-21,5.832831306493108,12138.121948812155,2081
2019-06-22,6.498916032325328,13524.244263269007,2081
2019-06-24,4.749466340729303,9883.63945505768,2081
2019-06-25,5.072897665879292,10556.700042694809,2081
2019-06-26,6.138882001844924,12775.013445839286,2081
2019-06-28,5.457444641200296,11356.942298337815,2081
2019-06-29,6.598755988298214,13732.011211648583,2081
2019-06-30,5.206304952552375,10834.320606261492,2081
2019-07-01,6.216007286964673,12935.511164173484,2081
2019-07-02,6.296766923358311,13103.571967508644,2081
2019-07-03,6.633657142555753,13804.640513658524,2081
2019-07-04,5.303880705033169,11037.375747174025,2081
2019-07-05,6.182202379629625,12865.163152009249,2081
2019-07-06,6.509598524810488,13546.474530130625,2081
2019-07-07,6.34051923145903,13194.620520666242,2081
2019-07-08,6.869083270638222,14294.56228619814,2081
2019-07-09,6.580448841988496,13693.91404017806,2081
2019-07-10,5.292724978373865,11014.160679996014,2081
2019-07-11,5.286884711689241,11002.00708502531,2081
2019-07-12,6.459610918442352,13442.450321278537,2081
2019-07-13,7.154670746004262,14888.86982243487,2081
2019-07-14,5.61184487239749,11678.249179459175,2081
2019-07-15,6.453243094430642,13429.198879510164,2081
2019-07-16,4.881358664428345,10158.107380675385,2081
2019-07-17,5.446208610699737,11333.560118866151,2081
2019-07-18,6.257076350059978,13020.975884474814,2081
2019-07-19,5.639553859190821,11735.9115809761,2081
2019-07-20,5.179408987310967,10778.350102594122,2081
2019-07-21,5.086102410246014,10584.179115721956,2081
2019-07-22,6.281128955697072,13071.029356805608,2081
2019-07-23,5.1455194742679735,10707.826025951654,2081
2019-07-24,6.299948229734168,13110.192266076803,2081
2019-07-25,5.809745268164948,12090.079903051255,2081
2019-07-26,5.027878324259994,10463.014792785048,2081
2019-07-27,5.396349008992164,11229.802287712691,2081
2019-07-28,6.457292053474365,13437.624763280151,2081
2019-07-29,5.717971260274963,11899.098192632198,2081
2019-07-30,6.348848229426763,13211.953165437097,2081
2019-07-31,5.859984246842968,12194.627217680216,2081
2019-08-01,5.3324784581862295,11096.887671485543,2081
2019-08-02,5.836957365417641,12146.70827743411,2081
2019-08-03,8.187258800722619,17037.68556430377,2081
2019-08-04,5.930476439594936,12341.321470797062,2081
2019-08-05,6.418145800864163,13356.161411598325,2081
2019-08-06,5.724461837400042,11912.605083629487,2081
2019-08-07,5.332691594240681,11097.331207614858,2081
2019-08-08,6.722738010659349,13990.017800182104,2081
2019-08-09,6.931627615427009,14424.717067703605,2081
2019-08-10,6.686014933942144,13913.597077533605,2081
2019-08-11,5.258107545936314,10942.121803093469,2081
2019-08-12,5.150540926814588,10718.275668701155,2081
2019-08-13,6.789088284286211,14128.092719599605,2081
2019-08-14,6.334029904241591,13181.116230726751,2081
2019-08-15,5.344589214397622,11122.090155161452,2081
2019-08-16,6.562105561974013,13655.74167446792,2081
2019-08-17,6.298859088086416,13107.92576230783,2081
2019-08-18,5.206639526274274,10835.016854176763,2081
2019-08-19,6.000708527067251,12487.474444826948,2081
2019-08-20,5.855027153927019,12184.311507322129,2081
2019-08-21,4.974227353382018,10351.36712238798,2081
2019-08-22,4.826085130456002,10043.08315647894,2081
2019-08-23,4.911505472189906,10220.842887627194,2081
2019-08-24,6.440262797838619,13402.186882302163,2081
2019-08-25,7.076048960620139,14725.25788705051,2081
2019-08-26,5.452066266725752,11345.74990105629,2081
2019-08-27,6.786835819890956,14123.40534119308,2081
2019-08-28,5.235288264178875,10894.634877756238,2081
2019-08-29,5.865851590290831,12206.837159395218,2081
2019-08-30,7.1377058488096194,14853.56587137282,2081
2019-08-31,6.288358108634161,13086.073224067688,2081
2019-09-01,5.093855397008692,10600.313081175089,2081
2019-09-02,4.630966446738814,9637.041175663471,2081
2019-09-03,5.049781844252609,10508.596017889678,2081
2019-09-04,6.095473791426517,12684.680959958583,2081
2019-09-05,6.601499589567343,13737.72064588964,2081
2019-09-06,5.3204283698039925,11071.811437562108,2081
2019-09-07,5.998792763428869,12483.487740695477,2081
2019-09-08,5.462765080547287,11368.014132618904,2081
2019-09-09,6.50987276272219,13547.045219224878,2081
2019-09-10,6.608351437320797,13751.97934106458,2081
2019-09-11,5.60127357936275,11656.250318653882,2081
2019-09-12,4.590675732728178,9553.196199807338,2081
2019-09-13,4.47827323871407,9319.286609763978,2081
2019-09-14,5.421931853033992,11283.040186163737,2081
2019-09-15,6.879319400613265,14315.863672676203,2081
2019-09-16,5.995750374708827,12477.156529769069,2081
2019-09-17,6.1940017254850375,12889.717590734364,2081
2019-09-20,6.292542576830582,13094.78110238444,2081
2019-09-21,5.700596903059193,11862.94215526618,2081
2019-09-23,6.1655522370599085,12830.51420532167,2081
2019-09-25,6.318286150445958,13148.35347907804,2081
2019-09-26,6.850148510579906,14255.159050516784,2081
2019-09-27,5.717683194306308,11898.498727351429,2081
2019-09-28,4.67311429369484,9724.750845178962,2081
2019-09-29,5.405564897102498,11248.9805508703,2081
2019-09-30,5.960172490359556,12403.118952438235,2081
2019-10-01,7.136586014149153,14851.235495444387,2081
2019-10-02,6.052237009988531,12594.705217786131,2081
2019-10-03,5.849276410654753,12172.34421057254,2081
2019-10-04,6.149918677517137,12797.980767913165,2081
2019-10-05,5.404319279536726,11246.388420715928,2081
2019-10-06,6.118123688688077,12731.815396159887,2081
2019-10-07,6.044739398963889,12579.102689243851,2081
2019-10-08,6.166550330252014,12832.59123725444,2081
2019-10-09,6.118793100884819,12733.208442941308,2081
2019-10-10,5.20202780092571,10825.419853726402,2081
2019-10-11,5.901368581869692,12280.748018870829,2081
2019-10-12,5.729877502217321,11923.875082114246,2081
2019-10-13,5.276608430751856,10980.622144394612,2081
2019-10-14,4.464272295138982,9290.150646184222,2081
2019-10-15,4.610243864314843,9593.91748163919,2081
2019-10-16,5.675470749358546,11810.654629415134,2081
2019-10-17,5.941942182488351,12365.181681758258,2081
2019-10-18,5.626870706216475,11709.517939636484,2081
2019-10-20,5.063068448871568,10536.245442101732,2081
2019-10-21,5.293903745272265,11016.613693911582,2081
2019-10-22,6.294000293543059,13097.814610863104,2081
2019-10-23,5.927755470121354,12335.659133322535,2081
2019-10-24,5.889520135981598,12256.091402977703,2081
2019-10-25,5.046673847377615,10502.128276392816,2081
2019-10-26,5.327403569532265,11086.326828196645,2081
2019-10-27,6.597264538313666,13728.907504230738,2081
2019-10-28,6.804912339375032,14161.02257823944,2081
2019-10-29,5.4349646007052295,11310.161334067585,2081
2019-10-30,6.267215604051152,13042.075672030447,2081
2019-11-01,6.286780190662602,13082.789576768875,2081
2019-11-02,7.582875719513245,15779.964372307062,2081
2019-11-03,5.4906341702906,11426.00970837474,2081
2019-11-04,4.765553262759607,9917.116339802742,2081
2019-11-05,5.377765731405376,11191.130487054586,2081
2019-11-06,6.086812441378244,12666.656690508127,2081
2019-11-07,6.652406006735507,13843.656900016593,2081
2019-11-08,6.259254194431791,13025.507978612555,2081
2019-11-09,5.279607151110199,10986.862481460324,2081
2019-11-10,5.940413788276967,12362.001093404368,2081
2019-11-11,6.193965530668326,12889.642269320786,2081
2019-11-12,5.924056068994776,12327.96067957813,2081
2019-11-13,5.563562881651503,11577.774356716778,2081
2019-11-14,5.246323683333137,10917.599585016258,2081
2019-11-15,4.561578255427794,9492.64434954524,2081
2019-11-16,4.783721898069515,9954.92526988266,2081
2019-11-17,5.530029063858684,11507.990481889923,2081
2019-11-18,6.563191896617844,13658.002336861731,2081
2019-11-19,5.721351548583157,11906.13257260155,2081
2019-11-20,5.952934576961956,12388.056854657829,2081
2019-11-21,6.174905333855959,12849.97799975425,2081
2019-11-22,5.094244549437542,10601.122907379526,2081
2019-11-23,6.780598169542645,14110.424790818244,2081
2019-11-24,6.098149241031949,12690.248570587486,2081
2019-11-25,4.283931558460341,8914.86157315597,2081
2019-11-26,4.425894432339113,9210.286313697696,2081
2019-11-27,6.020181890514423,12527.998514160514,2081
2019-11-29,6.328334812687129,13169.264745201916,2081
2019-11-30,6.1204721815723,12736.702609851956,2081
2019-12-01,6.113054090533504,12721.265562400222,2081
2019-12-02,4.4788066271275415,9320.396591052411,2081
2019-12-03,5.409300827109315,11256.755021214483,2081
2019-12-04,6.46553224938573,13454.772610971704,2081
2019-12-05,5.785485595307174,12039.595523834229,2081
2019-12-06,5.020430931722112,10447.516768913716,2081
2019-12-07,4.965083536684803,10332.338839841075,2081
2019-12-08,5.379430911515816,11194.595726864412,2081
2019-12-09,6.394415663187949,13306.778995094122,2081
2019-12-10,6.453384350700656,13429.492833808064,2081
2019-12-11,5.923265464546616,12326.315431721509,2081
2019-12-15,5.736750205639742,11938.177177936304,2081
2019-12-16,5.355127169255075,11144.019639219812,2081
2019-12-17,5.466474322398076,11375.733064910395,2081
2019-12-18,4.840176614351367,10072.407534465194,2081
2019-12-19,5.948188356365982,12378.179969597608,2081
2019-12-20,7.51949037257752,15648.05946533382,2081
2019-12-21,5.92866305257554,12337.5478124097,2081
2019-12-22,5.5008581959960665,11447.285905867817,2081
2019-12-23,4.869952364810839,10134.370871171355,2081
2019-12-24,5.89677555786051,12271.189935907722,2081
2019-12-25,6.7195265739466965,13983.334800383076,2081
2019-12-26,6.424096532456008,13368.544884040952,2081
2019-12-27,5.528001652206154,11503.771438241003,2081
2019-12-28,5.164428220574012,10747.175127014518,2081
2019-12-29,5.679416515488054,11818.86576873064,2081
2019-12-30,6.258744958313768,13024.448258250952,2081
2019-12-31,6.912865611045644,14385.673336585984,2081
2020-01-01,7.149396924524855,14877.894999936225,2081
2020-01-02,5.66419768395016,11787.195380300283,2081
2020-01-03,4.982573974782718,10368.736441522837,2081
2020-01-04,6.239711163607585,12984.838931467384,2081
2020-01-05,7.203839252794637,14991.18948506564,2081
2020-01-06,6.281707514800643,13072.23333830014,2081
2020-01-07,4.980440644095108,10364.29698036192,2081
2020-01-08,5.392519677936152,11221.833449785132,2081
2020-01-09,5.438660324107657,11317.852134468034,2081
2020-01-10,7.307706461787037,15207.337146978824,2081
2020-01-11,6.022892211990387,12533.638693151996,2081
2020-01-12,4.934196366260179,10268.062638187432,2081
2020-01-13,4.926542581601677,10252.135112313088,2081
2020-01-14,4.689417489482549,9758.677795613185,2081
2020-01-15,6.433032715912409,13387.141081813725,2081
2020-01-16,5.732483665396091,11929.298507689266,2081
2020-01-17,5.370218247157315,11175.424172334371,2081
2020-01-18,5.014285803293646,10434.728756654076,2081
2020-01-19,5.034565288321093,10476.930364996197,2081
2020-01-20,5.642353158019902,11741.736921839416,2081
2020-01-21,7.828045764161074,16290.163235219195,2081
2020-01-22,6.195483714658973,12892.801610205324,2081
2020-01-23,4.237545249852093,8818.331664942205,2081
2020-01-24,4.865224678160651,10124.532555252314,2081
2020-01-25,5.633428705779451,11723.16513672704,2081
2020-01-26,7.542585978938776,15696.121422171593,2081
2020-01-27,6.32093698181595,13153.869859158993,2081
2020-01-28,5.437779944742717,11316.020065009594,2081
2020-01-29,4.54730125590049,9462.93391352892,2081
2020-01-30,5.333211106102751,11098.412311799824,2081
2020-01-31,5.487449403992863,11419.382209709149,2081
2020-02-01,5.501120359289108,11447.831467680631,2081
2020-02-02,5.429137146319695,11298.034401491284,2081
2020-02-03,4.70017097480076,9781.05579856038,2081
2020-02-04,5.1442653591467575,10705.216212384405,2081
2020-02-05,6.00579651878052,12498.062555582264,2081
2020-02-06,6.41273607305622,13344.903768029995,2081
2020-02-07,4.99308811876666,10390.61637515342,2081
2020-02-08,4.701317871835327,9783.442491289316,2081
2020-02-09,5.804842662938693,12079.87758157542,2081
2020-02-10,5.570597043908517,11592.412448373623,2081
2020-02-11,5.965036589893298,12413.241143567951,2081
2020-02-12,5.61005891232511,11674.532596548554,2081
2020-02-13,4.942870258799396,10286.113008561544,2081
2020-02-14,6.156461761974367,12811.59692666866,2081
2020-02-16,6.106400927128642,12707.420329354703,2081
2020-02-17,5.715812641224147,11894.606106387451,2081
2020-02-18,5.477645317571401,11398.979905866086,2081
2020-02-19,4.309791721573663,8968.676572594792,2081
2020-02-20,4.521478093655736,9409.195912897589,2081
2020-02-21,5.760244166253852,11987.068109974263,2081
2020-02-22,7.755103037822839,16138.369421709329,2081
2020-02-23,5.942556794161753,12366.460688650608,2081
2020-02-24,4.936435646889933,10272.72258117795,2081
2020-02-25,4.859704950290022,10113.046001553535,2081
2020-02-26,5.621307727975206,11697.941381916404,2081
2020-02-27,6.956608700397497,14476.70270552719,2081
2020-02-28,6.365926320455586,13247.492672868071,2081
2020-02-29,5.523094056887532,11493.558732382951,2081
2020-03-01,4.945125677597345,10290.806535080075,2081
2020-03-02,5.491818547437701,11428.474397217857,2081
2020-03-03,6.128579860938921,12753.574690613896,2081
2020-03-04,5.988810325545339,12462.71428745985,2081
2020-03-05,5.505961437523231,11457.905751485843,2081
2020-03-06,5.112699836952605,10639.528360698372,2081
2020-03-07,5.255193870971677,10936.05844549206,2081
2020-03-08,5.579714619517546,11611.386123216012,2081
2020-03-09,6.167099717957921,12833.734513070434,2081
2020-03-10,5.093834165634085,10600.268898684531,2081
2020-03-11,4.841848214217343,10075.88613378629,2081
2020-03-12,5.4430027095182965,11326.888638507577,2081
2020-03-13,5.446168676711948,11333.477016237564,2081
2020-03-14,5.72559525747459,11914.963730804622,2081
2020-03-15,5.973525114314508,12430.905762888491,2081
2020-03-16,6.245328633548805,12996.528886415064,2081
2020-03-17,4.798373957785318,9985.416206151249,2081
2020-03-18,5.245130861071527,10915.117321889848,2081
2020-03-19,6.999160120558175,14565.25221088156,2081
2020-03-20,6.014279550583187,12515.715744763613,2081
2020-03-21,5.14321089999599,10703.021882891657,2081
2020-03-22,4.806298493443917,10001.907164856791,2081
2020-03-23,5.086373075606558,10584.742370337248,2081
2020-03-24,6.237149883238872,12979.508907020092,2081
2020-03-25,6.569685171886827,13671.514842696488,2081
2020-03-26,6.556391826455322,13643.851390853524,2081
2020-03-27,5.03349099254906,10474.694755494596,2081
2020-03-28,4.959055279597733,10319.794036842884,2081
2020-03-29,5.596497368384359,11646.31102360785,2081
2020-03-30,6.63568212734951,13808.85450701433,2081
2020-03-31,5.620571831358505,11696.409981057048,2081
2020-04-01,5.261007364952095,10948.156326465309,2081
2020-04-02,5.2090014451788,10839.932007417085,2081
2020-04-03,5.184513147024403,10788.971858957782,2081
2020-04-04,6.349388137609959,13213.076714366323,2081
2020-04-05,5.953849462709147,12389.960731897736,2081
2020-04-06,5.507257451655066,11460.602756894194,2081
2020-04-07,4.291120588510872,8929.821944691124,2081
2020-04-08,4.388408248359539,9132.2775648362,2081
2020-04-09,6.126497668129558,12749.24164737761,2081
2020-04-10,6.115221273310658,12725.77546975948,2081
2020-04-11,5.6371669426660205,11730.944407687988,2081
2020-04-12,5.242124576511946,10908.86124372136,2081
2020-04-13,5.38098224514092,11197.824052138254,2081
2020-04-14,5.900526395916996,12278.995429903269,2081
2020-04-15,6.104248759903798,12702.941669359803,2081
2020-04-16,6.143579656697706,12784.789265587926,2081
2020-04-17,6.14627133555449,12790.390649288893,2081
2020-04-18,5.276214162277121,10979.80167169869,2081
2020-04-19,5.331434160041328,11094.714487046003,2081
2020-04-20,6.077098438786571,12646.441851114854,2081
2020-04-21,5.642614448295368,11742.28066690266,2081
2020-04-22,5.517878248564387,11482.70463526249,2081
2020-04-23,5.446870428002952,11334.937360674145,2081
2020-04-24,4.735694413916072,9854.980075359344,2081
2020-04-25,6.150293577138418,12798.76093402505,2081
2020-04-26,7.354744169517371,15305.222616765648,2081
2020-04-27,6.102789237862565,12699.904403991995,2081
2020-04-28,4.976202958123378,10355.47835585475,2081
2020-04-29,6.130038945807224,12756.611046224833,2081
2020-04-30,5.485655439345382,11415.64896927774,2081
2020-05-01,5.699994488732495,11861.68853105232,2081
2020-05-02,6.125039658455938,12746.207529246807,2081
2020-05-03,5.317933716188046,11066.620063387323,2081
2020-05-04,4.959553714735538,10320.831280364657,2081
2020-05-05,6.226463529276395,12957.27060442418,2081
2020-05-06,5.454373579227501,11350.55141837243,2081
2020-05-07,5.624668707323727,11704.935579940677,2081
2020-05-08,6.254562663432642,13015.744902603328,2081
2020-05-09,5.500548072736108,11446.640539363842,2081
2020-05-10,5.390152474701072,11216.90729985293,2081
2020-05-11,5.141888004801505,10700.268937991932,2081
2020-05-12,6.283819700261208,13076.628796243574,2081
2020-05-13,5.9111437522043175,12301.090148337184,2081
2020-05-14,5.38193638303399,11199.809613093734,2081
2020-05-15,5.229980929268203,10883.59031380713,2081
2020-05-16,6.257127911221202,13021.08318325132,2081
2020-05-17,5.777207535220303,12022.368880793452,2081
2020-05-18,6.002601556870182,12491.41383984685,2081
2020-05-19,6.310081354446677,13131.279298603537,2081
2020-05-20,3.920827661191169,8159.242362938821,2081
2020-05-21,4.758650132049912,9902.750924795866,2081
2020-05-22,6.106188219071065,12706.977683886886,2081
2020-05-23,6.033896160886186,12556.537910804152,2081
2020-05-24,5.555670942246541,11561.351230815051,2081
2020-05-25,5.061306195175172,10532.578192159534,2081
2020-05-26,4.969320090064231,10341.155107423663,2081
2020-05-27,5.646962938344232,11751.329874694347,2081
2020-05-28,5.268164079668558,10963.04944979027,2081
2020-05-29,5.884833545903355,12246.338609024882,2081
2020-05-31,5.786809972455615,12042.351552680137,2081
2020-06-01,5.885270833661211,12247.24860484898,2081
2020-06-03,5.876204018215687,12228.380561906844,2081
2020-06-04,5.586177113834287,11624.834573889151,2081
2020-06-05,5.512908305925376,11472.362184630709,2081
2020-06-07,5.874925205801783,12225.719353273513,2081
2020-06-08,5.504999890698837,11455.90477254428,2081
2020-06-09,5.803002997301071,12076.04923738353,2081
2020-06-10,4.659611737629314,9696.652026006605,2081
2020-06-11,5.843513627061759,12160.35185791552,2081
2020-06-13,6.458132436750515,13439.37360087782,2081
2020-06-14,5.604833335500678,11663.65817117691,2081
2020-06-15,4.299016831883984,8946.254027150571,2081
2020-06-16,5.549993690420148,11549.536869764328,2081
2020-06-17,5.2115675686987935,10845.272110462189,2081
2020-06-18,7.113902117646174,14804.030306821687,2081
2020-06-19,6.109154267906999,12713.150031514466,2081
2020-06-20,6.110557397105183,12716.069943375884,2081
2020-06-21,4.168408685853882,8674.458475261927,2081
2020-06-22,4.46740017030057,9296.659754395483,2081
2020-06-23,5.235986061175817,10896.086993306875,2081
2020-06-24,5.551701640886564,11553.09111468494,2081
2020-06-25,6.127465810836192,12751.256352350116,2081
2020-06-26,4.380800432092808,9116.445699185131,2081
2020-06-27,5.316054021643367,11062.708419039844,2081
2020-06-28,5.040072942556297,10488.391793459654,2081
2020-06-29,5.5792892481174,11610.500925332308,2081
2020-06-30,5.541140994362279,11531.114409267902,2081
2020-07-01,5.878340948114404,12232.827513026074,2081
2020-07-02,4.995593421413585,10395.82990996167,2081
2020-07-03,5.564374920652922,11579.46420987873,2081
2020-07-04,5.532631740701874,11513.4066524006,2081
2020-07-05,5.614715841498561,11684.223666158505,2081
2020-07-06,4.731561813503951,9846.380133901725,2081
2020-07-07,6.132221739561955,12761.153440028427,2081
2020-07-08,5.680926181299228,11822.007383283692,2081
2020-07-09,5.247492502335189,10920.031897359528,2081
2020-07-10,5.541881206439131,11532.65479059983,2081
2020-07-11,5.940202938040995,12361.56231406331,2081
2020-07-12,4.366217934597661,9086.099521897731,2081
2020-07-13,5.133917446708748,10683.682206600904,2081
2020-07-14,5.011185203354442,10428.276408180594,2081
2020-07-15,6.579230867881204,13691.379436060786,2081
2020-07-16,5.92817108428615,12336.524026399478,2081
2020-07-17,5.058133676691104,10525.976181194186,2081
2020-07-18,4.685781279688899,9751.110843032598,2081
2020-07-19,5.657764980307226,11773.808924019337,2081
2020-07-20,6.047101456631675,12584.018131250516,2081
2020-07-21,6.375172950731969,13266.734910473228,2081
2020-07-22,4.6513309029952685,9679.419609133154,2081
2020-07-23,4.256365244389153,8857.496073573828,2081
2020-07-24,5.284529905220254,10997.10673276335,2081
2020-07-25,5.195359986031975,10811.54413093254,2081
2020-07-26,5.755302405632864,11976.78430612199,2081
2020-07-27,5.176636070342433,10772.579662382605,2081
2020-07-28,4.381201208153349,9117.279714167118,2081
2020-07-29,5.703086823668977,11868.12368005514,2081
2020-07-30,5.680702618530924,11821.542149162851,2081
2020-07-31,5.894341584519921,12266.124837385956,2081
2020-08-01,5.407026891043908,11252.022960262371,2081
2020-08-02,4.330644539125274,9012.071285919694,2081
2020-08-03,4.279642188478846,8905.935394224478,2081
2020-08-04,4.079317959838899,8489.060674424749,2081
2020-08-05,5.6703857896470895,11800.072828255594,2081
2020-08-06,5.24145868833162,10907.475530418102,2081
2020-08-10,5.657551257373878,11773.364166595042,2081
2020-08-11,6.097201072350896,12688.275431562217,2081
2020-08-12,4.72225533042001,9827.01334260404,2081
2020-08-13,4.577444073172615,9525.661116272213,2081
2020-08-14,5.10413670155691,10621.70847593993,2081
2020-08-15,5.891623597916132,12260.46870726347,2081
2020-08-16,5.709177188958359,11880.797730222344,2081
2020-08-17,5.733074629381263,11930.528303742409,2081
2020-08-19,5.731693638453742,11927.654461622238,2081
2020-08-20,4.7763950468713645,9939.67809253931,2081
2020-08-21,6.011192866133375,12509.292354423553,2081
2020-08-22,5.744044619646856,11953.356853485107,2081
2020-08-23,5.737393817825423,11939.516534894705,2081
2020-08-24,5.744272493348707,11953.83105865866,2081
2020-08-25,4.9194465815593125,10237.368336224928,2081
2020-08-26,5.464103046201388,11370.798439145088,2081
2020-08-27,3.817516947139175,7944.252766996622,2081
2020-08-28,5.533284876844678,11514.765828713777,2081
2020-08-29,5.582776794402517,11617.758509151638,2081
2020-08-30,3.905021878679233,8126.350529531483,2081
2020-08-31,4.957551045676722,10316.66372605326,2081
2020-09-01,5.266070577773592,10958.692872346845,2081
2020-09-02,4.160703767094952,8658.424539324595,2081
2020-09-03,4.384607868278037,9124.368973886594,2081
2020-09-04,5.594710288534423,11642.592110440137,2081
2020-09-05,5.1360282668091335,10688.074823229806,2081
2020-09-06,6.372612431754145,13261.406470480377,2081
2020-09-07,5.667049726189581,11793.130480200518,2081
2020-09-08,4.649283052582968,9675.158032425155,2081
2020-09-09,4.4843623721171015,9331.958096375687,2081
2020-09-10,4.763584708452698,9913.019778290063,2081
2020-09-11,5.7756457858455335,12019.118880344557,2081
2020-09-12,6.455140444284044,13433.147264555097,2081
2020-09-13,5.217294095725838,10857.189013205469,2081
2020-09-14,5.21379366268595,10849.90461204946,2081
2020-09-15,4.608156916092417,9589.57454238832,2081
2020-09-16,5.426648217772977,11292.854941185564,2081
2020-09-17,6.728276207770996,14001.542788371444,2081
2020-09-18,6.009834315056757,12506.465209633112,2081
2020-09-19,5.603105677063508,11660.06291396916,2081
2020-09-20,4.53339023391167,9433.985076770186,2081
2020-09-21,5.1037271374739,10620.856173083186,2081
2020-09-22,6.250934808679258,13008.195336861536,2081
2020-09-24,4.8288990548887485,10048.938933223486,2081
2020-09-25,4.384668164997076,9124.494451358914,2081
2020-09-26,4.579521986829983,9529.985254593194,2081
2020-09-27,5.151029528758647,10719.292449346744,2081
2020-09-28,5.281964528111894,10991.768183000851,2081
2020-09-29,5.4314669773075686,11302.88277977705,2081
2020-09-30,5.269285610179269,10965.383354783058,2081
2020-10-04,5.182164010210393,10784.083305247828,2081
2020-10-05,4.814491762750731,10018.957358284271,2081
2020-10-08,6.325704788849123,13163.791665595025,2081
2020-10-09,5.587953546331503,11628.53132991586,2081
2020-10-10,4.606152200895052,9585.402730062604,2081
2020-10-12,4.434976359332541,9229.18580377102,2081
2020-10-13,5.308434274110268,11046.851724423468,2081
2020-10-14,6.230355664287505,12965.3701373823,2081
2020-10-15,4.8523637013852685,10097.768862582743,2081
2020-10-16,5.455550796639198,11353.00120780617,2081
2020-10-17,4.616157691186435,9606.22415535897,2081
2020-10-18,5.595889960886022,11645.047008603811,2081
2020-10-19,6.927789606306127,14416.73017072305,2081
2020-10-20,5.9280795042672905,12336.333448380232,2081
2020-10-21,4.841871940229645,10075.93550761789,2081
2020-10-22,4.50051961988139,9365.581328973174,2081
2020-10-23,5.324229915753,11079.722454681993,2081
2020-10-24,5.688937800125913,11838.679562062023,2081
2020-10-26,5.244853722510689,10914.540596544744,2081
2020-10-27,5.692248615162812,11845.56936815381,2081
2020-10-28,5.659154043138629,11776.699563771486,2081
2020-11-02,5.521146097100093,11489.505028065294,2081
2020-11-03,5.102165455046946,10617.606311952695,2081
2020-11-04,6.166722625228167,12832.949783099815,2081
2020-11-05,5.363481429265208,11161.404854300898,2081
2020-11-06,5.692342536157853,11845.764817744492,2081
2020-11-07,4.673851823089631,9726.285643849522,2081
2020-11-08,5.085230920752013,10582.36554608494,2081
2020-11-11,5.679377992026569,11818.78560140729,2081
2020-11-12,5.651712337991242,11761.213375359774,2081
2020-11-13,4.261331390856767,8867.830624372931,2081
2020-11-14,5.005474511840985,10416.39245914109,2081
2020-11-15,5.41260857414678,11263.638442799447,2081
2020-11-16,5.348993846802028,11131.25619519502,2081
2020-11-17,5.6039694435984,11661.86041212827,2081
2020-11-18,5.60298366099596,11659.808998532591,2081
2020-11-19,5.251331028579978,10928.019870474936,2081
2020-11-20,5.337460413799835,11107.255121117458,2081
2020-11-21,5.327296973681833,11086.105002231896,2081
2020-11-22,5.560879968658111,11572.19121477753,2081
2020-11-24,5.30346815885259,11036.51723857224,2081
2020-11-25,5.855060510773253,12184.38092291914,2081
2020-11-27,5.18220890847745,10784.176738541571,2081
2020-11-28,5.568832375567473,11588.74017355591,2081
2020-11-29,5.140971212627268,10698.361093477346,2081
2020-11-30,5.758475202084639,11983.386895538131,2081
2020-12-01,5.7501501293762525,11966.06241923198,2081
2020-12-02,4.817672559310105,10025.576595924327,2081
2020-12-04,4.308437135067877,8965.857678076252,2081
2020-12-05,5.474940978942984,11393.35217718035,2081
2020-12-06,6.493738063064649,13513.468909237534,2081
2020-12-07,5.432911549336807,11305.888934169896,2081
2020-12-08,4.809584029636479,10008.744365673512,2081
2020-12-10,5.254453795520318,10934.51834847778,2081
2020-12-11,6.656225601053546,13851.605475792428,2081
2020-12-12,6.042512694192027,12574.468916613609,2081
2020-12-13,4.960900240136934,10323.63339972496,2081
2020-12-14,5.804365075004037,12078.883721083404,2081
2020-12-15,4.8082601639806,10005.989401243629,2081
2020-12-16,6.210342321948564,12923.72237197496,2081
2020-12-17,6.6526255024134295,13844.113670522347,2081
2020-12-18,5.580327682549752,11612.661907386037,2081
2020-12-19,4.532642923929209,9432.429924696684,2081
2020-12-20,5.169992525361439,10758.754445277154,2081
2020-12-21,5.462823494907212,11368.13569290191,2081
2020-12-22,6.690721251527881,13923.39092442952,2081
2020-12-23,6.160037170239921,12819.037351269277,2081
2020-12-24,5.67563998287455,11811.00680436194,2081
2020-12-25,5.055196882450684,10519.864712379873,2081
2020-12-26,5.237372192770895,10898.971533156233,2081
2020-12-27,6.87670289408881,14310.418722598812,2081
2020-12-28,5.515748944807062,11478.273554143496,2081
2020-12-29,6.06204385082347,12615.113253563644,2081
2020-12-30,6.061355839891145,12613.681502813472,2081
2020-12-31,4.597664322737418,9567.739455616567,2081
2021-01-31,5.262502125955327,10951.266924113035,2081
2021-02-01,5.416526022626303,11271.790653085336,2081
2021-02-02,6.0337172612831615,12556.16562073026,2081
2021-02-03,5.577269728322805,11606.298304639757,2081
2021-02-04,5.247134171920376,10919.286211766304,2081
2021-02-05,5.058455434425097,10526.645759038627,2081
2021-02-06,4.981795595692993,10367.116634637116,2081
2021-02-07,5.293536657047696,11015.849783316256,2081
2021-02-08,7.240818463401947,15068.143222339451,2081
2021-02-09,5.782842046117114,12034.094297969714,2081
2021-02-10,4.876887423581244,10148.802728472569,2081
2021-02-11,4.912095359979928,10222.070444118232,2081
2021-02-12,5.416049152505278,11270.798286363482,2081
2021-02-13,6.189269495259743,12879.869819635524,2081
2021-02-14,6.255533249238717,13017.764691665769,2081
2021-02-15,5.128709620692764,10672.84472066164,2081
2021-02-16,4.816317530118863,10022.756780177357,2081
2021-02-17,5.80338846080825,12076.85138694197,2081
2021-02-18,5.904930169787661,12288.159683328122,2081
2021-02-19,6.331852808443436,13176.585694370791,2081
2021-02-20,5.411610551185616,11261.561557017269,2081
2021-02-21,3.9922514031142176,8307.875169880688,2081
2021-02-22,4.306370894859846,8961.55783220334,2081
2021-02-23,6.14058727818919,12778.562125911703,2081
2021-02-24,5.952980395147585,12388.152202302124,2081
2021-02-25,5.344931863839544,11122.80320865009,2081
2021-02-27,4.357850682518925,9068.687270321883,2081
2021-02-28,4.744221610760476,9872.725171992552,2081
2021-03-01,5.829827291993185,12131.870594637818,2081
2021-03-02,5.679837972932132,11819.742821671767,2081
2021-03-03,5.0992420300352,10611.522664503253,2081
2021-03-04,5.134975009313653,10685.88299438171,2081
2021-03-05,5.184011817915595,10787.928593082352,2081
2021-03-06,6.225350559373592,12954.954514056444,2081
2021-03-07,5.683704549039444,11827.789166551083,2081
2021-03-08,4.991645419285424,10387.614117532969,2081
2021-03-09,4.848138063722673,10088.975310606882,2081
2021-03-10,5.645976201469568,11749.276475258172,2081
2021-03-11,5.988718869600486,12462.523967638612,2081
2021-03-12,6.770114120363595,14088.60748447664,2081
2021-03-13,5.765704952753231,11998.432006679475,2081
2021-03-14,5.723482624931527,11910.567342482507,2081
2021-03-15,5.763260547589047,11993.345199532809,2081
2021-03-16,5.018642554975283,10443.795156903563,2081
2021-03-17,5.697773767220808,11857.0672095865,2081
2021-03-18,6.129464819586976,12755.416289560497,2081
2021-03-19,5.32023851135598,11071.416342131792,2081
2021-03-20,4.883288927856029,10162.124258868396,2081
2021-03-21,5.098830790473314,10610.666874974966,2081
2021-03-22,5.703838320609212,11869.687545187771,2081
2021-03-23,7.480473164277458,15566.86465486139,2081
2021-03-24,5.743101791562271,11951.394828241086,2081
2021-03-25,5.350378357562971,11134.137362088542,2081
2021-03-26,4.538700853469459,9445.036476069943,2081
2021-03-27,5.167296167917985,10753.143325437326,2081
2021-03-28,6.1167329688203385,12728.921308115125,2081
2021-03-29,6.132505044956897,12761.742998555304,2081
2021-03-30,4.542528204577816,9453.001193726435,2081
2021-03-31,5.066370390343503,10543.11678230483,2081
2021-04-02,6.105450812790917,12705.443141417898,2081
2021-04-03,5.98299884515571,12450.620596769031,2081
2021-04-04,5.166253735810332,10750.9740242213,2081
2021-04-05,5.036030596520453,10479.979671359062,2081
2021-04-06,4.97055101626656,10343.716664850712,2081
2021-04-07,5.904857049150601,12288.0075192824,2081
2021-04-08,6.533920589479108,13597.088746706024,2081
2021-04-09,5.26564677984797,10957.810948863626,2081
2021-04-10,5.874950227393432,12225.771423205731,2081
2021-04-13,5.23466745056373,10893.342964623123,2081
2021-04-14,5.6189399399668885,11693.014015071094,2081
2021-04-15,5.885266070806854,12247.238693349063,2081
2021-04-16,4.351523989198415,9055.521421521902,2081
2021-04-17,5.143515370173961,10703.655485332012,2081
2021-04-18,5.978482167279471,12441.221390108578,2081
2021-04-19,5.9970127091219885,12479.783447682858,2081
2021-04-20,5.483982853945891,11412.1683190614,2081
2021-04-21,5.205366965599898,10832.36865541339,2081
2021-04-22,5.361089767328768,11156.427805811169,2081
2021-04-23,6.379662148157248,13276.076930315234,2081
2021-04-24,6.353762590101258,13222.179950000718,2081
2021-04-25,5.446538620803403,11334.246869891882,2081
2021-04-26,4.737888069394533,9859.545072410025,2081
2021-04-27,5.821876578208404,12115.32515925169,2081
2021-04-28,5.822080959413328,12115.750476539137,2081
2021-05-02,5.232045848211672,10887.88741012849,2081
2021-05-04,6.494919613476329,13515.92771564424,2081
2021-05-05,5.829081482064661,12130.31856417656,2081
2021-05-06,5.013422685430521,10432.932608380914,2081
2021-05-07,5.274168414215467,10975.544469982386,2081
2021-05-08,5.822703000496409,12117.044944033029,2081
2021-05-09,5.781332437419823,12030.95280227065,2081
2021-05-10,5.769840588432444,12007.038264527917,2081
2021-05-11,5.376613533343621,11188.732762888074,2081
2021-05-13,4.914625854624801,10227.336403474212,2081
2021-05-14,5.703265448163072,11868.495397627354,2081
2021-05-15,6.491783591452762,13509.401653813198,2081
2021-05-16,5.958737097025376,12400.131898909807,2081
2021-05-17,4.639517736006734,9654.836408630012,2081
2021-05-18,5.033407295877288,10474.520582720636,2081
2021-05-19,5.181868408897472,10783.46815891564,2081
2021-05-20,5.887199117877717,12251.26136430353,2081
2021-05-21,6.462329016195531,13448.1066827029,2081
2021-05-23,5.113870535602597,10641.964584589005,2081
2021-05-24,5.614426842926148,11683.622260129312,2081
2021-05-25,5.768531451661879,12004.31395090837,2081
2021-05-26,5.8208053958789545,12113.096028824104,2081
2021-05-27,5.523766665778076,11494.958431484178,2081
2021-05-28,4.677045002177354,9732.930649531074,2081
2021-05-29,4.921521430249303,10241.6860963488,2081
2021-05-30,5.512906474045646,11472.35837248899,2081
2021-05-31,6.334283263006788,13181.643470317124,2081
2021-06-01,5.409388418532712,11256.937298966572,2081
2021-06-02,5.013939926924398,10434.008987929672,2081
2021-06-03,4.871203832432148,10136.9751752913,2081
2021-06-05,5.910496848770084,12299.743942290545,2081
2021-06-06,5.998822086107152,12483.548761188984,2081
2021-06-07,5.048167840190543,10505.23727543652,2081
2021-06-08,5.147227359793325,10711.380135729907,2081
2021-06-09,5.803132125709505,12076.31795360148,2081
2021-06-11,5.635131327844422,11726.708293244244,2081
2021-06-12,5.173147875792358,10765.320729523895,2081
2021-06-13,5.212557596671415,10847.332358673217,2081
2021-06-14,5.725659312335761,11915.097028970718,2081
2021-06-15,5.112277832943794,10638.650170356035,2081
2021-06-16,5.552594882868864,11554.949951250106,2081
2021-06-17,5.722953784324727,11909.466825179756,2081
2021-06-18,5.646988793538059,11751.3836793527,2081
2021-06-19,4.064474977076713,8458.172427296638,2081
2021-06-20,5.179350071767473,10778.227499348111,2081
2021-06-21,5.868537492763675,12212.426522441208,2081
2021-06-22,5.528069561774874,11503.912758053511,2081
2021-06-23,5.556438901590104,11562.949354209006,2081
2021-06-25,5.290675589467047,11009.895901680924,2081
2021-06-26,4.823340044767721,10037.370633161629,2081
2021-06-27,5.522877319102345,11493.10770105198,2081
2021-06-28,5.0016824163313895,10408.501108385624,2081
2021-06-29,4.698932922591246,9778.479411912384,2081
2021-06-30,4.769287747207891,9924.887801939622,2081
2021-07-01,5.539834594927775,11528.3957920447,2081
2021-07-02,5.5074278889300015,11460.957436863331,2081
2021-07-03,4.138556133608429,8612.335314039141,2081
2021-07-04,4.289772380680447,8927.01632419601,2081
2021-07-05,4.073509694634257,8476.973674533889,2081
2021-07-06,5.293206833342358,11015.163420185449,2081
2021-07-07,5.279721742722348,10987.100946605206,2081
2021-07-08,5.510906528088755,11468.1964849527,2081
2021-07-09,5.3183621220480415,11067.511575981976,2081
2021-07-10,4.790268738794819,9968.54924543202,2081
2021-07-11,4.95332989262767,10307.87950655818,2081
2021-07-12,4.593817465526447,9559.734145760536,2081
2021-07-13,5.005073270572959,10415.557476062328,2081
2021-07-14,5.609534139840263,11673.440545007586,2081
2021-07-15,4.904324773095767,10205.89985281229,2081
2021-07-16,4.506918813705673,9378.898051321508,2081
2021-07-17,5.326000798885666,11083.40766248107,2081
2021-07-18,6.290410113503019,13090.343446199782,2081
2021-07-19,5.1957631963253705,10812.383211553097,2081
2021-07-20,5.497881019075349,11441.0904006958,2081
2021-07-21,5.0207509446507865,10448.182715818286,2081
2021-07-22,5.542010830163039,11532.924537569284,2081
2021-07-23,5.340605255382844,11113.799536451696,2081
2021-07-24,5.01279498017355,10431.626353741158,2081
2021-07-27,4.62448605561849,9623.555481742078,2081
2021-07-28,4.9943034578054775,10393.1454956932,2081
2021-07-29,5.530908486709636,11509.820560842752,2081
2021-07-30,5.483330222422231,11410.810192860665,2081
2021-07-31,5.042457238240691,10493.353512778878,2081
2021-08-01,5.150696263898742,10718.598925173284,2081
2021-08-02,5.646741781793696,11750.86964791268,2081
2021-08-05,4.799595528285358,9987.95829436183,2081
2021-08-06,5.069335551000684,10549.287281632423,2081
2021-08-07,5.178198589335148,10775.831264406444,2081
2021-08-08,5.539805464769666,11528.335172185674,2081
2021-08-09,5.506561623792245,11459.154739111662,2081
2021-08-10,5.167289966498069,10753.130420282483,2081
2021-08-11,4.664022008647201,9705.829799994826,2081
2021-08-12,5.044931261729071,10498.501955658196,2081
2021-08-13,5.494832347041996,11434.746114194391,2081
2021-08-14,5.869380136122968,12214.180063271897,2081
2021-08-15,5.4375514110075,11315.544486306608,2081
2021-08-16,4.965104784585575,10332.38305672258,2081
2021-08-17,5.196636029336099,10814.19957704842,2081
2021-08-18,5.396636214266989,11230.399961889603,2081
2021-08-19,5.407889143237553,11253.817307077348,2081
2021-08-20,4.955345294584199,10312.07355802972,2081
2021-08-21,5.403045522810776,11243.737732969224,2081
2021-08-22,3.580748452615228,7451.537529892288,2081
2021-08-25,5.816691199981718,12104.534387161955,2081
2021-08-26,4.882644367893327,10160.782929586014,2081
2021-08-27,5.170862650414611,10760.565175512806,2081
2021-08-28,5.272500853974807,10972.074277121574,2081
2021-08-29,5.460081021912335,11362.42860659957,2081
2021-08-30,6.392985372740108,13303.802560672164,2081
2021-08-31,5.49537055704927,11435.866129219532,2081
2021-09-01,4.696331679047672,9773.066224098206,2081
2021-09-02,4.739101919444464,9862.071094363928,2081
2021-09-03,5.159386804589625,10736.68394035101,2081
2021-09-04,5.047196771775885,10503.216482065618,2081
2021-09-05,5.967559408562966,12418.491129219532,2081
2021-09-06,4.70935474370518,9800.16722165048,2081
2021-09-07,4.93866144069137,10277.354458078742,2081
2021-09-08,5.630164009054827,11716.371302843094,2081
2021-09-09,6.307271906958355,13125.432838380337,2081
2021-09-10,6.691365738647709,13924.732102125883,2081
2021-09-11,5.563537235008817,11577.720986053348,2081
2021-09-12,4.897875084663915,10192.478051185608,2081
2021-09-13,4.570560124338905,9511.33561874926,2081
2021-09-14,6.2841782732904745,13077.374986717476,2081
2021-09-15,6.606445057740984,13748.012165158989,2081
2021-09-16,5.774855173691026,12017.473616451023,2081
2021-09-17,5.1045772188917296,10622.62519251369,2081
2021-09-18,5.053266943881493,10515.848510217387,2081
2021-09-19,5.025971732401736,10459.047175128013,2081
2021-09-20,6.267340914325691,13042.336442711765,2081
2021-09-21,5.210899298304087,10843.881439770805,2081
2021-09-22,4.5936977542140855,9559.485026519513,2081
2021-09-23,4.840591920177665,10073.27178588972,2081
2021-09-24,4.958041632031163,10317.68463625685,2081
2021-09-25,5.639737205180451,11736.293123980518,2081
2021-09-26,6.116244531293874,12727.90486962255,2081
2021-09-27,4.741399571452218,9866.852508192069,2081
2021-09-28,4.87730232933478,10149.666147345675,2081
2021-09-29,5.23010107014885,10883.840326979756,2081
2021-09-30,5.764345187376978,11995.602334931493,2081
2021-10-01,6.278292228164781,13065.126126810908,2081
2021-10-02,5.712068695823829,11886.814956009388,2081
2021-10-03,5.254489929887436,10934.593544095756,2081
2021-10-04,5.1084162381078,10630.614191502333,2081
2021-10-05,6.310013802234282,13131.13872244954,2081
2021-10-06,7.860978885278542,16358.697060264649,2081
2021-10-07,6.011130219695088,12509.161987185478,2081
2021-10-08,5.880734743964839,12237.809002190828,2081
2021-10-09,6.091051639723182,12675.478462263942,2081
2021-10-10,6.265002136617713,13037.46944630146,2081
2021-10-13,6.265540721982445,13038.590242445469,2081
2021-10-14,6.090545580270828,12674.425352543592,2081
2021-10-15,5.273455957251976,10974.06184704136,2081
2021-10-16,6.47852965267421,13481.82020721503,2081
2021-10-17,6.639071023825633,13815.906800581142,2081
2021-10-18,5.630368122331984,11716.79606257286,2081
2021-10-19,4.728053715181166,9839.079781292006,2081
2021-10-20,5.173520440594525,10766.096036877208,2081
2021-10-21,5.584726645635841,11621.816149568183,2081
2021-10-22,6.069779857155786,12631.21188274119,2081
2021-10-23,6.005537537601004,12497.52361574769,2081
2021-10-24,5.317950421395581,11066.654826924205,2081
2021-10-25,4.784532655079718,9956.612455220891,2081
2021-10-26,5.840034446368018,12153.111682891846,2081
2021-10-27,6.259266920183668,13025.534460902214,2081
2021-10-29,5.718841401216561,11900.908955931664,2081
2021-10-30,5.1539127902019946,10725.29251641035,2081
2021-10-31,5.774960600144012,12017.693008899689,2081
2021-11-01,5.95073156898724,12383.472395062448,2081
2021-11-02,6.537616467709326,13604.779869303107,2081
2021-11-03,5.543912476964263,11536.88186456263,2081
2021-11-04,5.112516466784168,10639.146767377852,2081
2021-11-05,5.01606163565841,10438.424263805153,2081
2021-11-06,5.243765176740663,10912.27533279732,2081
2021-11-07,6.989940542647152,14546.066269248724,2081
2021-11-08,6.077496176783366,12647.269543886185,2081
2021-11-09,5.268685622198945,10964.134779796004,2081
2021-11-10,5.062578196968957,10535.2252278924,2081
2021-11-11,5.532893839011623,11513.952078983188,2081
2021-11-12,6.35863757935021,13232.324802627789,2081
2021-11-13,6.192618190826905,12886.838455110788,2081
2021-11-14,5.121905479171116,10658.685302155092,2081
2021-11-15,4.90343921285528,10204.057001951836,2081
2021-11-16,5.185001518598091,10789.988160202627,2081
2021-11-17,5.923280297162737,12326.346298395656,2081
2021-11-18,6.192637525201703,12886.878689944744,2081
2021-11-19,5.5824771598406615,11617.134969628416,2081
2021-11-20,4.79086605543857,9969.792261367664,2081
2021-11-21,5.038791993651402,10485.726138788566,2081
2021-11-22,5.4779298725228704,11399.572064720094,2081
2021-11-23,6.264375091803939,13036.164566043995,2081
2021-11-24,5.543573365346378,11536.176173285814,2081
2021-11-25,4.8306797697244175,10052.644600796511,2081
2021-11-26,6.101510564390711,12697.24348449707,2081
2021-11-28,6.023527920224643,12534.96160198748,2081
2021-11-29,6.0799209644363685,12652.315526992084,2081
2021-11-30,5.666188913159849,11791.339128285646,2081
2021-12-01,6.210876447923306,12924.8338881284,2081
2021-12-02,6.186437591695545,12873.976628318427,2081
2021-12-03,6.376858693835312,13270.242941871284,2081
2021-12-04,6.40667757780928,13332.296039421111,2081
2021-12-05,5.709434287600194,11881.332752496004,2081
2021-12-06,5.334273205711142,11100.622541084886,2081
2021-12-07,5.160964347404222,10739.966806948183,2081
2021-12-08,5.245542571542929,10915.974091380836,2081
2021-12-09,6.813444771169757,14178.778568804264,2081
2021-12-10,6.424341869749512,13369.055430948734,2081
2021-12-11,5.661421688809697,11781.41853441298,2081
2021-12-12,6.312773159515794,13136.880944952369,2081
2021-12-13,6.301179462409203,13112.754461273553,2081
2021-12-14,6.008358213444791,12503.39344217861,2081
2021-12-15,6.54727051162565,13624.86993469298,2081
2021-12-16,5.683098238172656,11826.527433637297,2081
2021-12-17,6.15750334601391,12813.764463054948,2081
2021-12-19,6.348722609277351,13211.691749906167,2081
2021-12-20,6.8579101295165446,14271.310979523929,2081
2021-12-21,5.948788381369063,12379.42862162902,2081
2021-12-23,5.449920689172466,11341.284954167902,2081
2021-12-24,5.747054729721223,11959.620892549863,2081
2021-12-25,8.011909861225458,16672.784421210177,2081
2021-12-26,6.112996198048082,12721.14508813806,2081
2021-12-27,5.491285820326471,11427.365792099386,2081
2021-12-28,5.192036988807091,10804.628973707557,2081
2021-12-29,6.163940790623555,12827.16078528762,2081
2021-12-30,7.075388306529869,14723.883065888658,2081
2021-12-31,6.820370500138435,14193.191010788085,2081
2022-01-01,6.192440593138101,12886.468874320388,2081
2022-01-02,5.173239430871822,10765.511255644262,2081
2022-01-04,6.7019180521648245,13946.691466555,2081
2022-01-05,6.941192884128836,14444.622391872108,2081
2022-01-06,5.480512884826342,11404.947313323615,2081
2022-01-07,4.801516951666407,9991.956776417792,2081
2022-01-08,6.076976068752895,12646.187199074777,2081
2022-01-09,6.261286776423354,13029.737781737,2081
2022-01-10,7.923277760296881,16488.34101917781,2081
2022-01-11,6.243562497631797,12992.853557571769,2081
2022-01-12,5.296618889315535,11022.263908665627,2081
2022-01-13,5.162986356754291,10744.17460840568,2081
2022-01-14,5.748254834510501,11962.118310616352,2081
2022-01-15,6.001147559216736,12488.388070730029,2081
2022-01-16,6.073566866143759,12639.092648445165,2081
2022-01-17,5.617945698927685,11690.944999468513,2081
2022-01-18,5.784527695175674,12037.602133660575,2081
2022-01-19,5.203819882279958,10829.149175024591,2081
2022-01-20,6.81857244111329,14189.449249956757,2081
2022-01-21,6.798917056648006,14148.5463948845,2081
2022-01-22,5.396474163019998,11230.062733244617,2081
2022-01-23,5.396799086011966,11230.7388979909,2081
2022-01-24,5.461104819385522,11364.559129141271,2081
2022-01-25,6.279877206073436,13068.42446583882,2081
2022-01-26,7.135369888900214,14848.704738801343,2081
2022-01-27,6.065878950814855,12623.094096645713,2081
2022-01-28,5.121152571198861,10657.11850066483,2081
2022-01-29,5.101841448849637,10616.932055056095,2081
2022-01-30,5.821066078527194,12113.63850941509,2081
2022-01-31,6.583630476125455,13700.535020817071,2081
2022-02-01,6.160191519150993,12819.358551353216,2081
2022-02-02,5.3953964104522365,11227.819930151103,2081
2022-02-03,4.845783567346959,10084.07560364902,2081
2022-02-04,5.276807818638769,10981.037070587276,2081
2022-02-06,6.508413876863783,13544.009277753532,2081
2022-02-07,5.85095433474432,12175.83597060293,2081
2022-02-08,5.281646651260157,10991.106681272388,2081
2022-02-09,4.763567616021845,9912.98420894146,2081
2022-02-10,5.769573040503484,12006.48149728775,2081
2022-02-11,5.989390952325552,12463.922571789471,2081
2022-02-12,6.362322658750901,13239.993452860625,2081
2022-02-13,5.543638994715883,11536.312748003753,2081
2022-02-15,5.730908067530877,11926.019688531756,2081
2022-02-16,5.685229970999277,11830.963569649495,2081
2022-02-17,5.811055604637865,12092.806713251395,2081
2022-02-18,4.633640767357629,9642.606436871223,2081
2022-02-19,4.681832980928848,9742.894433312931,2081
2022-02-20,5.456057506982539,11354.055672030663,2081
2022-02-21,6.385831383492839,13288.915109048598,2081
2022-02-22,6.231733862717011,12968.2381683141,2081
2022-02-23,5.987418751599753,12459.818422079086,2081
2022-02-24,5.328303509273248,11088.199602797627,2081
2022-02-25,5.55166086054719,11553.006250798702,2081
2022-02-26,5.971602076753179,12426.903921723366,2081
2022-02-27,6.421164601883712,13362.443536520004,2081
2022-02-28,5.394895602094618,11226.7777479589,2081
2022-03-01,6.421308015685766,13362.74198064208,2081
2022-03-02,4.933300984243772,10266.199348211288,2081
2022-03-03,5.23228495220391,10888.384985536337,2081
2022-03-04,6.285134556207847,13079.36501146853,2081
2022-03-05,6.555551057936537,13642.101751565931,2081
2022-03-06,6.326039578380749,13164.48836261034,2081
2022-03-08,5.289607658810423,11007.67353798449,2081
2022-03-09,6.277096169311974,13062.637128338218,2081
2022-03-12,5.32269444345626,11076.527136832476,2081
2022-03-13,6.03150165587993,12551.554945886135,2081
2022-03-15,6.799629935725216,14150.029896244174,2081
2022-03-17,5.375563266218637,11186.547157000983,2081
2022-03-18,5.317607087714187,11065.940349533224,2081
2022-03-19,5.674077088239521,11807.754420626445,2081
2022-03-20,6.6643459097299225,13868.503838147968,2081
2022-03-21,6.090544689385375,12674.423498610966,2081
2022-03-22,4.855007956864289,10103.271558234585,2081
2022-03-23,5.211641399323475,10845.425751992152,2081
2022-03-24,5.636415502340217,11729.380660369992,2081
2022-03-25,6.249445541525964,13005.096171915531,2081
2022-03-27,6.182756901145383,12866.31711128354,2081
2022-03-28,6.180162182655087,12860.917502105236,2081
2022-03-29,5.393794531076932,11224.486419171097,2081
2022-03-30,6.13057332470519,12757.7230887115,2081
2022-03-31,6.787954497674471,14125.733309660573,2081
2022-04-01,6.213220961868104,12929.712821647525,2081
2022-04-02,5.948303438676543,12378.419455885887,2081
2022-04-03,5.632914551128739,11722.095180898905,2081
2022-04-04,6.053099614447667,12596.500297665596,2081
2022-04-05,6.882093121243505,14321.635785307735,2081
2022-04-06,6.167686243718316,12834.955073177814,2081
2022-04-07,5.7211845359411,11905.785019293427,2081
2022-04-08,5.539858620364983,11528.44578897953,2081
2022-04-09,5.303126905727478,11035.807090818882,2081
2022-04-10,6.958288205251392,14480.197755128143,2081
2022-04-11,7.089473511237814,14753.194376885893,2081
2022-04-12,6.3836371287352645,13284.348864898086,2081
2022-04-13,5.6697549023851215,11798.759951863438,2081
2022-04-14,6.607977793795777,13751.201788889011,2081
2022-04-15,6.029893300021206,12548.20795734413,2081
2022-04-16,6.502250248502944,13531.182767134624,2081
2022-04-17,5.5713894583583805,11594.06146284379,2081
2022-04-18,6.468861864370432,13461.701539754868,2081
2022-04-19,6.489453576752224,13504.552893221378,2081
2022-04-20,6.439339503354104,13400.26550647989,2081
2022-04-21,6.387316166982472,13292.004943490523,2081
2022-04-23,5.947518892983643,12376.786816298962,2081
2022-04-24,5.669121656550747,11797.442167282104,2081
2022-04-25,6.1158744980800845,12727.134830504656,2081
2022-04-26,6.466637699550187,13457.07305276394,2081
2022-04-30,5.105124978965318,10623.765081226826,2081
2022-05-01,6.389528986977763,13296.609821900724,2081
2022-05-02,7.507953014182699,15624.050222514195,2081
2022-05-03,5.860511931732605,12195.72532993555,2081
2022-05-04,6.268561421142124,13044.87631739676,2081
2022-05-05,5.44536523389908,11331.805051743984,2081
2022-05-06,6.471499072881,13467.18957066536,2081
2022-05-07,6.586717266150818,13706.958630859852,2081
2022-05-09,5.841504417062665,12156.170691907406,2081
2022-05-10,6.27026725873702,13048.426165431738,2081
2022-05-11,5.893693442097947,12264.77605300583,2081
2022-05-12,6.807944329531576,14167.33214975521,2081
2022-05-13,6.813452819354227,14178.795317076148,2081
2022-05-14,6.079703535261033,12651.86305687821,2081
2022-05-15,5.132253922266917,10680.220412237451,2081
2022-05-16,6.5441756971549205,13618.42962577939,2081
2022-05-17,5.645151531571222,11747.560337199711,2081
2022-05-18,5.630380667169864,11716.822168380488,2081
2022-05-19,5.966185915004148,12415.632889123634,2081
2022-05-20,5.149772155423081,10716.675855435433,2081
2022-05-21,5.744556965935637,11954.42304611206,2081
2022-05-22,5.6073449381351015,11668.884816259146,2081
2022-05-23,5.892795440985686,12262.907312691212,2081
2022-05-24,6.300236213470754,13110.79156023264,2081
2022-05-25,6.545427660051875,13621.034960567951,2081
2022-05-29,6.476059174033554,13476.679141163826,2081
2022-05-30,6.262027530974347,13031.279291957617,2081
2022-05-31,6.410847824662995,13340.974323123692,2081
2022-06-01,6.570323610652358,13672.843433767555,2081
2022-06-04,6.605114682714049,13745.243654727936,2081
2022-06-05,5.877664171635446,12231.419141173365,2081
2022-06-06,6.171887626431986,12843.698150604963,2081
2022-06-07,5.40209501222714,11241.75972044468,2081
2022-06-08,4.8933184633943565,10182.995722323656,2081
2022-06-09,6.592500412323795,13718.993358045816,2081
2022-06-10,6.15984056383042,12818.628213331103,2081
2022-06-12,5.745840221403569,11957.093500740826,2081
2022-06-13,5.830225327359857,12132.698906235864,2081
2022-06-16,5.6356857604962975,11727.862067592796,2081
2022-06-17,5.48079298865784,11405.530209396966,2081
2022-06-18,6.004392906264409,12495.141637936234,2081
2022-06-19,7.550572024951906,15712.740383924916,2081
2022-06-20,6.327940386986286,13168.44394531846,2081
2022-06-22,5.059174132355699,10528.141369432213,2081
2022-06-23,6.205912946394463,12914.504841446877,2081
2022-06-24,7.389747099353001,15378.063713753596,2081
2022-06-25,7.3157160874744385,15224.005178034306,2081
2022-06-26,6.810387982650767,14172.417391896248,2081
2022-06-27,6.362640790215253,13240.655484437944,2081
2022-06-29,6.802437543439384,14155.872527897358,2081
2022-06-30,6.589861246326232,13713.501253604887,2081
2022-07-01,5.567694378337397,11586.372001320124,2081
2022-07-02,6.802363619802664,14155.718692809343,2081
2022-07-03,4.424836122749059,9208.083971440792,2081
2022-07-04,6.174127425083686,12848.35917159915,2081
2022-07-05,5.888499774776332,12253.968031309543,2081
2022-07-06,5.9538884622325465,12390.04188990593,2081
2022-07-07,5.27857463353245,10984.71381238103,2081
2022-07-08,5.016802975588381,10439.96699219942,2081
2022-07-09,5.519514184149545,11486.109017215203,2081
2022-07-10,6.097948156821719,12689.830114345998,2081
2022-07-11,6.398021160983398,13314.28203600645,2081
2022-07-13,5.052286482644225,10513.808170382632,2081
2022-07-14,5.218231324903293,10859.139387123752,2081
2022-07-15,6.17448446657983,12849.102174952626,2081
2022-07-16,5.620601273810308,11696.471250799252,2081
2022-07-17,5.7199082939927175,11903.129159798846,2081
2022-07-18,6.369632783587996,13255.205822646618,2081
2022-07-19,5.709748230749228,11881.986068189144,2081
2022-07-20,5.371749894552073,11178.611530562865,2081
2022-07-21,5.017619281606225,10441.665725022554,2081
2022-07-22,5.863013152776,12200.930370926855,2081
2022-07-23,5.074489727301245,10560.01312251389,2081
2022-07-24,5.684847137436507,11830.166893005371,2081
2022-07-25,6.023170930399223,12534.218706160784,2081
2022-07-26,5.964041617191014,12411.1706053745,2081
2022-08-11,6.413437589194763,13346.363623114305,2081
2022-08-12,5.660968317796742,11780.475069335022,2081
2022-08-13,6.307188493505761,13125.259254985487,2081
2022-08-14,6.502058115488403,13530.782938331366,2081
2022-08-15,4.835849773770011,10063.403379215391,2081
2022-08-16,5.563326036075111,11577.281481072308,2081
2022-08-17,6.341311049411778,13196.26829382591,2081
2022-08-18,5.3440843862676095,11121.039607822897,2081
2022-08-19,5.967270494610114,12417.889899283648,2081
2022-08-20,6.325696244456343,13163.77388471365,2081
2022-08-22,6.15480222804172,12808.14343655482,2081
2022-08-23,5.4164583906996775,11271.649911046028,2081
2022-08-24,5.185393234790947,10790.80332159996,2081
2022-08-25,6.300794548108451,13111.953454613686,2081
2022-08-26,5.452139900545269,11345.903133034706,2081
2022-08-27,6.979080682257902,14523.466899778694,2081
2022-08-28,6.728359261821241,14001.715623850005,2081
2022-08-29,5.277699779828313,10982.89324182272,2081
2022-08-30,5.191015586722418,10802.503435969353,2081
2022-09-01,6.304449067951853,13119.558510407804,2081
2022-09-02,6.952053068800042,14467.222436172888,2081
2022-09-03,5.613904288902356,11682.534825205805,2081
2022-09-04,4.9028440958129735,10202.818563386798,2081
2022-09-05,5.178810767818677,10777.105207830667,2081
2022-09-06,5.84220586519452,12157.630405469798,2081
2022-09-07,6.270921186487164,13049.786989079788,2081
2022-09-08,6.173792347963586,12847.661876112224,2081
2022-09-09,4.480632045858861,9324.195287432289,2081
2022-09-10,4.583452771702122,9538.165217912116,2081
2022-09-11,5.235947177592204,10896.006076569378,2081
2022-09-12,6.277476987509945,13063.429611008196,2081
2022-09-13,5.878077916029423,12232.28014325723,2081
2022-09-14,5.2397513032480605,10903.922462059214,2081
2022-09-15,4.986122524873177,10376.12097426108,2081
2022-09-16,4.935173521671357,10270.096098598093,2081
2022-09-17,6.162532609523574,12824.230360418558,2081
2022-09-19,6.124566569415953,12745.2230309546,2081
2022-09-21,6.101689686774062,12697.616238176824,2081
2022-09-22,6.160873681134985,12820.778130441904,2081
2022-09-23,6.991680582968276,14549.68729315698,2081
2022-09-25,5.425025739216106,11289.478563308716,2081
2022-09-26,6.2480815943475525,13002.257797837256,2081
2022-09-28,6.1957084981367485,12893.269384622574,2081
2022-09-29,6.249548212087595,13005.309829354286,2081
2022-10-01,4.792544157845306,9973.284392476082,2081
2022-10-02,5.40022507859846,11237.868388563396,2081
2022-10-03,6.311043838521485,13133.28222796321,2081
2022-10-04,6.139681640165692,12776.677493184803,2081
2022-10-05,6.04250486946232,12574.452633351088,2081
2022-10-08,5.358871317688323,11151.811212109402,2081
2022-10-09,5.9834869540959295,12451.63635147363,2081
2022-10-10,6.03511511596839,12559.07455633022,2081
2022-10-11,6.051569077031886,12593.315249303356,2081
2022-10-13,5.490227690801326,11425.16382455756,2081
2022-10-14,6.785235692805564,14120.07547672838,2081
2022-10-16,5.149702071384533,10716.530010551214,2081
2022-10-17,4.993898139041184,10392.302027344704,2081
2022-10-18,5.313024610882479,11056.40421524644,2081
2022-10-19,6.125801507811429,12747.792937755585,2081
2022-10-20,5.787904958708363,12044.630219072104,2081
2022-10-21,5.168253418274764,10755.135363429785,2081
2022-10-22,5.196376649592142,10813.659807801248,2081
2022-10-23,5.157190992475874,10732.114455342293,2081
2022-10-27,5.858655815533237,12191.862752124667,2081
2022-10-31,6.098610306827281,12691.208048507571,2081
2022-11-01,5.671292672559425,11801.960051596165,2081
2022-11-02,5.8685842225653,12212.52376715839,2081
2022-11-03,5.349396581547169,11132.09428619966,2081
2022-11-04,5.990590708996208,12466.419265421107,2081
2022-11-05,5.869575842269793,12214.587327763438,2081
2022-11-07,5.875545266405257,12227.009699389338,2081
2022-11-13,4.48390227333378,9331.000630807595,2081
2022-11-14,5.443702620689984,11328.345153655857,2081
2022-11-15,6.046503519285819,12582.77382363379,2081
2022-11-16,5.81542703114783,12101.903651818631,2081
2022-11-17,5.269586842723731,10966.010219708083,2081
2022-11-18,4.782180039248805,9951.716661676764,2081
2022-11-19,5.124938788278237,10664.997618407013,2081
2022-11-20,6.38239283167302,13281.759482711554,2081
2022-11-21,6.52236187416507,13573.03506013751,2081
2022-11-22,5.974129625004911,12432.16374963522,2081
2022-11-23,5.975083632173589,12434.149038553238,2081
2022-11-24,5.974128373536509,12432.161145329475,2081
2022-11-25,5.971023701435668,12425.700322687626,2081
2022-11-26,7.137556393349303,14853.254854559898,2081
2022-11-27,5.540050712014436,11528.845531702042,2081
2022-11-28,6.19654860703032,12895.017651230097,2081
2022-11-29,4.776987718338579,9940.911441862583,2081
2022-11-30,4.890600977845916,10177.340634897351,2081
2022-12-01,6.275289795637589,13058.878064721825,2081
2022-12-02,6.149519256606577,12797.149572998283,2081
2022-12-04,5.028840763144847,10465.017628104426,2081
2022-12-05,4.878751135665962,10152.681113320868,2081
2022-12-06,5.768270698979446,12003.771324576228,2081
2022-12-07,5.989762992558326,12464.696787513876,2081
2022-12-08,6.092725156264443,12678.961050186306,2081
2022-12-09,4.458366394373138,9277.8604666905,2081
2022-12-10,5.037546053893331,10483.133338152023,2081
2022-12-11,5.781505577602651,12031.313106991118,2081
2022-12-12,6.805647161818328,14162.55174374394,2081
2022-12-13,6.167452085324631,12834.467789560556,2081
2022-12-15,6.130710216571167,12758.007960684596,2081
2022-12-16,5.657801429800607,11773.884775415065,2081
2022-12-17,6.921244021105915,14403.10880792141,2081
2022-12-18,6.073058202669404,12638.03411975503,2081
2022-12-19,5.866053089621204,12207.256479501724,2081
2022-12-20,5.276483033036796,10980.361191749573,2081
2022-12-22,6.344289937453565,13202.46735984087,2081
2022-12-23,6.895369068998262,14349.263032585382,2081
2022-12-24,5.55714436100974,11564.417415261269,2081
2022-12-25,5.093988467543128,10600.59000095725,2081
2022-12-26,5.467085467706085,11377.004858296365,2081
2022-12-27,6.699097125734176,13940.82111865282,2081
2022-12-28,7.929118115564111,16500.494798488915,2081
2022-12-29,6.587225406832101,13708.016071617603,2081
2022-12-30,4.891122203114398,10178.425304681065,2081
2022-12-31,5.150291971443423,10717.757592573762,2081
2023-01-01,6.782947198872923,14115.313120854553,2081
2023-01-02,6.741044394233332,14028.113384399565,2081
2023-01-03,6.416245981709873,13352.207887938246,2081
2023-01-04,6.393177311017157,13304.201984226704,2081
2023-01-07,5.970052485527441,12423.679222382603,2081
2023-01-08,6.20194315837749,12906.243712583557,2081
2023-01-09,5.561618989839002,11573.729117854964,2081
2023-01-10,4.94794538033989,10296.674336487313,2081
2023-01-11,4.699863553442579,9780.416054714004,2081
2023-01-12,5.678375279662011,11816.698956976645,2081
2023-01-13,7.248308421734224,15083.72982562892,2081
2023-01-14,6.15493064117741,12808.41066429019,2081
2023-01-15,5.183161024790095,10786.158092588186,2081
2023-01-16,4.938639822858621,10277.30947136879,2081
2023-01-17,5.371508375347262,11178.108929097652,2081
2023-01-18,6.5455399735050666,13621.268684864044,2081
2023-01-19,6.584867792052755,13703.109875261784,2081
2023-01-20,5.676930306695048,11813.691968232391,2081
2023-01-21,6.486866363076738,13499.16890156269,2081
2023-01-23,5.708166423023234,11878.69432631135,2081
2023-01-24,6.630450171870947,13797.96680766344,2081
2023-01-25,5.4740945591427055,11391.59077757597,2081
2023-01-26,4.965028700169492,10332.224725052714,2081
2023-01-27,5.165697866351716,10749.81725987792,2081
2023-01-28,6.095765585655321,12685.288183748722,2081
2023-01-29,8.001650168310272,16651.434000253677,2081
2023-01-30,6.244879517616531,12995.594276160002,2081
2023-01-31,5.402511963831124,11242.627396732569,2081
2023-02-01,5.216405987603512,10855.340860202909,2081
2023-02-02,5.837067916678233,12146.938334607405,2081
2023-02-03,7.2375095223695585,15061.257316051053,2081
2023-02-04,6.709430960257632,13962.325828296132,2081
2023-02-05,6.01042859820342,12507.701912861316,2081
2023-02-06,6.675418444017216,13891.545781999826,2081
2023-02-07,6.134486849135588,12765.867133051155,2081
2023-02-08,6.675041362063235,13890.761074453592,2081
2023-02-09,6.809656608715503,14170.895402736962,2081
2023-02-10,6.519742351143493,13567.583832729608,2081
2023-02-11,5.414287379787978,11267.132037338784,2081
2023-02-12,5.754364235119886,11974.831973284485,2081
2023-02-13,6.346189695759956,13206.420756876469,2081
2023-02-14,7.147783755540046,14874.537995278835,2081
2023-02-15,6.25983405259296,13026.71466344595,2081
2023-02-16,5.48217808408327,11408.412592977284,2081
2023-02-17,5.475583478228396,11394.689218193293,2081
2023-02-18,6.208875047629238,12920.668974116445,2081
2023-02-19,7.422022033488161,15445.227851688862,2081
2023-02-20,7.239668513005998,15065.75017556548,2081
2023-02-21,5.4883037978127165,11421.160203248262,2081
2023-02-22,5.626855196709647,11709.485664352776,2081
2023-02-23,6.715906551305575,13975.801533266902,2081
2023-02-24,7.434525850736024,15471.248295381663,2081
2023-02-25,6.795409264643567,14141.246679723265,2081
2023-02-26,5.837363703084187,12147.553866118193,2081
2023-02-27,5.281757543961742,10991.337448984385,2081
2023-02-28,5.49594700257332,11437.065712355075,2081
2023-03-01,6.599730363420888,13734.038886278868,2081
2023-03-02,7.477390396388597,15560.449414884672,2081
2023-03-03,6.11689006654364,12729.248228477314,2081
2023-03-04,5.482277201488166,11408.618856296876,2081
2023-03-05,5.5946980079990425,11642.566554646008,2081
2023-03-06,5.601555896720548,11656.83782107546,2081
2023-03-07,6.618802718096983,13773.728456359822,2081
2023-03-08,5.897772462308856,12273.26449406473,2081
2023-03-09,6.678352761002242,13897.652095645666,2081
2023-03-10,4.603726216918036,9580.354257406434,2081
2023-03-11,6.506326922801346,13539.6663263496,2081
2023-03-12,6.4327166343281466,13386.483316036873,2081
2023-03-13,6.693596543385283,13929.374406784773,2081
2023-03-14,5.872091180613154,12219.821746855974,2081
2023-03-15,5.537008451139451,11522.514586821198,2081
2023-03-16,5.64621373728913,11749.77078729868,2081
2023-03-17,6.815197716605371,14182.426448255776,2081
2023-03-18,9.248355523918985,19245.8278452754,2081
2023-03-19,6.768543614827344,14085.339262455702,2081
2023-03-20,6.026193887740016,12540.509480386972,2081
2023-03-21,5.89859557034361,12274.977381885052,2081
2023-03-22,5.738860165368244,11942.568004131315,2081
2023-03-23,8.026718322529579,16703.600829184055,2081
2023-03-24,7.108213498608416,14792.192290604116,2081
2023-03-25,6.605981919296884,13747.048374056816,2081
2023-03-26,5.580117172100176,11612.223835140469,2081
2023-03-27,6.438488811841669,13398.495217442513,2081
2023-03-28,7.342269121053871,15279.262040913103,2081
2023-03-29,7.634508444978205,15887.412073999643,2081
2023-03-30,6.16606929724976,12831.590207576752,2081
2023-03-31,5.714734249436357,11892.36197307706,2081
2023-04-01,5.63538389820883,11727.233892172577,2081
2023-04-02,7.083636978264327,14741.048551768064,2081
2023-04-03,7.316699662180023,15226.051996996626,2081
2023-04-04,6.552295058016907,13635.326015733182,2081
2023-04-05,5.855084629625338,12184.431114250328,2081
2023-04-06,6.4001108771284025,13318.630735304208,2081
2023-04-07,7.123532496281738,14824.071124762297,2081
2023-04-09,6.215135373701447,12933.69671267271,2081
2023-04-10,7.125224527675106,14827.592242091894,2081
2023-04-11,5.758344086472452,11983.114043949172,2081
2023-04-12,6.149939567552399,12798.024240076542,2081
2023-04-13,7.17365497366446,14928.376000195742,2081
2023-04-14,7.14441589801315,14867.529483765364,2081
2023-04-15,6.739185739929776,14024.245524793863,2081
2023-04-16,6.5904807520565765,13714.790445029736,2081
2023-04-17,7.113263364138367,14802.701060771942,2081
2023-04-18,6.933515349441512,14428.645442187786,2081
2023-04-19,8.647939860648917,17996.362850010395,2081
2023-04-20,6.698764172784988,13940.12824356556,2081
2023-04-21,6.667851240459627,13875.798431396484,2081
2023-04-22,6.520102149445755,13568.332572996616,2081
2023-04-23,7.478935540323931,15563.6648594141,2081
2023-04-24,7.533685498430086,15677.59952223301,2081
2023-04-25,7.473333577448677,15552.007174670696,2081
2023-04-26,7.483165809679696,15572.468049943447,2081
2023-04-27,5.665596199760295,11790.105691701174,2081
2023-04-28,6.180744037998806,12862.128343075514,2081
2023-04-29,7.337295048457966,15268.910995841026,2081
2023-04-30,8.20816778791518,17081.197166651487,2081
2023-05-01,6.753346369268372,14053.713794447482,2081
2023-05-02,5.907090760233997,12292.655872046947,2081
2023-05-03,5.87854324362712,12233.248489988036,2081
2023-05-04,6.160101506913999,12819.171235888032,2081
2023-05-05,6.7588577956782006,14065.183072806336,2081
2023-05-06,5.767810322917149,12002.813281990588,2081
2023-05-07,5.8004245857460806,12070.683562937593,2081
2023-05-08,6.183037844144841,12866.901753665414,2081
2023-05-09,6.334105846931257,13181.274267463945,2081
2023-05-10,7.100468230863844,14776.07438842766,2081
2023-05-11,6.689861648217925,13921.602089941502,2081
2023-05-12,7.352875591957013,15301.334106862543,2081
2023-05-13,5.950581046121158,12383.15915697813,2081
2023-05-14,6.387742468996841,13292.892077982426,2081
2023-05-15,7.325132629952712,15243.601002931597,2081
2023-05-17,6.098334630311308,12690.634365677834,2081
2023-05-18,5.676636685550585,11813.080942630768,2081
2023-05-19,5.988145957681664,12461.331737935545,2081
2023-05-20,6.975660147001284,14516.348765909672,2081
2023-05-21,6.968156090368736,14500.73282405734,2081
2023-05-22,7.143563397354028,14865.755429893732,2081
2023-05-24,5.180074558413871,10779.735156059263,2081
2023-05-25,6.081883432772342,12656.399423599243,2081
2023-05-26,7.720676099291677,16066.72696262598,2081
2023-05-27,6.910251402213332,14380.233168005943,2081
2023-05-28,6.26117038062305,13029.495562076569,2081
2023-05-29,5.671283341997922,11801.940634697676,2081
2023-05-30,5.947895148148736,12377.56980329752,2081
2023-05-31,6.705842884843708,13954.859043359756,2081
2023-06-01,6.73380810219449,14013.054660666734,2081
2023-06-02,5.53653601340802,11521.531443902088,2081
2023-06-03,6.258414703728752,13023.760998459533,2081
2023-06-04,5.7986580860121455,12067.007476991275,2081
2023-06-05,5.680062315052179,11820.209677623585,2081
2023-06-06,5.608476052161056,11671.238664547156,2081
2023-06-07,5.944421308019352,12370.340741988271,2081
2023-06-08,5.309146627426753,11048.334131675074,2081
2023-06-09,5.965351142885198,12413.895728344098,2081
2023-06-10,6.463441609763458,13450.421989917755,2081
2023-06-11,7.265912237819258,15120.363366901876,2081
2023-06-12,7.28553447347888,15161.19723930955,2081
2023-06-13,5.265735550612169,10957.995680823922,2081
2023-06-14,5.651144852350676,11760.032437741756,2081
2023-06-15,6.692718606136099,13927.54741936922,2081
2023-06-16,5.993834548146034,12473.169694691896,2081
2023-06-17,7.257949892401065,15103.793726086617,2081
2023-06-18,6.147525226830691,12792.999997034667,2081
2023-06-19,5.2430920139606725,10910.87448105216,2081
2023-06-20,5.558849822853346,11567.966481357813,2081
2023-06-21,6.621340983622009,13779.0105869174,2081
2023-06-22,5.739325896442538,11943.537190496922,2081
2023-06-23,6.6328646840383545,13802.991407483816,2081
2023-06-24,6.307546433120436,13126.004127323627,2081
2023-06-25,5.616753392999187,11688.463810831308,2081
2023-06-26,6.209580774091861,12922.137590885162,2081
2023-06-27,6.518487513824359,13564.972516268492,2081
2023-06-29,5.553133889724863,11556.07162451744,2081
2023-06-30,5.441112393500343,11322.954890874214,2081
2023-07-01,6.451586724831358,13425.751974374056,2081
2023-07-02,6.314792530940768,13141.083256887738,2081
2023-07-03,6.276227690793255,13060.829824540764,2081
2023-07-04,6.418345526509714,13356.577040666714,2081
2023-07-05,5.362177211861988,11158.690777884796,2081
2023-07-06,4.870537098005086,10135.587700948585,2081
2023-07-07,6.426279652614911,13373.08795709163,2081
2023-07-08,6.495633263346783,13517.412821024656,2081
2023-07-09,5.727339439598888,11918.593373805285,2081
2023-07-10,5.005879472277017,10417.235181808472,2081
2023-07-11,6.260513533041031,13028.128662258388,2081
2023-07-12,5.578603612107763,11609.074116796255,2081
2023-07-13,6.442149690714437,13406.113506376743,2081
2023-07-14,6.467924932128017,13459.751783758402,2081
2023-07-15,5.736488735214671,11937.63305798173,2081
2023-07-16,5.728013164460917,11919.995395243168,2081
2023-07-17,5.721355595679194,11906.140994608402,2081
2023-07-18,6.252164514190242,13010.754354029894,2081
2023-07-19,6.529683869527201,13588.272132486103,2081
2023-07-20,5.799730197991504,12069.23854202032,2081
2023-07-21,5.718098357713664,11899.362682402134,2081
2023-07-22,6.34709826676047,13208.311493128538,2081
2023-07-23,6.3585863934721525,13232.21828481555,2081
2023-07-24,5.967917558008063,12419.23643821478,2081
2023-07-25,6.367520867732784,13250.810925751925,2081
2023-07-28,5.891449751589288,12260.106933057308,2081
2023-07-29,5.7149590624828415,11892.829809026793,2081
2023-07-30,6.328784608912727,13170.200771147383,2081
2023-07-31,6.260475622528537,13028.049770481884,2081
2023-08-01,4.889949702451109,10175.98533080076,2081
2023-08-02,4.494383181703081,9352.811401124112,2081
2023-08-03,6.3202451835581135,13152.430226984434,2081
2023-08-04,6.255717043022875,13018.147166530602,2081
2023-08-05,6.0845700441298005,12661.990261834117,2081
2023-08-06,5.363514677581594,11161.474044047296,2081
2023-08-07,5.485269360709712,11414.84553963691,2081
2023-08-08,5.7193455759978304,11901.958143651484,2081
2023-08-09,6.773703821930732,14096.077653437853,2081
2023-08-10,6.353356819465606,13221.335541307926,2081
2023-08-11,5.43681334174636,11314.008564174175,2081
2023-08-12,5.2953286107087125,11019.57883888483,2081
2023-08-13,6.008024528987817,12502.699044823648,2081
2023-08-14,6.737668926156753,14021.089035332205,2081
2023-08-15,6.140860048897389,12779.129761755466,2081
2023-08-16,5.52013027043597,11487.391092777252,2081
2023-08-17,6.317562406364397,13146.84736764431,2081
2023-08-18,5.206788236607387,10835.326320379972,2081
2023-08-19,6.2301092708786765,12964.857392698526,2081
2023-08-20,6.263660712533706,13034.67794278264,2081
2023-08-21,5.656694933865174,11771.582157373428,2081
2023-08-22,4.8839364885166825,10163.471832603216,2081
2023-08-23,6.094854275619451,12683.391747564076,2081
2023-08-24,6.111330166595135,12717.678076684477,2081
2023-08-28,5.920608613953346,12320.786525636911,2081
2023-08-29,5.942016915851871,12365.337201887742,2081
2023-08-30,5.792088295448104,12053.335742827505,2081
2023-08-31,5.300551047775665,11030.446730421158,2081
2023-09-02,4.449187678850293,9258.75955968746,2081
2023-09-03,5.6693223940207655,11797.859901957214,2081
2023-09-04,8.358878315113582,17394.825773751363,2081
2023-09-05,7.315404245381972,15223.356234639885,2081
2023-09-06,5.782155158025952,12032.664883852003,2081
2023-09-07,5.203292891132551,10828.052506446838,2081
2023-09-08,5.198037900198886,10817.116870313885,2081
2023-09-09,5.994098463349477,12473.718902230265,2081
2023-09-10,7.049003491059111,14668.976264894009,2081
2023-09-11,6.374351102620692,13265.02464455366,2081
2023-09-12,6.175569053583566,12851.359200507402,2081
2023-09-13,5.140091219754932,10696.529828310013,2081
2023-09-14,5.556383768135055,11562.834621489048,2081
2023-09-15,8.032382773957764,16715.388552606106,2081
2023-09-16,7.500919891429143,15609.414294064043,2081
2023-09-17,6.041550791045899,12572.467196166515,2081
2023-09-18,5.246965078165301,10918.934327661991,2081
2023-11-19,7.099247501739684,14773.53405112028,2081
2023-11-20,5.992926076362478,12471.279164910316,2081
2023-11-21,5.2172119940690616,10857.018159657717,2081
2023-11-22,5.822426183644193,12116.468888163568,2081
2023-11-23,6.999143994667964,14565.218652904034,2081
2023-11-24,7.027118590333244,14623.433786483482,2081
2023-11-25,6.589918949704837,13713.621334335769,2081
2023-11-26,5.939844918362564,12360.817275112497,2081
2023-11-27,6.180780928598792,12862.205112414083,2081
2023-11-28,5.749102489585983,11963.882280828431,2081
2024-01-01,6.981019552140096,14527.50168800354,2081
2024-01-02,5.415979999797584,11270.654379578771,2081
2024-01-03,5.567594092852153,11586.163307225332,2081
2024-01-04,6.027155235144796,12542.51004433632,2081
2024-01-05,7.848214844060038,16332.13509048894,2081
2024-01-06,6.743560144959706,14033.348661661148,2081
2024-01-07,5.701713556455111,11865.265910983086,2081
2024-01-08,5.391795492971362,11220.326420873404,2081
2024-01-09,7.156962587570182,14893.639144733548,2081
2024-01-10,7.004764764627432,14576.915475189686,2081
2024-01-11,6.983224448691991,14532.090077728031,2081
2024-01-12,5.2842148799540505,10996.45116518438,2081
2024-01-13,6.76695455000671,14082.032418563962,2081
2024-01-14,5.436226636085414,11312.787629693748,2081
2024-01-15,6.193614206624569,12888.91116398573,2081
2024-01-16,6.755839043973101,14058.901050508022,2081
2024-01-17,5.770342220485583,12008.082160830498,2081
2024-01-18,5.69648038994401,11854.375691473484,2081
2024-01-19,4.938224208248974,10276.444577366114,2081
2024-01-20,5.538752912178524,11526.14481024351,2081
2024-01-21,7.23207326270222,15049.94445968332,2081
2024-01-22,6.242411392095111,12990.458106949924,2081
2024-01-23,4.998157239080922,10401.165214527398,2081
2024-01-24,5.185042021915152,10790.072447605433,2081
2024-01-25,5.811871903790953,12094.505431788974,2081
2024-01-26,6.25437781300518,13015.360228863778,2081
2024-01-27,6.774709526873706,14098.170525424182,2081
2024-01-28,5.428405062976423,11296.510936053935,2081
2024-01-29,5.319344870142452,11069.556674766442,2081
2024-01-30,5.1585982541100766,10735.04296680307,2081
2024-02-01,6.99819215182582,14563.23786794953,2081
2024-02-02,6.267497562147688,13042.662426829338,2081
2024-02-03,5.573150752370945,11597.726715683935,2081
2024-02-04,5.338378099682582,11109.164825439451,2081
2024-02-05,5.877136184089691,12230.320399090648,2081
2024-02-06,7.150763352291908,14880.73853611946,2081
2024-02-07,6.743338100214752,14032.886586546898,2081
2024-02-08,5.629867402336335,11715.754064261911,2081
2024-02-09,5.141468971867449,10699.39693045616,2081
2024-02-10,5.593003522033648,11639.04032935202,2081
2024-02-11,7.213083309602531,15010.426367282867,2081
2024-02-12,6.85619731060534,14267.746603369713,2081
2024-02-13,6.064287610763772,12619.78251799941,2081
2024-02-14,5.692028992826809,11845.11233407259,2081
2024-02-15,5.722822069019037,11909.192725628614,2081
2024-02-16,6.20552274730846,12913.692837148905,2081
2024-02-17,7.765545062982136,16160.099276065826,2081
2024-02-18,6.997746180250689,14562.309801101685,2081
2024-02-19,6.192318480046523,12886.214756976811,2081
2024-02-20,6.201999181667625,12906.360297050329,2081
2024-02-21,5.922486116518908,12324.693608475847,2081
2024-02-22,6.906913641921895,14373.287288839463,2081
2024-02-23,6.892826152700038,14343.971223768778,2081
2024-02-24,5.958149086886659,12398.908249811138,2081
2024-02-25,5.7090141375941625,11880.458420333453,2081
2024-02-26,6.084225854082754,12661.27400234621,2081
2024-02-27,7.212677745033971,15009.582387415692,2081
2024-02-28,6.707409545450625,13958.11926408275,2081
2024-02-29,6.381571069185017,13280.04939497402,2081
2024-03-01,5.236376525455587,10896.899549473075,2081
2024-03-02,5.609760258944704,11673.91109886393,2081
2024-03-03,6.733597387951306,14012.616164326668,2081
2024-03-04,6.921760462514487,14404.183522492647,2081
2024-03-05,6.309942289621197,13130.98990470171,2081
2024-03-06,5.730697423398695,11925.581338092685,2081
2024-03-07,5.609041213309003,11672.414764896035,2081
2024-03-08,6.796023466444858,14142.524833671749,2081
2024-03-09,7.8461938895095376,16327.929484069347,2081
2024-03-10,6.741856794849088,14029.803990080953,2081
2024-03-11,5.353804540184471,11141.267248123884,2081
2024-03-12,5.899757940427779,12277.396274030209,2081
2024-03-13,5.9073780262945705,12293.253672719002,2081
2024-03-14,7.226147691442209,15037.613345891235,2081
2024-03-15,7.674110836460864,15969.824650675058,2081
2024-03-16,6.662567385296476,13864.802728801966,2081
2024-03-17,5.711795465482765,11886.246363669634,2081
2024-03-18,5.757211254858616,11980.75662136078,2081
2024-03-19,6.419105384411117,13358.158304959536,2081
2024-03-20,6.954564319518052,14472.448348917069,2081
2024-03-21,6.331793025110485,13176.461285254918,2081
2024-03-22,5.716632796256548,11896.312849009875,2081
2024-03-23,5.901784660551762,12281.613878608216,2081
2024-03-24,6.426117153639571,13372.749796723949,2081
2024-03-25,6.947097386579454,14456.909661471844,2081
2024-03-26,6.418989912951994,13357.9180088531,2081
2024-03-27,6.358731934811485,13232.5211563427,2081
2024-03-28,5.425439787488016,11290.340197762562,2081
2024-03-29,5.54850595670771,11546.440895908743,2081
2024-03-31,7.036830019308742,14643.643270181492,2081
2024-04-01,6.627607648151245,13792.05151580274,2081
2024-04-02,6.450140655785441,13422.742704689505,2081
2024-04-04,6.753314240141479,14053.646933734415,2081
2024-04-05,7.261812995641292,15111.83284392953,2081
2024-04-06,6.902309145006865,14363.705330759289,2081
2024-04-07,6.0859549287017405,12664.872206628324,2081
2024-04-08,5.920951914538104,12321.500934153795,2081
2024-04-09,6.225656648529429,12955.591485589744,2081
2024-04-10,7.700032228578002,16023.767067670822,2081
2024-04-11,6.970552971490813,14505.72073367238,2081
2024-04-12,5.888067787381561,12253.069065541027,2081
2024-04-13,5.923715139211571,12327.251204699278,2081
2024-04-14,6.48587246148246,13497.100592345,2081
2024-04-15,6.72500063631467,13994.726324170828,2081
2024-04-16,8.048772716940395,16749.49602395296,2081
2024-04-17,6.298034560459843,13106.209920316936,2081
2024-04-18,5.879714732764111,12235.686358882114,2081
2024-04-19,7.083055785603388,14739.83908984065,2081
2024-04-20,7.032782091387243,14635.219532176852,2081
2024-04-21,7.021958987438467,14612.69665285945,2081
2024-04-22,6.747148382776864,14040.815784558654,2081
2024-04-23,5.885556851328851,12247.84380761534,2081
2024-04-24,5.486395920575577,11417.189910717774,2081
2024-04-26,6.641949991915323,13821.897933175787,2081
2024-04-27,6.653921952425488,13846.81158299744,2081
2024-04-28,5.435868405874376,11312.042152624575,2081
2024-04-29,6.365439636755425,13246.47988408804,2081
2024-04-30,5.915832685184044,12310.847817867994,2081
2024-05-01,6.644045739306216,13826.259183496237,2081
2024-05-02,6.356073481168155,13226.988914310932,2081
2024-05-03,5.9943417801643895,12474.225244522097,2081
2024-05-04,6.86936060507844,14295.139419168234,2081
2024-05-05,7.103817945787506,14783.045145183802,2081
2024-05-06,6.267067569084662,13041.767611265182,2081
2024-05-07,7.106469724511711,14788.56349670887,2081
2024-05-08,6.615935409573166,13767.761587321758,2081
2024-05-09,7.045896176103788,14662.50994247198,2081
2024-05-12,6.5916612724138535,13717.247107893229,2081
2024-05-13,7.064984250947983,14702.232226222754,2081
2024-05-14,5.610561233108746,11675.5779260993,2081
2024-05-15,6.309964360224404,13131.035833626986,2081
2024-05-16,6.023465795722619,12534.832320898771,2081
2024-05-17,6.905164003830469,14369.646291971208,2081
2024-05-18,7.143390730417216,14865.396109998226,2081
2024-05-19,7.303718477172499,15199.03815099597,2081
2024-05-20,7.172659647059821,14926.304725531489,2081
2024-05-22,6.19506426966648,12891.928745175945,2081
2024-05-23,5.4686872226589776,11380.338110353332,2081
2024-05-24,6.354075104398281,13222.830292252824,2081
2024-05-26,7.283878359855911,15157.750866860151,2081
2024-05-27,6.168158760086661,12835.938379740342,2081
2024-05-28,7.154038066190346,14887.553215742111,2081
2024-05-29,7.2695155371676865,15127.861832845956,2081
2024-06-05,5.093751221279408,10600.096291482449,2081
2024-06-06,6.638789017789929,13815.319946020842,2081
2024-06-07,6.643087727362751,13824.265560641885,2081
2024-06-08,7.712845165789099,16050.430790007114,2081
2024-06-09,6.327924166230958,13168.410189926624,2081
2024-06-10,5.281962328264199,10991.763605117798,2081
2024-06-11,6.963976545997791,14492.035192221403,2081
2024-06-12,5.635894622669834,11728.296709775925,2081
2024-06-13,6.962419411530006,14488.794795393944,2081
2024-06-14,6.409447601756931,13338.060459256172,2081
2024-06-15,6.116330475460045,12728.083719432354,2081
2024-06-16,6.181829301970673,12864.38677740097,2081
2024-06-17,5.742977552536601,11951.136286828669,2081
2024-06-18,6.726921831538246,13998.72433143109,2081
2024-06-19,7.050000642424075,14671.0513368845,2081
2024-06-20,6.971637692927226,14507.978038981557,2081
2024-06-21,5.287931220839136,11004.18487056624,2081
2024-06-22,7.182361980495372,14946.49528141087,2081
2024-06-24,7.00401065635268,14575.346175869929,2081
2024-06-25,6.935664854980786,14433.118563215015,2081
2024-06-26,4.84459852462924,10081.609529753448,2081
2024-06-27,5.710891306242766,11884.364808291197,2081
2024-06-28,6.1897222959722455,12880.812097918242,2081
2024-06-29,6.616935424037647,13769.842617422342,2081
2024-06-30,5.7186870788766,11900.587811142206,2081
2024-07-02,5.515730451042408,11478.235068619251,2081
2024-07-03,4.751126536121167,9887.094321668148,2081
2024-07-04,6.744840395330295,14036.012862682344,2081
2024-07-05,6.093601192765257,12680.7840821445,2081
2024-07-06,6.202450480729213,12907.299450397491,2081
2024-07-07,5.084537670381478,10580.922892063856,2081
2024-07-08,5.243411267264882,10911.53884717822,2081
2024-07-09,4.608937928491576,9591.19982919097,2081
2024-07-17,6.49031830622364,13506.352395251391,2081
2024-07-18,5.433493361179571,11307.099684614688,2081
2024-07-19,5.214714715960366,10851.821323913522,2081
2024-07-20,5.782514946431402,12033.413603523746,2081
2024-07-21,6.559096490844522,13649.47979744745,2081
2024-07-22,5.267004847295845,10960.637087222654,2081
2024-07-23,5.068168657665924,10546.858976602787,2081
2024-07-30,5.795149133103447,12059.705345988274,2081
2024-07-31,7.80287891786755,16237.79102808237,2081
2024-08-01,7.557912725287524,15728.016381323338,2081
2024-08-02,6.533821860295199,13596.88329127431,2081
2024-08-03,6.049813790827746,12589.66249871254,2081
2024-08-04,6.102599604965574,12699.50977793336,2081
2024-08-05,6.909021864053093,14377.674499094486,2081
2024-08-06,7.154830024133274,14889.201280221345,2081
2024-08-07,6.439090505640655,13399.747342238205,2081
2024-08-08,5.972514884767482,12428.80347520113,2081
2024-08-09,5.241879833369,10908.35193324089,2081
2024-08-10,6.397508209206053,13313.214583357796,2081
2024-08-11,8.22386024245014,17113.85316453874,2081
2024-08-12,7.0846159460165365,14743.085783660412,2081
2024-08-13,7.0878235823629225,14749.760874897242,2081
2024-08-14,6.691830920670423,13925.70014591515,2081
2024-08-15,5.403734996531549,11245.172527782152,2081
2024-08-16,6.998357546101792,14563.582053437827,2081
2024-08-17,7.155845147855168,14891.313752686605,2081
2024-08-18,6.670471803841021,13881.251823793164,2081
2024-08-19,6.45784659090003,13438.778755662965,2081
2024-08-20,6.950979916975869,14464.989207226785,2081
2024-08-21,7.14170009966587,14861.877907404676,2081
2024-08-22,7.718442377212767,16062.07858697977,2081
2024-08-23,6.75511334166253,14057.390863999724,2081
2024-08-24,5.925705132035271,12331.3923797654,2081
2024-08-25,6.785760800069998,14121.168224945664,2081
2024-08-26,5.884156592952867,12244.929869934916,2081
2024-08-27,6.541918211154271,13613.731797412038,2081
2024-08-28,6.619424788511355,13775.02298489213,2081
2024-08-29,5.318752701203162,11068.32437120378,2081
2024-08-30,6.11859300873676,12732.792051181195,2081
2024-08-31,5.992317692254496,12470.013117581606,2081
2024-09-01,6.153073456877702,12804.545863762498,2081
2024-09-02,6.799259050857098,14149.258084833622,2081
2024-09-03,5.794804390886837,12058.987937435508,2081
2024-09-04,5.795908384794859,12061.2853487581,2081
2024-09-05,5.958852925033079,12400.372936993836,2081
2024-09-06,7.042881564949207,14656.2365366593,2081
2024-09-07,7.435859103484374,15474.022794350982,2081
2024-09-08,6.511268709619305,13549.950184717774,2081
2024-09-09,6.9182912593833645,14396.964110776782,2081
2024-09-10,6.93126645693551,14423.965496882796,2081
2024-09-11,6.3998924962521055,13318.176284700632,2081
2024-09-12,7.898445419727295,16436.6649184525,2081
2024-09-13,6.422105997879593,13364.402581587434,2081
2024-09-14,6.396674509593884,13311.47965446487,2081
2024-09-15,5.203787126716679,10829.08101069741,2081
2024-09-16,5.599921508786355,11653.436659784404,2081
2024-09-17,6.4093520695161015,13337.861656663008,2081
2024-09-18,6.87444435665742,14305.71870620409,2081
2024-09-19,5.530224729391555,11508.397661863826,2081
2024-09-20,5.619693499785731,11694.582173054108,2081
2024-09-21,6.819440098922451,14191.25484585762,2081
2024-09-22,6.956264760076308,14475.986965718796,2081
2024-09-23,7.165530273600417,14911.468499362469,2081
2024-09-24,6.745570764797688,14037.53276154399,2081
2024-09-25,6.979530148412218,14524.402238845823,2081
2024-09-28,8.557081591533045,17807.286791980267,2081
2024-09-29,6.901808066473507,14362.662586331367,2081
2024-09-30,5.412098766003361,11262.577532052994,2081
2024-10-01,5.133492796753875,10682.798510044811,2081
2024-10-02,5.88123383905411,12238.847619071605,2081
2024-10-03,7.068756472132295,14710.082218507305,2081
2024-10-04,7.303435230830837,15198.448715358973,2081
2024-10-05,5.676214409088804,11812.2021853138,2081
2024-10-06,6.94343352689444,14449.28516946733,2081
2024-10-07,6.948477214851212,14459.781084105372,2081
2024-10-08,6.650104979220518,13838.868461757898,2081
2024-10-09,7.499253735855644,15605.947024315596,2081
2024-10-10,5.924292617638142,12328.452937304974,2081
2024-10-11,5.191072230346784,10802.621311351655,2081
2024-10-12,5.61434251211802,11683.4467677176,2081
2024-10-13,6.446197127858029,13414.53622307256,2081
2024-10-14,8.263734652152918,17196.83181113022,2081
2024-10-15,6.290356251667578,13090.23135972023,2081
2024-10-16,5.2957085411012494,11020.3694740317,2081
2024-10-17,4.919314857400827,10237.09421825112,2081
2024-10-18,5.325879200622778,11083.154616496002,2081
2024-10-19,7.197351590700713,14977.688660248185,2081
2024-10-20,6.6004205791316375,13735.475225172935,2081
2024-10-21,5.612110184649689,11678.801294256002,2081
2024-10-22,5.157503633801089,10732.765061940068,2081
2024-10-23,6.02317801861165,12534.233456730844,2081
2024-10-24,6.520708220945076,13569.593807786703,2081
2024-10-25,7.319554177644103,15231.992243677378,2081
2024-10-26,6.474087039634392,13472.57512947917,2081
2024-10-27,5.15462745272486,10726.779729120432,2081
2024-10-28,6.535972039597015,13601.357814401388,2081
2024-10-29,6.569390942361824,13670.902551054956,2081
2024-10-30,7.991424921540215,16630.155261725187,2081
2024-10-31,6.433590030581375,13388.30085363984,2081
2024-11-01,5.257125019969876,10940.077166557312,2081
2024-11-02,5.114789684182718,10643.877332784235,2081
2024-11-07,6.231471908931718,12967.693042486906,2081
2024-11-08,6.428600496287131,13377.91763277352,2081
2024-11-10,6.389113237863834,13295.744647994636,2081
2024-11-11,6.372526893108468,13261.22846455872,2081
2024-11-12,5.410908655348067,11260.10091177933,2081
2024-11-13,5.240155491740037,10904.763578311016,2081
2024-11-14,6.489533348480246,13504.718898187391,2081
2024-11-15,6.344185994033546,13202.251053583808,2081
2024-11-16,6.1705083193321,12840.8278125301,2081
2024-11-17,6.335230296363107,13183.614246731624,2081
2024-11-18,6.428269595702584,13377.22902865708,2081
2024-11-21,6.753047506865123,14053.09186178632,2081
2024-11-22,5.219820319929557,10862.446085773408,2081
2024-11-23,6.353034423563069,13220.664635434749,2081
2024-11-24,5.283960185590585,10995.921146214008,2081
2024-11-25,6.606551903040864,13748.234510228038,2081
2024-11-26,7.544959611499728,15701.060951530932,2081
2024-11-27,6.0695157946158576,12630.6623685956,2081
2024-11-28,5.308149217635551,11046.25852189958,2081
2024-11-29,5.63363101993943,11723.586152493954,2081
2024-11-30,7.294016583672743,15178.848510622978,2081
2024-12-01,8.211863316182926,17088.88756097667,2081
2024-12-02,6.832948191572072,14219.365186661482,2081
2024-12-03,5.8948311896664425,12267.143705695868,2081
2024-12-04,5.2879044868442255,11004.129237122834,2081
2024-12-05,6.22523857317847,12954.721470784396,2081
2024-12-06,6.59324659421818,13720.546162568033,2081
2024-12-07,7.066558347584421,14705.50792132318,2081
2024-12-08,5.483404075094051,11410.96388027072,2081
2024-12-09,5.673355836369337,11806.25349548459,2081
2024-12-10,6.055544281051687,12601.58764886856,2081
2024-12-11,7.651492488765189,15922.75586912036,2081
2024-12-12,6.502061193553818,13530.789343785496,2081
2024-12-13,6.393687929667206,13305.264581637455,2081
2024-12-14,6.623828103165252,13784.18628268689,2081
2024-12-15,5.591518967180253,11635.950970702106,2081
2024-12-16,6.471414171881591,13467.01289168559,2081
2024-12-17,7.24036892285494,15067.20772846113,2081
2024-12-18,6.197183983967933,12896.339870637268,2081
2024-12-19,6.103789516290089,12701.985983399674,2081
2024-12-20,5.64963044232547,11756.880950479304,2081
2024-12-21,6.38142775318772,13279.751154383644,2081
2024-12-22,7.586211359653763,15786.90583943948,2081
2024-12-23,6.736632851594661,14018.932964168487,2081
2024-12-24,5.724975492721105,11913.67400035262,2081
2024-12-25,6.096348594252963,12686.501424640415,2081
2024-12-26,6.504642516739778,13536.161077335477,2081
2024-12-27,6.660617453405514,13860.744920536876,2081
2024-12-28,7.528814269996847,15667.462495863438,2081
2024-12-29,6.441145841644496,13404.024496462196,2081
2024-12-30,6.715383082184294,13974.712194025517,2081
2025-01-02,7.790512134951612,16212.055752834303,2081
2025-01-03,6.860771331067901,14277.265139952302,2081
2025-01-04,5.470927399942532,11384.99991928041,2081
2025-01-05,5.694432385588724,11850.113794410136,2081
2025-01-06,6.791768870742947,14133.671020016074,2081
2025-01-07,5.93751206297422,12355.962603049353,2081
2025-01-08,6.9845250688138805,14534.796668201683,2081
2025-01-09,5.468868008888595,11380.714326497167,2081
2025-01-10,5.676600427636657,11813.005489911884,2081
2025-01-11,6.182615749490786,12866.023374690323,2081
2025-01-12,7.037735746699473,14645.528088881603,2081
2025-01-13,6.725590190183034,13995.953185770892,2081
2025-01-14,5.8491996296193705,12172.18442923791,2081
2025-01-15,5.067035630278176,10544.501146608884,2081
2025-01-16,6.170842194999088,12841.5226077931,2081
2025-01-17,6.299653397520386,13109.578720239922,2081
2025-01-18,7.742557502209385,16112.26216209773,2081
2025-01-19,6.733125361572308,14011.633877431974,2081
2025-01-20,5.40580677465571,11249.483898058534,2081
2025-01-21,5.748553457187023,11962.739744406192,2081
2025-01-22,6.262112347209528,13031.455794543028,2081
2025-01-23,7.854382269830048,16344.969503516331,2081
2025-01-24,7.173556141912443,14928.170331319794,2081
2025-01-25,5.447003375712007,11335.214024856688,2081
2025-01-26,5.186452715446862,10793.00810084492,2081
2025-01-27,6.163124637462553,12825.462370559571,2081
2025-01-28,6.796628935672728,14143.784815134946,2081
2025-01-29,6.79222282868976,14134.615706503391,2081
2025-01-30,5.878848901395326,12233.884563803673,2081
2025-01-31,5.723065582678216,11909.699477553368,2081
2025-02-01,5.587944271980083,11628.512029990554,2081
2025-02-02,6.537945519597527,13605.464626282454,2081
2025-02-03,7.226792805296034,15038.955827821046,2081
2025-02-04,6.938796760542126,14439.636058688164,2081
2025-02-05,5.868897045366842,12213.174751408398,2081
2025-02-06,5.758997911206952,11984.474653221669,2081
2025-02-07,6.339327646377337,13192.14083211124,2081
2025-02-08,7.143969406865641,14866.6003356874,2081
2025-02-09,6.781795709557493,14112.916871589145,2081
2025-02-10,5.489193908726561,11423.012524059974,2081
2025-02-11,6.805183599868155,14161.58707132563,2081
2025-02-12,5.370928239959871,11176.901667356493,2081
2025-02-13,6.507377516704754,13541.852612262592,2081
2025-02-14,6.939516460056005,14441.133753376547,2081
2025-02-15,6.818345254270118,14188.976474136114,2081
2025-02-16,6.787353560622963,14124.482759656385,2081
2025-02-17,5.893729493790832,12264.85107657872,2081
2025-02-18,6.468469639679758,13460.885320173576,2081
2025-02-19,6.573889532096054,13680.264116291888,2081
2025-02-20,6.664783260051531,13869.413964167235,2081
2025-02-21,6.168759418229882,12837.188349336386,2081
2025-02-22,5.867060057750864,12209.351980179548,2081
2025-02-23,6.61468802482348,13765.165779657662,2081
2025-02-24,7.655560240285549,15931.220860034227,2081
2025-02-25,6.711184077419552,13965.974065110087,2081
2025-02-26,6.339826778207531,13193.179525449872,2081
2025-02-27,6.072896160904975,12637.696910843251,2081
2025-02-28,6.296554253099631,13103.12940070033,2081
2025-03-01,7.068176049794617,14708.874359622598,2081
2025-03-02,8.292898213423713,17257.521182134748,2081
2025-03-03,6.839975952400375,14233.98995694518,2081
2025-03-04,5.81950504482795,12110.389998286964,2081
2025-03-05,5.688587468004696,11837.950520917771,2081
2025-03-06,6.73954734619365,14024.998027428985,2081
2025-03-07,8.971521222150308,18669.735663294792,2081
2025-03-08,7.515793340702231,15640.365942001345,2081
2025-03-09,6.096324580583269,12686.451452193782,2081
2025-03-10,5.961904945628917,12406.724191853777,2081
2025-03-11,6.733960674560984,14013.372163761407,2081
2025-03-12,7.345101331813349,15285.15587150358,2081
2025-03-13,7.829176274561026,16292.515827361494,2081
2025-03-14,7.509441185218105,15627.147106438875,2081
2025-03-15,6.8714283604417865,14299.442418079358,2081
2025-03-16,7.404586190661234,15408.943862766027,2081
2025-03-17,7.215530408176663,15015.518779415635,2081
2025-03-18,7.596798033077594,15808.936706834473,2081
2025-03-20,5.993013775341324,12471.461666485297,2081
2025-03-21,6.175639701589176,12851.506219007077,2081
2025-03-22,7.446927338781292,15497.05579200387,2081
2025-03-23,7.328825882751475,15251.28666200582,2081
2025-03-24,6.759529152107262,14066.580165535212,2081
2025-03-25,6.453952606404017,13430.67537392676,2081
2025-03-26,6.061153440156675,12613.26030896604,2081
2025-03-27,6.688435254934486,13918.633765518663,2081
2025-03-28,7.36055109133977,15317.306821078062,2081
2025-03-29,7.406621976161679,15413.180332392454,2081
2025-03-30,7.346113109756181,15287.261381402612,2081
2025-03-31,7.042233829334171,14654.888598844407,2081
2025-04-01,7.402021959087472,15403.607696861029,2081
2025-04-02,7.61180752865229,15840.171467125416,2081
2025-04-03,7.647216024198594,15913.856546357274,2081
2025-04-04,7.138081939481933,14854.348516061902,2081
2025-04-05,6.264035485831664,13035.457846015692,2081
2025-04-06,7.142512736785647,14863.56900525093,2081
2025-04-07,7.495314722670379,15597.74993787706,2081
2025-04-08,7.501140233066608,15609.872825011613,2081
2025-04-09,7.498923667394616,15605.260151848195,2081
2025-04-10,7.516134426104248,15641.07574072294,2081
2025-04-11,6.820837107085583,14194.162019845098,2081
2025-04-12,6.639894539986884,13817.620537712704,2081
2025-04-14,7.247828031077816,15082.730132672936,2081
2025-04-15,6.42631509655993,13373.161715941213,2081
2025-04-16,7.18374130723605,14949.36566035822,2081
2025-04-17,6.585198125948549,13703.79730009893,2081
2025-04-18,7.79907523137665,16229.875556494808,2081
2025-04-19,7.348158454183258,15291.51774315536,2081
2025-04-20,7.170994208652145,14922.838948205112,2081
2025-04-21,5.976334419969697,12436.75192795694,2081
2025-04-22,7.1810807549125695,14943.829050973058,2081
2025-04-23,7.491382950783521,15589.567920580506,2081
2025-04-24,7.86757351599136,16372.42048677802,2081
2025-04-25,7.221433243510644,15027.80257974565,2081
2025-04-26,6.012064109866519,12511.105412632229,2081
2025-04-27,7.460805660920152,15525.936580374835,2081
2025-04-28,6.889875068852445,14337.830018281937,2081
2025-04-29,7.644239976264604,15907.663390606642,2081
2025-04-30,8.717009634481263,18140.097049355507,2081
2025-05-01,7.486609356498444,15579.63407087326,2081
2025-05-02,6.591813711851391,13717.564334362743,2081
2025-05-03,7.741347612468512,16109.744381546974,2081
2025-05-05,7.719684254286783,16064.662933170795,2081
2025-05-06,7.028743140431678,14626.814475238323,2081
2025-05-07,6.37395723690384,13264.205009996893,2081
2025-05-08,7.7055725837372515,16035.29654675722,2081
2025-05-10,8.133101925545661,16924.985107060522,2081
2025-05-11,6.753769045488901,14054.593383662404,2081
2025-05-12,6.413071236595984,13345.601243356245,2081
2025-05-13,6.831959933741354,14217.308622115755,2081
2025-05-14,4.944541938586253,10289.591774197994,2081
2025-05-15,7.419581363374588,15440.14881718252,2081
2025-05-16,6.786807593838152,14123.346602777194,2081
2025-05-17,6.732167936836453,14009.64147655666,2081
2025-05-19,7.104189202654883,14783.817730724812,2081
2025-05-21,7.684905995691356,15992.28937703371,2081
2025-05-24,6.046649402205271,12583.07740598917,2081
2025-05-25,6.364826868727252,13245.204713821411,2081
2025-05-26,7.632566312466717,15883.370496243238,2081
2025-05-27,6.401533265330939,13321.590725153685,2081
2025-05-28,5.563519591138891,11577.684269160032,2081
2025-05-29,7.446134560830544,15495.406021088362,2081
2025-05-30,5.591516759291341,11635.94637608528,2081
2025-05-31,6.503981178306877,13534.784832056612,2081
2025-06-01,7.398464377720673,15396.20437003672,2081
2025-06-03,7.386317233170585,15370.926162227988,2081
2025-06-04,6.866113016828501,14288.38118802011,2081
2025-06-05,7.964664618136045,16574.46707034111,2081
2025-06-06,8.329142273789929,17332.94507175684,2081
2025-06-07,7.622589208754938,15862.608143419027,2081
2025-06-08,6.474088083240188,13472.577301222833,2081
2025-06-09,6.40891082263348,13336.943421900272,2081
2025-06-10,7.618565805379887,15854.235440995544,2081
2025-06-11,7.644581994246772,15908.375130027533,2081
2025-06-13,7.190650198693221,14963.743063480591,2081
2025-06-15,7.321197931767083,15235.4128960073,2081
2025-06-16,7.849112887641684,16334.003919182343,2081
2025-06-17,7.573465222824886,15760.381128698587,2081
2025-06-18,5.9966883448268975,12479.108445584774,2081
2025-06-20,6.855043695314981,14265.345929950476,2081
2025-06-21,8.03544329395379,16721.757494717836,2081
2025-06-22,6.780086833187045,14109.360699862242,2081
2025-06-23,7.643690635082757,15906.520211607218,2081
2025-06-25,7.583575095668084,15781.419774085283,2081
2025-06-26,7.149303876253804,14877.701366484163,2081
2025-06-27,7.872562554401311,16382.802675709128,2081
2025-06-28,6.471800384628606,13467.81660041213,2081
2025-06-29,5.472299326818073,11387.85489910841,2081
2025-06-30,5.890309792808591,12257.734678834677,2081
2025-07-01,6.652629881624646,13844.122783660889,2081
2025-07-02,7.235573405144823,15057.228256106377,2081
2025-07-03,7.927644344826319,16497.42788158357,2081
2025-07-08,8.10154059058049,16859.305968998,2081
2025-07-09,6.840577044958586,14235.240830558818,2081
2025-07-10,6.938080926387714,14438.146407812834,2081
2025-07-11,6.098257393044085,12690.47363492474,2081
2025-07-12,6.86480622815218,14285.661760784686,2081
2025-07-13,7.963264332716799,16571.553076383658,2081
2025-07-14,6.9276218701112375,14416.381111701485,2081
2025-07-15,5.852723426920962,12179.517451422522,2081
2025-07-16,5.455471415844232,11352.836016371846,2081
2025-07-17,5.940641206012952,12362.474349712953,2081
2025-07-18,6.895970758410499,14350.515148252249,2081
2025-07-19,7.443495404585687,15489.913936942816,2081
2025-07-20,6.754685210156246,14056.499922335148,2081
2025-07-21,5.816372106771008,12103.870354190469,2081
2025-07-22,5.288689808138628,11005.763490736485,2081
2025-07-23,6.678455536871797,13897.86597223021,2081
2025-07-24,7.360195854395013,15316.56757299602,2081
2025-07-25,6.442678778117692,13407.214537262917,2081
2025-07-26,7.009937073607562,14587.679050177336,2081
2025-07-27,5.536964716689624,11522.423575431108,2081
2025-07-28,7.199236632238381,14981.61143168807,2081
2025-07-29,8.341262571598238,17358.16741149593,2081
2025-07-30,6.807703202401486,14166.830364197493,2081
2025-07-31,6.068029767551255,12627.569946274161,2081
2025-08-01,6.828852975428648,14210.843041867018,2081
2025-08-02,6.756801119594263,14060.90312987566,2081
2025-08-03,7.986145291737908,16619.168352106586,2081
2025-08-04,8.276759561525406,17223.93664753437,2081
2025-08-05,6.617595648418992,13771.216544359922,2081
2025-08-06,6.166715417131567,12832.93478305079,2081
2025-08-07,7.447638521297642,15498.535762820393,2081
2025-08-08,6.939434009998715,14440.962174807326,2081
2025-08-10,6.153346826918942,12805.114746818319,2081
2025-08-11,5.667772601142097,11794.634782976704,2081
2025-08-12,5.898996011320688,12275.810699558351,2081
2025-08-13,6.5719042583327045,13676.132761590357,2081
2025-08-14,7.829044091892516,16292.240755228326,2081
2025-08-15,6.667916891481486,13875.935051172972,2081
2025-08-16,7.505123132283959,15618.161238282919,2081
2025-08-17,5.901232459787807,12280.464748818427,2081
2025-08-18,6.4907280037833885,13507.204975873232,2081
2025-08-19,7.6951949350152775,16013.700659766793,2081
2025-08-20,7.352801972100622,15301.180903941393,2081
2025-08-21,6.779935112900599,14109.044969946146,2081
2025-08-22,6.008393101204422,12503.4660436064,2081
2025-08-23,6.707665298791071,13958.65148678422,2081
2025-08-24,6.7302438360081736,14005.637422733009,2081
2025-08-25,7.153601183663876,14886.644063204527,2081
2025-08-26,6.533328708936136,13595.857043296099,2081
2025-08-27,5.1673503743018285,10753.256128922105,2081
2025-08-28,6.518254091351838,13564.486764103174,2081
2025-08-29,7.1004129331854315,14775.959313958883,2081
2025-08-30,7.335268428009442,15264.693598687649,2081
2025-08-31,6.91043449091201,14380.614175587893,2081
2025-09-01,6.32641930091931,13165.278565213084,2081
2025-09-02,5.996112313616532,12477.909724636003,2081
2025-09-03,6.429172882547531,13379.108768581413,2081
2025-09-04,7.319830501045725,15232.567272676155,2081
2025-09-05,6.857582423193827,14270.629022666355,2081
2025-09-06,6.857729834141474,14270.935784848407,2081
2025-09-07,5.743919239981066,11953.095938400598,2081
2025-09-08,5.415601403735635,11269.866521173855,2081
2025-09-09,7.058924685073242,14689.622269637417,2081
2025-09-10,7.362755070054024,15321.893300782423,2081
2025-09-11,6.525588716204417,13579.75011842139,2081
2025-09-12,6.982022941243646,14529.589740728028,2081
2025-09-13,5.758129683402866,11982.667871161364,2081
2025-09-14,6.5815710670268635,13696.249390482903,2081
2025-09-15,7.830325548098714,16294.907465593424,2081
2025-09-16,6.638804530335527,13815.352227628231,2081
2025-09-17,6.031553264637512,12551.662343710661,2081
2025-09-18,6.9070674604819065,14373.607385262847,2081
2025-09-19,6.4297040276147035,13380.214081466198,2081
2025-09-20,8.644513017093832,17989.231588572264,2081
2025-09-21,7.273674488568868,15136.516610711813,2081
2025-09-22,5.934044639360212,12348.7468945086,2081
2025-09-23,6.641324484179307,13820.596251577139,2081
2025-09-24,5.106554695558571,10626.740321457386,2081
2025-09-25,6.740828435590553,14027.66397446394,2081
2025-09-26,8.323766310675564,17321.75769251585,2081
2025-09-27,6.525478261142095,13579.5202614367,2081
2025-09-28,5.484511510575981,11413.268453508615,2081
2025-09-29,6.9511064658337975,14465.252555400133,2081
2025-09-30,6.7106708098007815,13964.905955195427,2081
2025-10-01,8.239652230787856,17146.716292269528,2081
2025-10-02,7.1219123715122175,14820.699645116925,2081
2025-10-03,5.928892236689874,12338.024744551629,2081
2025-10-04,6.228350004775594,12961.19635993801,2081
2025-10-05,5.8968639307901425,12271.373839974287,2081
2025-10-06,6.732989310160482,14011.350754443964,2081
2025-10-07,6.665418963130395,13870.736862274352,2081
2025-10-08,6.95661607530489,14476.718052709475,2081
2025-10-09,5.612076217642334,11678.730608913698,2081
2025-10-10,7.030862687994287,14631.225253716111,2081
2025-10-11,7.021741369437535,14612.243789799511,2081
2025-10-12,6.9360341485536035,14433.88706314005,2081
2025-10-13,6.038192759664056,12565.479132860899,2081
2025-10-14,7.022433580178186,14613.684280350804,2081
2025-10-15,5.926836158523532,12333.74604588747,2081
2025-10-16,6.89049396822511,14339.117947876453,2081
2025-10-17,8.635120468931108,17969.685695845634,2081
2025-10-18,7.300981442331695,15193.342381492257,2081
2025-10-19,7.285761747629181,15161.670196816325,2081
2025-10-28,8.368645674402698,17415.151648432016,2081
2025-10-29,6.597506851988993,13729.411758989096,2081
2025-10-30,7.364556598203621,15325.642280861735,2081
2025-10-31,5.559050510840196,11568.384113058448,2081
2025-11-01,7.247247041095226,15081.521092519164,2081
2025-11-02,7.696889617494211,16017.227294005454,2081
2025-11-03,7.161141821898427,14902.336131370626,2081
2025-11-04,5.999110435354732,12484.148815973196,2081
2025-11-05,6.041522722741198,12572.408786024433,2081
2025-11-06,6.426916577496157,13374.413397769502,2081
2025-11-07,7.259042969759391,15106.068420069292,2081
2025-11-08,7.258946990713312,15105.868687674403,2081
2025-11-09,6.357595882007511,13230.15703045763,2081
2025-11-10,6.639384702929277,13816.559566795826,2081
2025-11-13,7.871191476863316,16379.949463352561,2081
2025-11-14,6.4120762542226695,13343.530685037374,2081
2025-11-15,6.017712095862453,12522.858871489763,2081
2025-11-16,6.812045807064525,14175.867324501276,2081
2025-11-17,7.144129768307538,14866.934047847986,2081
2025-11-18,8.08334632160152,16821.44369525276,2081
2025-11-19,6.883182190781113,14323.902139015496,2081
2025-11-20,7.212279194771728,15008.753004319966,2081
2025-11-22,6.567607576731934,13667.191367179155,2081
2025-11-23,8.204114147004121,17072.761539915577,2081
2025-11-24,7.699973025702474,16023.643866486847,2081
2025-11-27,7.508054914843544,15624.262277789414,2081
2025-11-28,7.354925202877976,15305.599347189069,2081
2025-11-29,9.125750757624958,18990.68732661754,2081
2025-11-30,6.974612799631982,14514.169236034155,2081
2025-12-01,7.606093954523275,15828.281519362936,2081
2025-12-02,6.519411004350262,13566.894300052896,2081
2025-12-03,8.16271612170595,16986.61224927008,2081
2025-12-05,7.313124371657729,15218.611817419733,2081
2025-12-06,7.377276663562387,15352.112736873329,2081
2025-12-07,6.502389015693186,13531.47154165752,2081
2025-12-08,7.2269001145063285,15039.179138287669,2081
2025-12-09,7.86076565794687,16358.253334187437,2081
2025-12-10,7.9098015911384865,16460.29711115919,2081
2025-12-11,6.710552446075153,13964.659640282393,2081
2025-12-12,6.455615268601529,13434.135373959783,2081
2025-12-13,6.8578316624464755,14271.147689551115,2081
2025-12-14,6.366069964199886,13247.791595499963,2081
2025-12-15,8.183226989047823,17029.29536420852,2081
2025-12-16,6.860835812746018,14277.399326324463,2081
2025-12-17,5.717344259742087,11897.793404523283,2081
2025-12-18,6.339623282057112,13192.756049960852,2081
2025-12-19,6.3319332166783,13176.753023907542,2081
2025-12-20,8.981693492463894,18690.904157817364,2081
2025-12-21,7.690195865872737,16003.297596881166,2081
2025-12-22,6.38407015402348,13285.249990522861,2081
2025-12-23,5.745371836365157,11956.118791475892,2081
2025-12-24,6.63092150851719,13798.947659224272,2081
2025-12-25,7.450082104719803,15503.62085992191,2081
2025-12-26,8.215667879757602,17096.80485777557,2081
2025-12-27,6.789997325956835,14129.984435316175,2081
2025-12-28,6.8290937281053035,14211.344048187137,2081
2025-12-29,7.77727966091127,16184.518974356353,2081
2025-12-30,7.340586763711316,15275.761055283248,2081
2025-12-31,7.481591911413177,15569.19276765082,2081
2026-01-01,7.675164208631759,15972.01671816269,2081
2026-01-02,7.768288129566489,16165.807597627863,2081
2026-01-03,5.911805386197567,12302.467008677137,2081
2026-01-04,6.9907665580249505,14547.785207249923,2081
2026-01-05,7.830734667126172,16295.758842289564,2081
2026-01-06,7.493806324451213,15594.610961182974,2081
2026-01-07,7.735380255731323,16097.326312176883,2081
2026-01-08,6.642869169209806,13823.810741125606,2081
2026-01-09,6.765882819280872,14079.802146923495,2081
2026-01-10,7.761832431350118,16152.373289639596,2081
2026-01-11,7.843777446134454,16322.900865405798,2081
2026-01-12,6.270892075467488,13049.726409047842,2081
2026-01-15,6.601095801145949,13736.880362184718,2081
2026-01-16,8.345390970716213,17366.75861006044,2081
2026-01-17,6.708528545600529,13960.4479033947,2081
2026-01-18,5.569914462832498,11590.99199715443,2081
2026-01-19,5.071682350694818,10554.170971795917,2081
2026-01-20,6.834621756663837,14222.847875617445,2081
2026-01-21,8.464790985242413,17615.23004028946,2081
2026-01-22,7.287863745118265,15166.044453591108,2081
2026-01-23,5.957939321951245,12398.471728980541,2081
2026-01-24,5.89004875703794,12257.191463395953,2081
2026-01-25,6.07433583959042,12640.692882187665,2081
2026-01-26,8.071427073705841,16796.639740381856,2081
2026-01-27,7.597517012910723,15810.432903867215,2081
2026-01-28,6.595897554806606,13726.062811552547,2081
2026-01-29,6.1080882004237855,12710.931545081898,2081
2026-01-30,7.501651912701174,15610.937630331144,2081
2026-01-31,7.505873751996201,15619.723277904093,2081
2026-02-01,6.921499998666971,14403.641497225966,2081
2026-02-02,6.771614156007106,14091.729058650788,2081
2026-02-03,6.24905560548343,13004.284715011017,2081
2026-02-04,5.908237226997996,12295.04166938283,2081
2026-02-05,6.843518386720038,14241.361762764398,2081
2026-02-06,8.42314348388499,17528.561589964665,2081
2026-02-07,6.537184336343991,13603.880603931844,2081
2026-02-08,7.34249445753318,15279.730966126546,2081
2026-02-09,6.031351790125699,12551.24307525158,2081
2026-02-10,6.288171519840862,13085.684932788834,2081
2026-02-11,8.05366765126024,16759.682382272556,2081
2026-02-12,8.003563740533714,16655.416144050658,2081
2026-02-13,6.808970405878155,14169.46741463244,2081
2026-02-14,6.124750271153129,12745.605314269662,2081
2026-02-15,6.63148260499668,13800.115300998092,2081
2026-02-16,7.035781960848474,14641.462260525674,2081
2026-02-17,7.3320844142381345,15258.067666029558,2081
2026-02-18,6.164004268832701,12827.292883440852,2081
2026-02-19,5.6993602104109105,11860.368597865105,2081
2026-02-20,6.5874809666658924,13708.547891631722,2081
2026-02-21,7.089149138894235,14752.519358038902,2081
2026-02-22,8.48354533396067,17654.257839972153,2081
2026-02-23,7.232595157556697,15051.030522875488,2081
2026-02-24,6.2553500480903335,13017.383450075984,2081
2026-02-25,6.19967688278531,12901.52759307623,2081
2026-02-26,6.752039612155875,14050.994432896376,2081
2026-02-27,7.18143589934853,14944.568106544291,2081
2026-02-28,7.397325716397185,15393.834815822542,2081
2026-03-01,6.780404570146836,14110.021910475567,2081
2026-03-02,6.666879244954296,13873.77570874989,2081
2026-03-03,6.785573878719801,14120.779241615906,2081
2026-03-04,6.748204961243448,14043.014524347614,2081
2026-03-05,7.179356495149395,14940.24086640589,2081
2026-03-06,7.326309799038121,15246.05069179833,2081
2026-03-07,6.342485975640603,13198.713315308094,2081
2026-03-08,6.546252160944879,13622.750746926293,2081
2026-03-09,6.5860484351736535,13705.566793596372,2081
2026-03-13,6.397537383679184,13313.275295436382,2081
2026-03-14,6.971044842638917,14506.744317531586,2081
2026-03-15,5.030999150587911,10469.509232373443,2081
2026-03-16,6.84676117774731,14248.110010892153,2081
2026-03-17,6.582098183151852,13697.346319139004,2081
2026-03-18,6.438690214711906,13398.914336815476,2081
2026-03-19,6.413436399077292,13346.361146479845,2081
2026-03-20,7.34770501285777,15290.574131757021,2081
2026-03-21,7.1194431387552175,14815.561171749607,2081
2026-03-22,6.49675580682318,13519.748833999038,2081
2026-03-23,7.347597107205295,15290.349580094218,2081
2026-03-24,6.35098771975053,13216.405444800854,2081
2026-03-25,7.323739818845558,15240.702563017607,2081
2026-03-26,7.564530409754382,15741.78778269887,2081
2026-03-27,7.331930860239746,15257.74812015891,2081
2026-03-28,6.396053292376161,13310.18690143479,2081
2026-03-30,7.251754571392359,15090.901263067499,2081
2026-04-01,7.021318809719262,14611.364443025785,2081
2026-04-02,6.665551774087418,13871.013241875917,2081
2026-04-03,6.326770176170085,13166.008736609947,2081
2026-04-04,6.504035011862961,13534.896859686822,2081
2026-04-06,7.207440244579927,14998.683148970827,2081
2026-04-07,5.731708261705326,11927.684892608784,2081
2026-04-08,7.296231710054392,15183.45818862319,2081
2026-04-09,7.30818751822407,15208.33822542429,2081
2026-04-10,6.769576136056819,14087.48793913424,2081
2026-04-11,7.625250376213176,15868.146032899618,2081
2026-04-12,7.358921107300367,15313.914824292064,2081
2026-04-13,6.281107130373171,13070.98393830657,2081
2026-04-14,6.620428431655626,13777.111566275358,2081
2026-04-15,7.26478529778425,15118.018204689026,2081
2026-04-16,6.828501911317426,14210.112477451563,2081
2026-04-17,7.2673135786632805,15123.279557198286,2081
2026-04-19,7.2595521811680515,15107.128089010715,2081
2026-04-20,6.649184126369315,13836.952166974545,2081
2026-04-21,7.130939546440841,14839.485196143389,2081
2026-04-22,8.799289080026572,18311.320575535297,2081
2026-04-23,7.562950675330558,15738.500355362892,2081
2026-04-24,6.307256975379029,13125.40176576376,2081
2026-04-25,6.328309564092651,13169.212202876806,2081
2026-04-26,7.245809245922642,15078.529040765017,2081
2026-04-27,7.428994416374246,15459.737380474806,2081
2026-05-01,6.551259522792735,13633.171066931682,2081
2026-05-02,7.1771985568533125,14935.750196811743,2081
2026-05-03,7.037177453136205,14644.366279976442,2081
2026-05-04,6.8244020753441195,14201.580718791112,2081
2026-05-05,6.919772339094178,14400.046237654984,2081
2026-05-06,6.933657300159521,14428.940841631964,2081
